-0.00,-0.00,-0.00,-0.00,-0.00
1.48,1.48,-0.00,-0.00,1.44
13.97,13.97,0.00,0.03,13.97
22.48,22.48,4.32,6.74,22.68
38.78,38.78,15.24,14.93,38.58
58.65,58.65,32.81,31.82,62.61
60.23,60.23,47.51,55.84,65.99
60.51,60.51,50.48,48.93,63.45
60.34,60.34,49.36,53.24,74.72
52.28,52.28,44.01,52.97,59.97
62.43,62.43,37.57,50.54,70.40
52.74,52.74,32.51,57.18,50.83
49.43,49.43,40.85,57.15,53.92
46.73,46.73,31.93,61.72,45.49
46.64,46.64,27.58,58.27,53.09
46.37,46.37,38.82,61.33,54.38
44.05,44.05,32.38,64.43,54.92
45.44,45.44,33.37,61.01,57.25
39.21,39.21,28.07,64.54,53.65
32.23,32.23,22.77,61.99,54.47
23.96,23.96,16.84,64.33,53.51
14.12,14.12,16.74,56.51,57.23
12.23,12.23,19.91,69.21,69.35
14.05,14.05,19.42,61.21,71.36
17.03,17.03,19.36,48.62,70.52
17.83,17.83,25.00,45.21,70.21
15.06,15.06,26.94,39.86,69.01
13.06,13.06,26.52,41.23,69.19
16.11,16.11,31.84,44.17,69.70
16.29,16.29,34.61,36.83,69.03
15.57,15.57,35.30,32.95,69.54
15.13,15.13,37.33,31.31,69.43
14.25,14.25,36.01,29.93,69.10
16.16,16.16,38.31,29.89,69.30
15.81,15.81,36.90,24.18,69.29
15.63,15.63,36.12,29.56,69.15
13.99,13.99,32.89,27.43,69.63
13.51,13.51,41.95,36.47,69.64
13.10,13.10,39.76,33.30,71.48
14.70,14.70,35.64,29.34,73.07
14.97,14.97,30.46,22.86,74.13
12.11,12.11,27.34,31.34,75.56
10.52,10.52,31.02,40.12,76.38
9.42,9.42,32.73,37.84,75.68
8.63,8.63,32.46,55.25,74.29
8.95,8.95,15.38,60.72,73.08
9.30,9.30,8.02,61.96,73.85
10.76,10.76,4.28,57.03,73.04
10.47,10.47,4.05,54.24,75.67
12.53,12.53,8.33,58.74,75.11
14.23,14.23,11.47,65.48,70.52
10.25,10.25,13.09,69.90,64.76
11.62,11.62,16.09,71.55,64.53
12.92,12.92,16.20,68.75,64.14
13.89,13.89,14.06,73.35,64.60
16.83,16.83,15.17,73.27,64.98
16.86,16.86,15.89,72.09,65.34
16.87,16.87,18.76,71.07,67.33
14.19,14.19,20.96,72.92,66.98
15.82,15.82,24.11,71.19,69.40
17.29,17.29,26.97,69.50,69.47
18.27,18.27,27.20,69.38,71.50
19.19,19.19,23.46,69.04,70.66
21.56,21.56,24.59,66.61,75.38
21.49,21.49,27.29,61.67,74.78
17.54,17.54,31.75,62.06,72.87
12.98,12.98,33.60,69.70,69.46
12.47,12.47,39.68,72.56,68.76
11.43,11.43,35.39,72.25,69.54
8.39,8.39,37.66,72.36,68.91
9.51,9.51,34.84,72.91,68.88
11.50,11.50,36.02,73.18,69.35
12.59,12.59,35.29,72.91,67.53
13.56,13.56,35.50,72.57,67.53
13.26,13.26,34.22,72.52,68.83
11.59,11.59,34.09,71.84,69.18
12.08,12.08,39.68,71.10,69.54
13.89,13.89,39.18,70.60,70.45
13.19,13.19,36.13,70.17,70.56
13.80,13.80,33.51,67.85,70.36
14.20,14.20,33.03,64.46,69.99
13.51,13.51,28.47,66.58,70.53
14.98,14.98,28.55,68.85,68.58
17.05,17.05,27.36,69.77,69.91
19.24,19.24,25.13,71.92,67.36
16.59,16.59,25.79,71.13,69.20
18.05,18.05,27.75,72.15,68.61
17.72,17.72,30.21,71.79,67.33
18.40,18.40,29.49,71.05,64.88
18.85,18.85,33.18,71.03,69.85
15.04,15.04,32.71,71.41,68.09
16.26,16.26,34.72,70.74,70.37
17.88,17.88,39.52,71.72,70.05
16.41,16.41,39.17,65.06,70.95
15.15,15.15,30.59,72.96,67.98
16.48,16.48,31.62,72.70,68.90
16.92,16.92,32.52,72.89,69.06
17.42,17.42,33.11,73.20,68.99
15.25,15.25,32.29,73.60,68.48
14.27,14.27,31.79,73.10,69.20
15.33,15.33,31.55,72.32,69.40
15.49,15.49,33.14,72.26,68.98
14.58,14.58,32.33,71.83,69.10
14.38,14.38,31.94,72.31,70.03
13.89,13.89,30.67,72.13,69.53
13.60,13.60,28.28,72.44,69.51
12.90,12.90,29.42,73.26,69.33
13.60,13.60,29.72,72.63,69.11
18.04,18.04,34.24,72.88,68.69
16.44,16.44,44.45,72.67,68.40
15.40,15.40,62.25,74.79,65.74
13.76,13.76,70.04,70.74,62.80
12.92,12.92,81.55,75.08,65.26
11.19,11.19,82.73,83.69,63.82
8.83,8.83,83.87,84.78,61.89
8.49,8.49,70.49,84.37,61.55
7.56,7.56,73.46,83.29,65.16
7.49,7.49,50.66,82.59,65.97
10.63,10.63,51.02,83.24,66.40
11.21,11.21,51.09,84.65,65.19
11.75,11.75,44.43,84.26,64.59
11.80,11.80,39.98,83.10,66.07
12.22,12.22,34.77,82.85,65.34
13.34,13.34,30.27,83.15,66.79
14.24,14.24,32.95,83.15,66.79
12.07,12.07,29.91,80.89,65.75
15.46,15.46,32.10,77.63,69.77
16.39,16.39,27.65,72.74,67.69
20.99,20.99,27.23,67.59,70.66
21.44,21.44,29.78,63.84,69.81
20.20,20.20,35.94,62.06,72.75
19.32,19.32,51.79,61.31,69.16
18.23,18.23,63.95,70.15,71.18
20.22,20.22,70.33,73.03,74.48
11.76,11.76,79.58,77.43,74.50
9.90,9.90,78.46,81.06,76.56
9.45,9.45,68.73,82.47,75.07
7.03,7.03,63.97,80.65,75.62
4.94,4.94,61.17,79.75,75.48
4.59,4.59,54.63,81.11,73.16
2.74,2.74,50.94,81.27,73.34
5.38,5.38,51.34,79.52,71.58
5.04,5.04,43.10,78.36,66.28
8.01,8.01,40.23,77.47,66.92
12.24,12.24,48.89,76.17,67.72
11.85,11.85,50.45,74.30,69.51
10.49,10.49,39.60,69.55,66.34
16.57,16.57,37.23,63.72,67.67
19.01,19.01,33.19,54.55,68.33
21.80,21.80,34.68,64.30,67.98
22.50,22.50,29.51,71.50,69.54
21.85,21.85,34.93,71.96,67.84
21.88,21.88,36.14,72.44,69.63
18.94,18.94,45.95,73.29,67.69
18.24,18.24,55.55,72.90,68.54
19.57,19.57,59.91,74.47,68.71
20.58,20.58,46.76,72.35,68.69
21.66,21.66,58.20,73.99,67.92
21.82,21.82,62.47,73.00,69.18
20.95,20.95,65.31,72.86,69.21
19.82,19.82,65.23,72.72,68.33
21.28,21.28,63.31,72.72,69.39
22.20,22.20,61.26,72.62,68.97
20.09,20.09,55.43,72.54,69.06
19.04,19.04,51.07,73.31,68.46
17.64,17.64,38.13,72.25,68.90
20.60,20.60,29.87,70.46,69.01
21.94,21.94,22.60,72.86,68.82
22.46,22.46,19.60,72.20,66.79
21.35,21.35,21.05,71.74,67.84
17.06,17.06,21.57,72.57,67.80
15.91,15.91,28.12,73.27,70.64
19.18,19.18,42.53,73.77,77.27
14.35,14.35,29.58,73.43,73.73
8.89,8.89,32.54,72.61,75.94
8.03,8.03,31.18,72.25,75.16
9.05,9.05,21.03,71.32,73.98
20.99,20.99,36.78,71.18,74.00
14.09,14.09,24.67,73.76,73.76
14.27,14.27,26.35,72.77,71.50
13.35,13.35,39.39,73.15,71.94
13.24,13.24,53.48,72.68,74.31
7.89,7.89,46.10,72.60,74.36
9.46,9.46,34.34,72.28,71.58
11.91,11.91,29.57,73.12,70.74
13.43,13.43,29.90,72.95,70.35
23.54,23.54,40.87,67.46,72.07
20.60,20.60,34.91,70.98,74.67
19.22,19.22,32.14,71.20,74.91
20.75,20.75,36.11,70.22,73.50
13.98,13.98,43.63,70.75,71.77
11.51,11.51,47.54,70.40,74.16
9.85,9.85,41.40,70.25,71.00
12.12,12.12,43.72,71.67,70.90
12.13,12.13,51.60,71.82,70.36
13.08,13.08,57.74,71.88,72.02
14.53,14.53,57.36,73.71,72.43
16.34,16.34,50.87,71.43,72.35
15.05,15.05,45.16,72.22,71.57
12.82,12.82,45.96,73.69,72.36
13.21,13.21,51.61,73.59,69.39
15.04,15.04,52.88,72.95,71.85
13.60,13.60,54.02,73.06,71.05
17.58,17.58,48.72,73.11,71.14
18.07,18.07,42.78,72.63,69.89
18.00,18.00,30.81,73.24,71.35
20.55,20.55,31.61,73.34,71.28
16.46,16.46,29.52,73.15,70.56
16.36,16.36,30.77,72.82,71.48
15.76,15.76,26.06,72.23,69.14
15.19,15.19,25.99,72.92,71.37
15.54,15.54,24.34,72.91,69.92
17.78,17.78,24.78,74.61,69.10
18.99,18.99,25.84,67.39,70.11
15.35,15.35,23.92,73.77,69.55
16.00,16.00,23.24,71.23,70.62
17.99,17.99,23.47,72.44,69.95
14.79,14.79,25.25,72.98,69.90
17.57,17.57,24.12,73.46,69.26
21.39,21.39,26.28,73.39,67.96
21.23,21.23,24.66,72.74,68.30
21.05,21.05,25.89,72.26,68.17
18.47,18.47,26.71,71.83,68.48
15.79,15.79,25.31,71.60,69.38
16.84,16.84,24.88,74.12,70.07
18.00,18.00,25.95,73.26,70.95
21.17,21.17,27.84,72.92,69.75
21.78,21.78,29.30,72.70,69.77
20.99,20.99,29.01,73.14,69.82
19.98,19.98,28.84,72.97,69.94
17.29,17.29,27.22,73.64,69.60
18.42,18.42,29.45,74.29,69.81
20.39,20.39,31.47,71.24,70.02
19.62,19.62,30.81,70.03,68.57
21.33,21.33,32.02,70.10,71.75
18.88,18.88,32.94,70.67,69.72
20.37,20.37,35.47,71.08,70.91
19.99,19.99,35.48,71.75,72.55
18.20,18.20,31.76,71.69,69.02
15.51,15.51,31.75,73.29,68.32
13.52,13.52,29.62,73.06,68.26
16.43,16.43,33.85,72.48,69.91
16.17,16.17,33.35,72.08,67.91
15.57,15.57,34.80,73.22,69.12
15.72,15.72,39.06,73.52,68.37
15.35,15.35,38.86,72.50,68.56
16.67,16.67,36.98,73.98,70.04
17.02,17.02,37.96,74.10,69.09
17.37,17.37,39.95,73.96,69.66
18.40,18.40,40.58,74.62,68.55
18.29,18.29,39.35,74.03,69.47
21.09,21.09,40.78,73.43,69.44
18.34,18.34,38.92,73.71,68.95
16.23,16.23,40.57,73.59,67.94
15.54,15.54,38.75,73.73,68.06
19.09,19.09,38.06,73.04,68.11
19.29,19.29,38.00,73.54,68.25
20.05,20.05,39.51,74.47,69.11
17.82,17.82,37.79,73.98,67.66
15.46,15.46,41.97,70.75,67.65
15.54,15.54,38.40,73.78,63.12
13.93,13.93,35.42,69.94,65.99
12.84,12.84,33.16,70.75,67.53
14.05,14.05,31.63,73.61,67.44
13.78,13.78,30.93,73.09,68.62
17.84,17.84,31.49,74.13,68.52
19.41,19.41,31.02,73.83,68.97
16.59,16.59,32.44,73.99,67.77
17.19,17.19,33.47,73.97,67.90
16.94,16.94,33.26,73.48,67.02
18.42,18.42,33.63,73.64,67.29
17.59,17.59,32.31,72.85,67.33
17.81,17.81,31.50,73.50,67.25
19.71,19.71,32.54,72.85,68.00
18.20,18.20,31.24,73.40,68.21
18.96,18.96,31.68,72.55,68.58
17.24,17.24,31.16,73.88,67.06
19.63,19.63,30.43,73.14,67.98
17.45,17.45,28.35,72.71,67.54
17.84,17.84,28.84,73.35,67.83
17.52,17.52,28.68,72.62,67.22
16.54,16.54,32.27,73.45,66.93
15.99,15.99,37.45,72.88,67.59
15.29,15.29,32.32,71.08,63.10
14.72,14.72,30.13,68.29,64.17
12.19,12.19,31.44,68.13,68.05
14.49,14.49,33.60,73.65,67.42
16.40,16.40,35.27,73.00,67.17
14.25,14.25,33.77,67.75,49.95
16.39,16.39,27.84,49.00,47.42
21.36,21.36,25.04,48.11,43.86
21.95,21.95,22.82,43.89,44.07
21.08,21.08,24.15,41.50,43.58
19.63,19.63,29.86,41.05,46.02
17.69,17.69,35.91,65.38,64.37
17.38,17.38,36.32,72.64,66.04
20.04,20.04,36.05,71.66,67.20
18.47,18.47,35.94,72.74,66.10
18.15,18.15,37.32,72.18,65.99
22.35,22.35,41.10,71.62,60.17
20.63,20.63,31.86,55.93,40.69
20.93,20.93,21.19,51.68,37.63
21.64,21.64,21.32,43.90,38.92
22.56,22.56,22.99,40.93,38.85
20.29,20.29,26.32,38.44,39.63
20.53,20.53,34.42,50.11,53.28
17.51,17.51,37.42,70.70,64.51
15.34,15.34,37.20,70.63,65.56
17.22,17.22,37.22,71.43,65.07
19.69,19.69,38.69,70.49,64.03
26.51,26.51,40.40,71.71,62.50
26.33,26.33,39.40,65.16,51.88
25.28,25.28,25.82,43.39,36.06
25.02,25.02,21.24,38.38,32.79
25.35,25.35,22.11,38.63,36.01
24.72,24.72,25.08,38.27,37.56
26.81,26.81,32.46,38.33,43.27
28.59,28.59,37.26,60.99,60.93
20.20,20.20,34.94,71.49,63.83
25.47,25.47,35.92,70.34,64.55
30.92,30.92,38.27,70.17,63.57
35.94,35.94,41.55,70.70,61.97
34.96,34.96,42.49,69.26,57.39
28.42,28.42,36.21,55.89,40.71
22.90,22.90,25.63,45.73,32.51
22.40,22.40,32.24,58.51,35.18
25.78,25.78,51.64,65.93,42.37
19.95,19.95,59.89,79.66,54.08
15.71,15.71,77.50,71.55,64.80
15.78,15.78,84.04,65.28,69.88
8.68,8.68,87.50,68.75,66.25
5.16,5.16,81.52,80.31,68.31
7.73,7.73,82.14,83.15,68.97
13.19,13.19,77.26,81.02,73.31
17.73,17.73,74.33,78.23,74.75
17.86,17.86,74.15,81.00,75.23
12.79,12.79,68.13,84.38,75.41
10.43,10.43,71.25,84.98,76.13
6.32,6.32,70.61,83.61,75.20
6.93,6.93,72.14,82.58,75.53
10.45,10.45,69.71,82.42,74.93
20.85,20.85,67.86,83.87,75.72
10.07,10.07,68.60,83.27,74.13
8.10,8.10,67.62,83.02,73.24
6.97,6.97,66.20,84.05,74.43
6.96,6.96,66.72,83.67,72.80
6.88,6.88,66.59,81.89,73.18
5.59,5.59,65.41,83.18,73.79
5.57,5.57,65.41,83.57,73.64
3.43,3.43,66.29,84.30,72.27
5.34,5.34,69.06,83.89,70.20
7.66,7.66,71.11,82.76,68.28
7.90,7.90,83.47,78.51,66.96
9.81,9.81,82.89,77.12,67.14
5.75,5.75,75.83,76.69,67.46
8.76,8.76,81.50,78.91,71.45
14.58,14.58,71.05,77.89,73.01
13.68,13.68,69.48,79.66,73.63
14.23,14.23,66.74,81.08,71.66
15.64,15.64,66.09,83.00,73.21
10.51,10.51,65.28,83.42,72.29
10.08,10.08,67.41,83.52,72.63
10.06,10.06,66.29,83.68,72.12
15.60,15.60,67.81,82.70,72.51
19.67,19.67,67.10,82.75,74.17
16.17,16.17,64.50,83.33,72.87
19.11,19.11,63.40,83.52,73.65
21.18,21.18,64.07,83.37,73.12
18.92,18.92,64.91,84.31,71.68
10.83,10.83,65.99,83.89,71.79
10.33,10.33,65.48,83.80,71.97
7.56,7.56,65.66,84.02,72.28
7.62,7.62,65.90,84.52,71.03
16.10,16.10,69.24,83.47,69.51
17.97,17.97,78.04,79.78,67.93
14.80,14.80,81.01,73.30,66.46
7.42,7.42,80.99,77.10,64.43
5.03,5.03,78.71,76.87,66.45
2.97,2.97,80.33,79.02,65.03
4.36,4.36,74.81,80.08,67.30
6.05,6.05,72.31,81.23,66.84
8.71,8.71,68.70,81.44,66.07
11.38,11.38,67.13,81.86,67.08
11.30,11.30,63.97,82.96,68.84
9.86,9.86,61.80,83.17,66.28
6.63,6.63,64.69,83.46,67.96
11.02,11.02,65.84,83.74,68.12
12.08,12.08,64.80,82.85,68.83
11.16,11.16,64.64,83.69,69.60
6.09,6.09,62.76,84.86,68.66
4.98,4.98,60.78,84.44,68.21
6.99,6.99,60.65,84.72,69.60
7.68,7.68,59.32,82.69,68.94
7.14,7.14,58.92,83.86,70.04
7.90,7.90,57.96,84.15,68.47
6.95,6.95,59.88,82.04,68.83
7.75,7.75,63.30,83.62,66.32
8.95,8.95,70.19,81.53,67.71
8.80,8.80,80.97,79.16,65.04
9.78,9.78,80.94,75.21,69.32
7.71,7.71,83.54,63.95,67.81
12.47,12.47,78.69,69.65,70.15
15.55,15.55,78.36,78.56,69.79
16.26,16.26,65.38,77.71,72.69
13.47,13.47,66.28,78.68,72.75
13.19,13.19,65.74,79.89,71.22
11.66,11.66,64.46,80.22,73.77
13.37,13.37,65.50,79.03,72.87
12.93,12.93,64.65,78.81,72.05
14.49,14.49,65.77,80.49,72.34
14.49,14.49,66.66,80.41,72.66
13.57,13.57,64.54,79.36,71.81
11.71,11.71,64.00,79.88,72.96
9.13,9.13,63.05,80.95,71.45
7.77,7.77,63.47,80.90,71.85
8.06,8.06,63.05,79.38,70.88
5.22,5.22,62.02,80.03,71.93
4.44,4.44,63.63,81.13,71.39
3.17,3.17,62.99,80.78,70.87
2.03,2.03,63.74,79.83,71.42
5.66,5.66,64.15,80.27,71.59
16.02,16.02,66.12,81.52,69.92
17.76,17.76,69.92,80.29,71.18
17.06,17.06,68.00,78.88,70.57
14.96,14.96,65.68,79.79,71.67
16.26,16.26,64.16,81.14,70.71
15.54,15.54,61.59,79.80,70.41
15.27,15.27,62.00,79.68,70.25
21.14,21.14,60.78,79.98,69.92
21.67,21.67,60.62,81.44,70.50
15.86,15.86,61.20,80.53,71.25
12.95,12.95,61.28,79.63,70.31
15.63,15.63,62.29,80.15,70.35
19.15,19.15,62.45,81.43,70.53
18.30,18.30,60.67,80.38,70.16
14.16,14.16,58.26,79.50,69.41
12.80,12.80,59.91,80.22,69.08
13.34,13.34,58.73,81.41,69.72
14.06,14.06,58.63,80.27,69.92
16.98,16.98,57.53,79.62,70.13
16.08,16.08,56.68,79.87,67.81
13.18,13.18,56.37,80.92,67.75
10.80,10.80,57.74,80.49,68.00
10.39,10.39,59.06,79.47,69.29
14.38,14.38,62.56,79.83,72.01
15.64,15.64,60.17,80.75,69.50
14.15,14.15,58.19,80.23,70.64
16.25,16.25,55.89,79.69,70.08
15.05,15.05,55.04,79.70,70.45
15.04,15.04,53.84,80.84,70.27
15.52,15.52,53.27,79.84,70.70
17.18,17.18,52.25,79.29,71.35
16.73,16.73,51.93,80.03,70.71
15.28,15.28,56.27,81.11,70.47
12.29,12.29,54.97,79.71,70.20
15.57,15.57,58.56,78.90,71.30
17.88,17.88,60.54,79.61,70.28
16.77,16.77,57.10,80.51,68.14
17.00,17.00,54.18,79.61,69.09
17.93,17.93,51.96,79.06,67.56
18.85,18.85,52.14,79.77,68.97
19.48,19.48,51.00,81.07,68.56
19.99,19.99,50.04,80.14,68.68
19.01,19.01,50.77,78.94,67.53
16.24,16.24,52.66,78.94,67.35
11.25,11.25,58.24,80.76,64.42
6.23,6.23,65.79,79.19,64.12
6.92,6.92,77.32,67.65,63.71
10.01,10.01,77.36,73.61,59.84
8.00,8.00,76.97,70.71,60.53
8.25,8.25,77.17,73.44,63.73
10.68,10.68,76.61,74.51,63.86
12.22,12.22,69.72,75.07,64.36
9.65,9.65,69.22,78.80,63.95
10.90,10.90,66.97,78.96,67.38
14.56,14.56,58.78,78.03,68.10
13.36,13.36,55.40,78.45,68.57
11.33,11.33,57.34,79.77,68.45
12.84,12.84,58.86,79.92,69.77
13.45,13.45,60.73,78.75,70.19
14.18,14.18,56.79,78.92,68.62
15.00,15.00,54.31,79.96,68.52
16.64,16.64,51.28,79.71,69.26
17.33,17.33,48.55,78.88,69.11
18.95,18.95,47.49,78.73,68.56
20.05,20.05,47.19,80.02,68.54
19.33,19.33,45.94,80.26,68.21
18.90,18.90,46.54,79.14,67.85
16.42,16.42,48.08,79.06,67.42
13.03,13.03,51.63,80.11,68.02
16.37,16.37,58.30,80.06,67.64
17.49,17.49,56.10,78.77,66.95
16.18,16.18,51.31,78.88,69.29
15.79,15.79,47.95,79.78,66.57
17.22,17.22,44.57,78.22,65.60
18.80,18.80,42.77,72.82,66.25
22.01,22.01,42.28,74.26,66.53
20.18,20.18,41.95,64.06,65.15
19.82,19.82,42.11,71.30,66.10
16.49,16.49,43.46,76.65,63.92
13.23,13.23,46.54,80.44,65.44
16.11,16.11,54.91,83.04,64.59
18.33,18.33,58.52,80.44,65.96
21.33,21.33,55.73,82.44,64.74
21.51,21.51,51.67,81.45,64.85
20.63,20.63,45.82,78.93,64.06
19.50,19.50,44.12,83.21,65.31
20.21,20.21,42.99,79.87,64.24
22.13,22.13,42.86,80.79,64.49
21.64,21.64,42.17,81.50,63.90
19.87,19.87,47.93,78.64,62.56
17.91,17.91,59.20,80.86,62.35
16.29,16.29,70.07,80.96,60.13
15.69,15.69,78.03,72.51,60.87
15.06,15.06,78.73,72.86,61.06
12.74,12.74,78.36,67.69,64.47
16.87,16.87,72.12,67.25,66.66
17.18,17.18,69.66,76.58,66.23
17.36,17.36,66.24,80.56,66.69
16.12,16.12,62.21,80.39,67.50
14.87,14.87,62.26,79.99,68.11
15.13,15.13,62.88,79.64,67.12
15.48,15.48,63.41,79.14,67.71
15.51,15.51,62.93,78.56,68.72
15.44,15.44,63.64,79.34,67.56
17.10,17.10,62.71,79.53,68.15
16.35,16.35,62.58,79.73,68.07
14.66,14.66,63.36,79.52,69.65
13.85,13.85,62.52,78.53,68.36
15.24,15.24,61.35,78.74,69.15
14.20,14.20,59.99,79.23,67.20
15.57,15.57,60.50,79.58,68.21
15.87,15.87,60.28,79.72,67.74
15.70,15.70,60.06,79.61,66.72
14.07,14.07,63.95,79.37,65.41
12.63,12.63,68.49,78.00,65.16
12.49,12.49,80.22,72.17,63.79
18.83,18.83,72.58,71.91,64.64
17.00,17.00,76.55,76.65,61.61
13.38,13.38,71.99,77.54,66.35
14.52,14.52,62.15,78.38,66.99
17.13,17.13,64.39,78.91,68.47
14.51,14.51,61.55,78.57,68.53
14.78,14.78,62.29,78.79,68.03
12.69,12.69,62.85,78.85,67.07
10.51,10.51,63.64,77.94,70.25
8.03,8.03,64.19,77.45,67.46
9.93,9.93,65.40,78.40,66.70
13.17,13.17,62.93,78.91,67.36
13.23,13.23,63.07,78.44,68.58
14.37,14.37,62.58,78.91,68.00
13.49,13.49,63.00,78.95,67.12
14.84,14.84,63.10,79.60,67.48
16.52,16.52,63.52,79.33,67.51
15.92,15.92,62.82,79.42,66.00
17.91,17.91,63.13,79.64,65.92
18.67,18.67,62.50,80.10,66.39
15.49,15.49,62.34,79.40,65.09
12.50,12.50,64.33,80.06,64.08
13.93,13.93,67.26,79.42,63.03
10.61,10.61,77.00,75.55,65.78
8.79,8.79,77.88,71.64,61.82
10.81,10.81,75.96,73.55,61.56
10.58,10.58,75.38,75.37,62.41
7.89,7.89,72.96,75.39,61.62
10.85,10.85,67.41,77.67,63.62
12.31,12.31,64.81,78.77,64.58
12.38,12.38,62.99,79.83,66.57
12.28,12.28,62.43,80.15,63.44
10.46,10.46,62.06,80.43,65.25
10.39,10.39,60.56,80.35,66.05
14.40,14.40,62.51,80.54,66.27
15.09,15.09,60.86,79.92,66.52
13.18,13.18,60.77,80.58,66.29
13.09,13.09,58.79,80.92,65.67
13.54,13.54,56.28,80.97,65.79
14.12,14.12,57.13,81.07,66.37
13.62,13.62,57.50,80.20,66.29
12.97,12.97,57.18,79.35,64.98
13.06,13.06,57.03,81.06,65.93
13.45,13.45,58.34,79.95,65.72
13.06,13.06,62.08,78.88,64.05
15.86,15.86,69.16,77.98,62.84
17.02,17.02,80.56,63.93,60.42
19.47,19.47,75.73,64.44,62.71
16.30,16.30,77.88,64.50,64.46
16.21,16.21,67.51,64.68,67.11
15.63,15.63,68.49,68.84,69.21
15.72,15.72,67.46,77.34,68.67
17.24,17.24,65.56,76.98,67.25
13.25,13.25,66.49,78.50,67.95
13.71,13.71,67.16,76.32,69.12
14.27,14.27,67.13,76.84,66.09
14.65,14.65,68.14,77.33,67.40
16.76,16.76,69.01,75.65,68.19
15.20,15.20,68.18,77.25,67.95
13.07,13.07,67.12,75.85,67.49
13.23,13.23,66.25,78.67,68.22
14.43,14.43,67.77,75.58,66.73
17.09,17.09,66.00,77.92,68.83
16.09,16.09,65.35,77.73,67.70
11.19,11.19,66.12,77.49,68.28
10.92,10.92,65.34,77.61,67.02
10.83,10.83,66.92,76.99,66.80
11.00,11.00,66.26,78.06,66.92
15.06,15.06,66.56,76.23,68.19
14.74,14.74,67.24,78.70,66.44
14.21,14.21,67.11,76.49,67.40
14.30,14.30,65.57,78.53,66.34
14.49,14.49,64.68,78.28,65.12
13.44,13.44,62.37,77.34,64.99
12.67,12.67,62.28,78.91,65.33
13.97,13.97,61.57,77.75,67.76
13.72,13.72,60.67,79.04,67.05
16.00,16.00,61.03,77.27,66.26
15.65,15.65,59.86,80.05,67.47
15.46,15.46,60.09,78.50,66.93
20.46,20.46,61.09,78.97,68.51
21.71,21.71,60.08,79.29,67.72
18.51,18.51,59.64,77.50,66.24
15.39,15.39,57.40,80.25,67.01
17.31,17.31,57.02,78.45,65.74
18.43,18.43,57.82,80.21,66.68
17.82,17.82,57.67,78.38,67.02
18.74,18.74,57.76,79.99,66.10
19.80,19.80,56.98,79.20,66.46
20.71,20.71,57.92,79.44,67.63
20.27,20.27,58.84,79.98,67.54
20.69,20.69,60.24,78.36,67.22
22.49,22.49,59.32,79.85,68.52
22.22,22.22,57.65,78.14,66.71
20.04,20.04,55.30,80.03,67.22
22.37,22.37,56.09,78.52,66.54
24.65,24.65,54.54,79.73,68.13
21.66,21.66,55.21,79.76,67.37
22.75,22.75,54.31,78.81,68.82
22.39,22.39,55.16,80.21,67.26
20.84,20.84,56.26,78.32,66.44
19.86,19.86,55.44,80.55,66.99
18.25,18.25,56.17,78.84,66.59
20.44,20.44,58.22,80.18,66.82
20.55,20.55,57.22,78.93,66.37
21.93,21.93,55.96,79.78,66.80
21.88,21.88,53.91,80.42,66.41
21.27,21.27,52.55,78.69,65.67
21.78,21.78,52.04,80.86,66.55
22.22,22.22,52.76,78.89,66.47
21.81,21.81,51.18,80.76,67.93
21.09,21.09,53.09,79.08,66.03
18.78,18.78,54.20,80.42,64.94
14.36,14.36,57.37,79.54,65.35
11.65,11.65,63.46,78.69,64.58
12.06,12.06,72.15,76.76,60.42
14.33,14.33,75.22,68.26,59.92
16.37,16.37,75.95,71.63,57.96
15.79,15.79,75.80,71.10,59.74
18.93,18.93,74.75,74.82,61.06
13.45,13.45,68.56,75.81,63.00
12.12,12.12,67.87,78.39,65.42
13.77,13.77,67.13,78.97,64.80
17.18,17.18,62.40,79.14,67.31
18.25,18.25,57.58,80.44,64.10
18.79,18.79,55.82,78.28,65.96
22.02,22.02,59.44,79.89,65.33
24.33,24.33,59.97,78.93,67.16
24.75,24.75,57.15,80.12,65.77
23.39,23.39,53.46,79.04,65.63
22.13,22.13,51.61,79.97,65.75
22.10,22.10,50.92,80.21,66.17
21.38,21.38,48.38,79.16,64.99
21.07,21.07,48.43,80.63,65.08
22.04,22.04,49.65,78.96,66.45
21.59,21.59,49.78,80.56,64.18
16.66,16.66,49.37,78.92,64.39
14.84,14.84,53.20,80.38,62.26
15.48,15.48,57.89,78.66,65.57
15.13,15.13,56.45,77.54,66.53
16.76,16.76,53.06,74.06,66.68
17.12,17.12,49.63,64.79,65.33
18.45,18.45,47.39,78.10,65.76
21.38,21.38,44.98,69.58,66.20
23.37,23.37,43.61,74.69,68.55
24.59,24.59,45.48,69.57,69.44
22.51,22.51,45.13,70.07,66.69
19.35,19.35,47.71,68.92,67.58
15.59,15.59,49.77,66.23,67.63
15.92,15.92,58.62,68.16,68.62
13.95,13.95,58.80,62.89,68.12
14.81,14.81,54.71,68.09,68.55
15.92,15.92,50.59,64.02,67.51
16.16,16.16,49.00,62.29,66.09
17.84,17.84,47.72,61.45,65.45
17.79,17.79,46.00,61.98,66.50
18.43,18.43,46.28,61.47,67.19
19.13,19.13,46.63,62.88,65.81
15.20,15.20,49.25,63.12,65.43
15.83,15.83,59.81,66.52,64.23
16.57,16.57,68.56,79.21,61.40
16.84,16.84,79.50,74.52,61.70
15.70,15.70,77.30,70.82,59.08
10.52,10.52,74.21,69.60,63.97
12.62,12.62,75.00,75.66,61.11
15.59,15.59,67.38,79.39,60.28
13.04,13.04,63.13,80.76,61.40
13.85,13.85,61.57,80.98,64.78
14.33,14.33,62.05,80.42,65.29
12.48,12.48,62.72,80.22,67.47
11.69,11.69,62.57,79.01,67.52
13.42,13.42,62.75,79.31,66.51
14.50,14.50,63.58,78.70,66.70
15.59,15.59,63.58,79.02,67.33
13.53,13.53,63.82,79.48,67.68
11.73,11.73,62.95,79.65,65.59
12.97,12.97,64.09,79.40,68.06
14.84,14.84,63.27,78.39,65.61
13.35,13.35,62.13,79.05,66.40
12.87,12.87,61.23,79.69,65.93
10.45,10.45,61.09,79.99,67.53
12.28,12.28,62.36,80.01,65.76
11.95,11.95,65.51,78.87,63.85
10.78,10.78,76.55,73.37,63.08
16.23,16.23,76.75,70.93,59.88
20.05,20.05,76.45,71.88,61.41
16.28,16.28,70.54,70.18,65.68
15.23,15.23,67.93,66.61,67.86
12.41,12.41,71.90,69.43,64.54
11.59,11.59,66.05,73.78,65.29
16.19,16.19,65.77,76.13,67.84
14.33,14.33,67.05,78.60,64.71
9.58,9.58,67.29,79.19,65.66
9.57,9.57,66.36,78.71,65.88
10.02,10.02,66.53,79.20,64.60
13.08,13.08,65.84,79.03,65.77
16.34,16.34,65.73,78.53,64.47
14.12,14.12,66.31,79.06,65.31
16.73,16.73,65.51,79.18,64.87
13.91,13.91,66.45,78.79,66.62
13.51,13.51,65.97,78.10,67.15
12.21,12.21,65.09,78.25,66.26
9.10,9.10,65.59,78.29,64.68
9.89,9.89,64.80,78.40,66.81
9.41,9.41,65.25,78.31,65.08
6.69,6.69,63.01,78.37,66.37
7.02,7.02,64.38,78.71,63.46
9.85,9.85,68.14,78.09,62.12
8.64,8.64,74.51,73.82,63.89
8.89,8.89,75.22,70.46,62.17
7.07,7.07,75.26,73.08,61.07
5.19,5.19,75.58,75.42,59.15
7.06,7.06,72.69,76.71,61.56
9.07,9.07,67.83,77.43,61.22
8.19,8.19,68.41,78.99,62.78
7.41,7.41,66.82,79.84,62.71
7.40,7.40,64.53,80.22,62.47
7.59,7.59,63.57,79.69,63.87
10.51,10.51,62.03,79.44,63.40
13.26,13.26,61.86,78.59,64.60
11.48,11.48,59.80,79.34,66.06
11.19,11.19,58.94,80.35,65.51
10.37,10.37,60.62,78.01,66.41
11.94,11.94,59.19,79.00,66.66
11.69,11.69,58.80,79.66,65.78
9.11,9.11,58.18,77.66,65.77
10.69,10.69,58.80,79.95,66.12
12.39,12.39,57.39,77.21,65.24
11.65,11.65,60.56,79.27,64.70
12.57,12.57,64.55,77.46,62.05
17.86,17.86,76.73,74.66,63.49
18.59,18.59,77.03,67.58,61.44
19.91,19.91,72.62,65.53,59.34
16.56,16.56,77.79,73.45,60.07
14.57,14.57,75.09,76.44,62.13
12.60,12.60,65.13,71.12,65.49
13.67,13.67,64.03,73.24,67.35
11.97,11.97,63.27,75.24,66.54
14.48,14.48,62.81,76.77,67.04
14.88,14.88,64.82,77.55,67.46
12.03,12.03,64.21,75.95,67.18
13.11,13.11,63.75,75.44,68.99
14.89,14.89,63.84,76.88,70.64
15.73,15.73,64.79,77.17,68.43
12.60,12.60,63.12,75.83,68.81
16.42,16.42,63.53,76.51,68.32
13.22,13.22,64.24,77.93,68.61
11.57,11.57,64.18,77.65,67.70
12.76,12.76,62.50,76.13,68.88
11.38,11.38,62.43,76.22,67.61
10.07,10.07,62.81,78.39,68.33
12.58,12.58,62.89,77.12,68.21
11.68,11.68,61.74,76.87,68.62
13.15,13.15,62.93,76.92,67.81
15.78,15.78,65.48,77.62,65.84
19.31,19.31,67.14,75.88,66.92
14.23,14.23,67.12,75.96,65.10
14.68,14.68,64.15,76.61,65.17
12.56,12.56,63.32,78.05,65.68
13.83,13.83,61.10,76.74,67.19
12.53,12.53,60.22,76.75,65.64
12.11,12.11,60.24,77.60,65.83
12.32,12.32,60.56,78.77,67.32
11.54,11.54,60.44,77.07,67.76
13.61,13.61,59.62,77.05,66.32
17.70,17.70,61.40,77.66,66.74
18.12,18.12,59.57,78.66,67.04
16.97,16.97,57.52,77.31,66.00
14.03,14.03,57.43,76.93,67.19
13.79,13.79,54.62,77.87,66.46
15.48,15.48,52.95,78.66,65.57
15.59,15.59,54.04,77.43,66.34
16.19,16.19,55.53,77.20,65.48
16.14,16.14,54.07,77.85,65.70
16.07,16.07,54.95,78.78,65.29
13.06,13.06,56.02,77.46,64.86
14.71,14.71,58.94,77.02,65.50
14.87,14.87,57.68,77.91,66.47
12.89,12.89,54.74,78.39,64.98
14.45,14.45,56.08,77.05,66.35
14.92,14.92,53.78,77.19,66.43
17.03,17.03,53.55,78.40,66.13
17.45,17.45,53.00,78.22,68.09
18.11,18.11,52.48,77.27,65.60
20.43,20.43,54.01,77.31,66.85
22.86,22.86,54.40,78.53,65.30
17.40,17.40,54.02,78.22,65.97
18.34,18.34,55.47,77.21,63.77
20.79,20.79,59.81,77.21,65.25
20.52,20.52,55.80,78.64,65.31
17.00,17.00,53.96,78.53,68.29
16.35,16.35,50.60,77.40,66.17
16.76,16.76,49.63,77.31,65.80
17.37,17.37,49.65,78.69,67.72
18.54,18.54,50.73,78.30,67.02
19.38,19.38,49.14,77.24,66.32
16.70,16.70,49.79,77.50,66.88
12.39,12.39,51.23,78.71,66.46
8.31,8.31,54.32,77.83,66.59
8.71,8.71,63.60,76.73,67.12
10.99,10.99,69.14,75.18,63.71
14.36,14.36,76.47,70.43,60.91
20.14,20.14,76.10,73.68,58.65
14.33,14.33,75.48,72.05,58.67
13.76,13.76,74.64,73.41,59.05
13.98,13.98,72.65,74.29,61.15
10.72,10.72,68.34,75.92,63.66
11.66,11.66,65.60,75.56,64.01
13.24,13.24,62.54,76.02,65.44
13.42,13.42,57.65,78.03,64.60
15.29,15.29,59.34,77.52,65.07
16.56,16.56,60.36,76.71,65.16
17.37,17.37,57.42,77.03,65.45
18.81,18.81,55.47,78.87,64.74
18.80,18.80,52.43,78.16,64.35
19.63,19.63,52.49,77.39,64.89
21.96,21.96,50.24,77.54,67.57
21.05,21.05,48.87,78.88,67.69
20.53,20.53,49.47,78.05,67.73
21.04,21.04,48.68,77.26,67.74
18.93,18.93,49.62,77.90,66.39
14.82,14.82,50.27,77.29,66.24
15.85,15.85,56.83,76.71,68.00
12.59,12.59,56.22,74.89,67.42
15.06,15.06,54.66,78.37,67.15
16.22,16.22,50.81,72.79,67.61
16.48,16.48,48.80,71.41,66.90
18.37,18.37,49.66,60.56,67.56
20.47,20.47,50.48,66.94,68.51
19.37,19.37,49.25,62.98,66.64
19.77,19.77,49.70,67.54,66.61
18.96,18.96,49.98,65.33,66.57
15.99,15.99,55.18,63.24,64.03
15.38,15.38,61.53,57.60,61.16
14.45,14.45,76.48,49.77,63.15
12.93,12.93,81.38,47.34,58.91
16.02,16.02,77.54,53.02,61.48
18.37,18.37,70.70,62.55,64.24
19.06,19.06,69.09,68.77,62.10
20.54,20.54,70.64,69.79,63.25
20.91,20.91,66.24,66.38,63.57
21.62,21.62,61.41,63.41,65.50
23.09,23.09,53.77,65.09,64.79
19.95,19.95,50.78,61.62,65.31
16.17,16.17,60.40,78.25,65.17
14.78,14.78,66.12,80.54,60.44
8.75,8.75,79.50,74.69,62.87
10.38,10.38,78.29,68.00,61.05
8.82,8.82,74.70,72.92,60.64
7.43,7.43,71.93,75.35,62.31
8.44,8.44,66.26,77.88,64.39
8.25,8.25,63.88,77.65,65.59
9.03,9.03,63.07,78.55,66.47
9.45,9.45,61.13,79.26,65.50
11.25,11.25,61.95,79.61,65.72
9.18,9.18,61.86,79.67,65.34
11.51,11.51,62.24,79.69,65.03
14.02,14.02,63.68,78.56,65.13
12.67,12.67,62.72,79.21,63.79
11.74,11.74,60.97,79.34,66.36
13.41,13.41,61.35,79.05,66.34
14.22,14.22,60.31,79.58,66.22
12.87,12.87,60.35,79.08,65.99
13.33,13.33,59.31,78.76,65.77
13.04,13.04,59.53,79.73,65.26
12.88,12.88,57.70,79.82,65.96
12.33,12.33,59.26,80.11,63.67
11.66,11.66,62.25,80.33,61.94
14.65,14.65,65.82,79.05,61.09
15.21,15.21,77.52,73.32,58.30
15.11,15.11,71.69,74.41,59.38
13.63,13.63,75.08,76.89,59.36
16.87,16.87,72.16,76.80,63.50
17.35,17.35,67.07,78.09,65.96
16.74,16.74,62.39,76.59,66.19
17.64,17.64,61.23,75.99,67.14
15.49,15.49,62.63,77.34,65.26
14.60,14.60,63.54,77.50,65.23
15.73,15.73,64.16,77.33,64.43
16.75,16.75,63.68,78.39,65.19
18.23,18.23,65.40,78.13,67.07
14.35,14.35,64.44,78.24,66.07
16.12,16.12,64.59,78.19,67.44
19.99,19.99,63.02,78.06,65.99
19.03,19.03,63.46,77.17,65.61
16.00,16.00,62.78,78.01,67.04
17.02,17.02,62.68,77.91,67.31
14.89,14.89,61.58,77.40,66.79
15.17,15.17,62.66,77.66,67.29
14.39,14.39,62.79,77.85,68.20
17.13,17.13,62.23,78.21,67.38
14.68,14.68,63.00,78.37,65.53
12.58,12.58,64.39,78.34,64.99
14.73,14.73,66.06,77.90,64.70
17.40,17.40,67.00,77.50,65.25
13.60,13.60,66.35,77.91,62.94
13.16,13.16,64.32,78.76,63.88
17.56,17.56,61.48,79.01,63.60
19.97,19.97,61.66,79.01,65.07
21.40,21.40,62.15,79.27,64.91
20.12,20.12,62.22,78.70,64.85
21.73,21.73,61.72,79.43,65.16
19.81,19.81,59.62,79.57,65.10
18.18,18.18,61.80,79.75,65.84
17.73,17.73,60.75,79.61,66.26
17.67,17.67,60.34,79.79,64.09
15.01,15.01,58.43,80.17,65.49
14.46,14.46,58.36,80.05,64.53
14.80,14.80,57.89,80.04,64.97
14.36,14.36,56.79,80.33,64.44
14.45,14.45,56.32,80.81,66.12
11.99,11.99,57.20,80.69,64.05
9.99,9.99,57.01,80.38,63.75
9.33,9.33,59.66,80.51,62.76
14.25,14.25,64.33,78.39,59.63
13.92,13.92,77.56,71.57,60.67
15.84,15.84,77.74,61.40,59.51
19.48,19.48,76.16,69.63,60.36
20.44,20.44,73.86,74.39,63.27
15.58,15.58,67.81,70.70,65.01
13.96,13.96,73.20,78.52,62.67
17.34,17.34,64.78,77.80,64.91
17.91,17.91,60.84,77.98,65.76
13.07,13.07,59.34,76.46,66.05
13.18,13.18,58.49,78.56,64.31
16.65,16.65,60.17,76.58,64.74
16.16,16.16,59.86,78.04,66.06
17.82,17.82,60.77,78.54,64.68
15.52,15.52,60.95,76.93,64.61
17.36,17.36,61.23,79.73,63.86
21.44,21.44,61.51,77.78,65.32
24.27,24.27,61.15,79.43,66.30
24.25,24.25,60.79,77.75,65.19
25.37,25.37,60.79,79.68,64.28
24.30,24.30,60.25,78.49,65.47
25.85,25.85,60.20,79.26,65.65
26.42,26.42,58.24,79.82,64.92
26.22,26.22,54.67,78.05,63.17
28.15,28.15,56.18,80.29,61.89
29.02,29.02,54.70,78.43,60.16
29.23,29.23,55.04,80.30,63.00
30.06,30.06,54.60,79.43,61.36
29.59,29.59,55.67,79.92,63.68
28.60,28.60,54.75,80.47,61.78
29.72,29.72,54.63,78.80,62.90
30.86,30.86,54.15,80.83,62.25
30.73,30.73,53.92,78.87,62.35
34.40,34.40,53.88,80.69,64.23
36.00,36.00,54.31,79.16,64.29
37.51,37.51,54.64,79.96,65.42
39.16,39.16,53.41,80.43,65.09
39.50,39.50,53.87,78.79,66.47
40.55,40.55,53.71,80.59,66.52
41.49,41.49,53.97,78.71,67.07
40.57,40.57,52.95,80.70,67.37
40.49,40.49,53.47,78.86,66.65
41.72,41.72,52.63,80.22,67.97
41.95,41.95,53.59,80.04,67.41
43.31,43.31,54.18,78.97,68.36
46.95,46.95,53.93,80.57,67.05
52.21,52.21,54.84,78.83,66.64
49.74,49.74,53.13,79.57,51.09
52.13,52.13,52.62,71.83,47.55
61.64,61.64,52.77,64.28,47.54
62.69,62.69,52.59,48.94,41.98
67.44,67.44,53.18,45.47,46.50
65.57,65.57,53.46,40.26,41.14
64.51,64.51,54.12,28.98,39.46
64.99,64.99,53.44,38.52,38.28
65.54,65.54,55.89,40.48,38.23
64.49,64.49,55.54,32.39,39.06
60.37,60.37,57.70,36.20,38.10
55.36,55.36,58.55,37.57,38.90
50.82,50.82,56.54,41.18,36.99
51.23,51.23,57.77,43.31,37.02
53.21,53.21,55.59,42.25,39.06
55.05,55.05,55.33,36.04,34.86
57.08,57.08,54.52,27.73,32.71
58.04,58.04,54.49,26.64,32.61
57.28,57.28,53.76,31.02,33.37
58.13,58.13,55.35,28.90,33.61
53.14,53.14,53.19,25.10,31.91
52.06,52.06,52.00,29.55,29.82
51.66,51.66,51.06,27.13,29.19
50.59,50.59,49.78,27.75,29.71
52.82,52.82,49.89,30.57,36.24
65.61,65.61,47.38,39.26,42.90
67.21,67.21,43.95,36.10,46.31
65.48,65.48,44.22,32.99,49.69
63.87,63.87,41.99,33.74,45.22
61.30,61.30,43.94,35.72,45.11
63.84,63.84,42.05,30.23,46.13
67.70,67.70,42.36,26.90,44.13
68.53,68.53,40.00,26.72,40.14
65.17,65.17,40.14,22.85,43.21
63.47,63.47,40.40,22.69,45.92
67.64,67.64,40.94,18.67,47.84
67.43,67.43,40.44,15.56,46.01
66.78,66.78,40.58,17.75,45.49
65.87,65.87,40.58,18.09,45.12
65.06,65.06,40.54,20.08,45.10
65.20,65.20,40.20,29.71,46.18
65.46,65.46,38.07,30.03,45.13
65.07,65.07,36.61,20.88,43.93
65.36,65.36,35.62,17.22,41.37
66.54,66.54,35.66,13.67,41.44
65.71,65.71,34.34,18.52,40.44
66.68,66.68,34.23,13.33,39.12
65.85,65.85,33.66,13.90,40.52
66.19,66.19,35.06,16.13,42.75
66.95,66.95,36.36,14.03,43.98
67.70,67.70,37.95,12.03,42.24
67.76,67.76,39.91,13.46,40.11
69.06,69.06,39.75,12.00,38.42
69.65,69.65,40.23,14.05,39.41
66.19,66.19,39.44,16.85,44.37
67.26,67.26,41.57,18.58,46.38
65.97,65.97,38.87,15.52,46.21
63.75,63.75,36.80,16.64,43.67
58.18,58.18,39.40,18.70,44.45
52.61,52.61,43.06,24.96,47.56
50.43,50.43,43.29,26.69,45.04
50.81,50.81,45.12,20.23,42.73
50.72,50.72,44.51,22.19,43.29
52.89,52.89,44.27,28.49,44.51
52.66,52.66,42.90,23.17,42.03
52.54,52.54,43.05,22.50,42.05
50.68,50.68,45.48,26.00,38.82
47.07,47.07,50.56,31.02,36.46
41.89,41.89,55.13,38.36,40.64
46.20,46.20,74.14,54.27,50.36
43.94,43.94,80.15,70.49,49.35
49.06,49.06,76.36,74.02,54.15
55.23,55.23,75.45,74.50,57.53
66.16,66.16,71.61,72.20,59.52
68.69,68.69,69.84,73.34,60.20
69.16,69.16,62.45,74.27,60.02
65.84,65.84,57.27,73.58,62.62
65.06,65.06,50.35,73.23,61.25
68.44,68.44,53.59,75.20,61.10
68.34,68.34,45.62,74.69,59.74
66.91,66.91,43.07,74.75,60.83
64.44,64.44,39.91,74.13,60.50
64.18,64.18,39.30,74.66,60.16
64.32,64.32,37.80,74.64,61.28
63.65,63.65,37.23,73.24,60.91
56.78,56.78,37.66,73.86,60.76
58.90,58.90,37.00,75.29,61.64
61.89,61.89,37.97,74.22,60.22
62.93,62.93,37.01,73.99,59.88
63.47,63.47,40.29,75.12,60.40
62.06,62.06,53.92,73.93,60.72
62.73,62.73,66.13,70.39,59.86
60.41,60.41,76.94,61.91,60.25
60.01,60.01,79.91,60.50,55.01
61.35,61.35,81.76,58.00,58.43
66.13,66.13,74.99,65.93,59.56
66.81,66.81,69.62,69.07,59.90
67.27,67.27,63.01,72.17,58.42
66.53,66.53,61.97,73.83,58.49
66.80,66.80,52.48,72.23,60.10
65.66,65.66,56.80,73.63,59.66
67.11,67.11,50.29,72.93,59.91
65.60,65.60,45.80,73.89,60.03
68.07,68.07,42.92,71.72,58.91
68.42,68.42,40.68,74.08,60.24
68.94,68.94,39.82,73.99,59.10
69.41,69.41,41.73,72.70,60.02
70.86,70.86,42.61,72.67,59.38
70.68,70.68,40.43,73.49,59.77
70.13,70.13,39.39,72.83,58.25
69.97,69.97,37.92,72.38,59.40
68.77,68.77,41.43,72.76,57.71
69.62,69.62,50.65,72.84,58.17
66.97,66.97,59.04,73.02,55.60
64.01,64.01,74.58,68.26,57.28
59.13,59.13,75.96,60.60,54.04
59.58,59.58,78.00,66.45,54.92
58.22,58.22,75.35,67.18,56.90
63.28,63.28,74.04,67.67,55.46
63.63,63.63,70.62,70.74,53.96
66.09,66.09,66.79,70.70,54.23
67.94,67.94,62.55,70.37,56.99
69.60,69.60,59.54,70.39,57.23
71.18,71.18,52.88,71.57,58.85
69.59,69.59,51.24,71.31,57.61
68.09,68.09,51.23,70.84,57.43
64.03,64.03,51.83,71.32,58.64
61.78,61.78,50.45,72.73,58.92
60.62,60.62,48.03,71.88,59.00
54.50,54.50,44.77,71.28,60.22
52.41,52.41,43.13,72.35,59.90
52.12,52.12,39.90,72.44,59.90
53.35,53.35,40.50,72.04,60.11
54.69,54.69,40.77,71.22,60.88
58.16,58.16,39.81,72.59,60.39
59.38,59.38,46.28,71.38,61.04
58.90,58.90,54.49,70.60,58.44
53.45,53.45,63.67,65.03,59.75
48.88,48.88,78.42,64.98,60.55
50.66,50.66,80.58,66.98,59.40
55.11,55.11,78.10,63.45,61.84
54.83,54.83,73.32,59.87,59.38
60.42,60.42,73.46,67.85,61.73
65.41,65.41,67.22,70.95,62.11
69.31,69.31,58.78,70.20,60.69
70.84,70.84,54.99,73.58,60.92
72.30,72.30,56.87,72.55,59.73
67.92,67.92,51.63,74.13,61.59
60.01,60.01,45.36,73.56,62.96
58.00,58.00,41.79,75.21,61.49
54.41,54.41,44.85,73.52,61.54
56.62,56.62,42.87,74.34,61.54
52.21,52.21,40.17,74.17,61.62
53.04,53.04,35.78,73.78,63.65
47.58,47.58,33.35,73.91,62.86
49.38,49.38,34.72,73.96,61.40
48.01,48.01,35.32,74.16,62.24
44.53,44.53,31.83,74.20,63.51
47.08,47.08,31.82,74.36,62.95
44.20,44.20,35.68,75.16,64.05
41.52,41.52,42.97,74.45,63.33
44.38,44.38,57.77,73.96,63.09
50.11,50.11,68.51,73.88,64.70
48.67,48.67,66.63,73.07,60.99
49.61,49.61,63.95,73.88,63.01
51.63,51.63,61.82,73.17,63.10
53.10,53.10,57.90,73.19,61.68
62.93,62.93,53.61,73.59,61.24
63.18,63.18,49.90,73.37,63.88
65.55,65.55,47.56,73.50,64.33
68.96,68.96,45.42,73.64,63.21
70.09,70.09,43.38,72.89,62.00
70.30,70.30,41.59,72.94,59.84
69.66,69.66,41.25,73.30,59.81
67.58,67.58,41.05,72.52,60.82
63.03,63.03,39.99,72.74,63.03
63.11,63.11,37.90,72.91,62.36
62.98,62.98,36.89,72.64,62.79
64.17,64.17,36.07,72.95,64.06
62.15,62.15,36.13,73.46,60.61
62.60,62.60,37.29,73.33,62.96
64.13,64.13,43.94,72.77,62.89
64.44,64.44,54.91,71.71,60.10
64.59,64.59,65.39,68.00,61.67
60.26,60.26,78.09,65.92,61.05
62.30,62.30,80.41,66.86,57.41
66.16,66.16,72.62,64.08,59.65
66.33,66.33,76.35,61.00,61.58
64.85,64.85,75.66,67.92,60.72
65.45,65.45,74.11,70.85,62.05
64.98,64.98,73.99,69.60,60.48
64.78,64.78,71.93,67.79,58.99
65.65,65.65,67.85,70.19,59.49
69.95,69.95,59.84,70.17,60.53
69.88,69.88,55.26,68.88,60.93
70.09,70.09,52.80,69.40,61.70
70.28,70.28,52.49,71.20,62.04
67.91,67.91,50.55,70.88,61.72
66.90,66.90,50.44,71.41,60.50
68.36,68.36,48.60,70.73,63.04
68.37,68.37,47.55,71.39,61.86
62.71,62.71,47.51,71.65,61.01
56.24,56.24,46.75,71.13,61.18
55.74,55.74,49.44,71.06,60.81
56.57,56.57,50.64,70.72,63.73
50.62,50.62,51.96,70.28,63.05
50.62,50.62,58.55,70.06,60.68
49.90,49.90,78.76,66.32,61.58
44.10,44.10,76.32,64.02,56.23
43.29,43.29,76.82,64.95,55.63
47.56,47.56,75.15,63.62,56.49
44.38,44.38,71.47,67.01,57.44
42.81,42.81,69.59,67.90,60.11
42.87,42.87,65.86,67.82,60.14
46.97,46.97,62.57,66.69,59.31
48.70,48.70,57.75,67.61,63.60
46.56,46.56,58.00,66.57,63.73
44.66,44.66,55.28,68.27,61.88
49.64,49.64,52.07,67.53,63.42
50.95,50.95,50.68,69.14,63.41
45.25,45.25,51.02,69.34,61.27
49.88,49.88,49.53,67.95,64.93
47.32,47.32,45.72,69.97,65.67
42.23,42.23,45.65,68.61,62.76
40.03,40.03,42.65,69.24,64.11
42.08,42.08,42.21,68.52,63.19
36.01,36.01,42.49,68.73,62.56
33.55,33.55,42.34,68.78,62.86
35.77,35.77,44.26,68.52,65.61
38.43,38.43,44.81,68.98,64.28
44.93,44.93,51.22,68.59,63.49
58.08,58.08,67.19,69.37,63.39
59.37,59.37,65.67,69.18,61.79
61.85,61.85,62.56,68.67,61.92
68.78,68.78,59.98,68.03,62.77
66.52,66.52,55.12,67.74,62.34
68.34,68.34,52.53,67.65,60.61
69.54,69.54,50.75,67.21,60.11
68.59,68.59,49.56,67.80,58.33
71.07,71.07,47.18,67.74,61.16
69.18,69.18,45.67,67.86,61.37
66.25,66.25,47.56,67.44,59.94
64.21,64.21,52.62,66.28,58.84
65.18,65.18,59.39,64.19,59.35
55.38,55.38,80.50,63.09,57.31
57.23,57.23,80.46,61.03,59.58
66.59,66.59,77.46,60.25,61.12
68.25,68.25,72.19,62.27,60.56
71.26,71.26,65.23,63.63,59.03
71.41,71.41,63.55,64.10,57.40
71.61,71.61,55.34,64.28,59.73
70.95,70.95,54.16,65.66,62.42
66.38,66.38,51.58,66.05,60.64
63.16,63.16,58.64,62.70,58.59
61.56,61.56,71.19,55.00,56.00
53.32,53.32,81.04,56.60,55.07
59.61,59.61,81.56,56.89,53.73
64.81,64.81,75.18,56.70,60.78
66.52,66.52,73.62,56.10,60.99
67.71,67.71,73.51,56.07,60.40
66.52,66.52,66.85,53.31,60.13
64.91,64.91,60.15,55.47,58.51
67.45,67.45,56.80,64.67,59.60
68.28,68.28,55.97,62.66,60.81
68.22,68.22,51.38,65.05,60.74
67.31,67.31,46.15,68.15,59.20
65.65,65.65,46.47,63.32,58.26
66.13,66.13,48.63,63.53,60.91
67.52,67.52,44.87,66.17,59.97
70.32,70.32,40.57,64.68,61.13
70.80,70.80,38.73,64.63,61.05
68.23,68.23,38.53,64.28,57.93
67.59,67.59,38.20,64.64,59.88
68.30,68.30,36.92,65.21,59.83
69.95,69.95,40.46,64.21,60.51
68.90,68.90,49.74,63.20,59.61
64.95,64.95,60.44,56.07,57.16
61.71,61.71,73.93,51.25,59.86
56.97,56.97,82.17,54.04,56.75
59.50,59.50,79.97,52.70,56.53
65.13,65.13,76.22,50.88,60.30
69.60,69.60,72.95,50.13,60.58
66.89,66.89,71.04,47.52,58.98
63.31,63.31,63.61,37.75,58.87
65.79,65.79,61.85,56.16,60.01
63.23,63.23,57.72,61.95,59.97
66.31,66.31,55.89,62.67,61.92
64.57,64.57,52.53,63.16,61.42
64.98,64.98,50.60,65.16,61.56
69.88,69.88,46.72,61.68,60.94
67.58,67.58,44.10,63.01,58.97
68.64,68.64,40.56,64.27,62.47
70.94,70.94,38.85,62.75,63.03
69.33,69.33,37.07,62.56,63.00
67.93,67.93,34.72,62.50,63.05
67.78,67.78,36.08,62.89,61.54
70.17,70.17,35.48,63.12,62.22
68.98,68.98,42.76,62.79,61.99
69.14,69.14,55.25,62.48,60.86
69.17,69.17,63.56,60.97,57.48
64.84,64.84,78.88,56.93,53.80
62.59,62.59,77.78,51.73,53.47
59.99,59.99,77.14,55.13,53.40
62.73,62.73,75.71,58.12,57.06
64.76,64.76,71.09,58.01,58.39
68.28,68.28,67.08,59.38,59.34
68.72,68.72,65.28,58.41,58.57
69.59,69.59,59.30,58.94,59.82
69.75,69.75,55.75,59.92,59.98
69.18,69.18,55.71,61.15,62.04
68.33,68.33,53.34,59.11,62.81
68.16,68.16,55.37,52.69,59.08
68.14,68.14,62.44,41.32,57.88
69.22,69.22,75.47,42.27,62.02
70.73,70.73,72.64,48.57,60.90
69.63,69.63,65.39,48.06,62.39
69.64,69.64,59.40,50.22,63.24
68.40,68.40,50.21,54.70,61.85
68.79,68.79,53.87,56.15,61.12
68.37,68.37,43.08,58.72,60.74
68.56,68.56,48.76,58.21,63.63
67.38,67.38,56.77,55.54,62.16
66.56,66.56,63.61,51.01,61.86
60.57,60.57,81.18,46.94,59.17
61.53,61.53,81.50,44.09,55.75
61.67,61.67,79.33,42.27,56.54
61.13,61.13,77.89,42.73,59.89
61.49,61.49,76.13,44.71,60.58
59.96,59.96,70.15,47.98,62.46
61.58,61.58,66.11,48.94,57.42
64.72,64.72,58.38,43.42,61.43
66.28,66.28,57.79,39.61,61.61
69.02,69.02,54.69,55.15,61.22
66.21,66.21,55.30,59.17,64.32
64.43,64.43,52.08,54.77,60.99
60.56,60.56,45.50,54.63,61.10
56.68,56.68,41.63,58.65,60.62
58.33,58.33,39.73,59.04,62.14
60.08,60.08,37.81,57.07,65.06
59.04,59.04,35.04,57.64,64.48
55.27,55.27,33.88,57.50,64.68
54.00,54.00,34.41,56.62,63.86
55.71,55.71,31.90,56.72,63.54
58.13,58.13,33.84,56.94,65.88
59.82,59.82,38.66,57.79,63.61
59.19,59.19,46.70,57.45,64.17
60.01,60.01,59.91,57.39,63.40
60.68,60.68,67.22,60.49,62.99
60.14,60.14,65.41,59.66,62.63
61.70,61.70,62.12,57.18,63.14
63.78,63.78,60.56,56.57,63.02
62.29,62.29,57.32,54.48,62.60
62.75,62.75,55.24,55.94,61.62
62.65,62.65,54.97,56.92,61.06
63.17,63.17,53.06,56.17,63.16
66.56,66.56,48.00,56.66,62.44
68.86,68.86,48.98,54.64,64.03
71.46,71.46,53.77,46.53,62.35
65.18,65.18,56.43,33.80,60.09
61.24,61.24,76.58,36.16,59.57
62.25,62.25,75.13,39.01,62.53
60.58,60.58,68.03,40.67,63.83
63.81,63.81,60.66,43.05,62.83
62.64,62.64,54.96,46.69,63.72
62.33,62.33,52.15,41.93,59.63
64.34,64.34,47.43,46.73,59.91
66.08,66.08,48.13,51.45,62.79
62.88,62.88,53.02,50.50,61.98
61.00,61.00,61.00,44.68,63.74
60.24,60.24,71.09,34.41,59.44
56.28,56.28,82.01,31.24,56.93
52.68,52.68,82.91,26.89,55.81
57.74,57.74,71.55,31.21,60.62
59.46,59.46,75.81,28.20,63.28
61.86,61.86,76.19,26.63,64.21
59.41,59.41,73.79,27.77,63.22
59.10,59.10,75.35,38.50,61.04
64.23,64.23,70.45,37.92,62.79
64.60,64.60,63.66,37.48,62.53
64.58,64.58,62.28,47.43,65.47
66.25,66.25,57.29,50.89,63.28
65.78,65.78,53.87,43.92,62.22
63.05,63.05,52.67,46.12,61.11
64.46,64.46,52.65,46.88,63.89
65.48,65.48,52.57,47.32,64.65
66.42,66.42,51.29,50.17,64.64
64.00,64.00,49.52,48.63,61.12
66.07,66.07,49.30,45.74,61.99
68.03,68.03,50.40,43.63,60.87
67.58,67.58,51.85,44.02,62.77
64.07,64.07,54.79,48.98,62.25
59.90,59.90,59.84,42.77,60.83
54.57,54.57,69.72,30.53,57.24
48.70,48.70,78.49,20.87,54.95
53.25,53.25,78.17,13.68,52.01
50.18,50.18,75.15,17.39,54.67
49.20,49.20,76.07,22.95,56.55
54.10,54.10,71.20,28.92,59.42
48.79,48.79,67.91,27.30,60.29
50.92,50.92,63.65,22.28,59.61
58.02,58.02,58.89,32.73,61.23
54.28,54.28,54.04,30.32,61.76
56.26,56.26,54.52,32.11,64.48
66.39,66.39,50.99,32.99,63.00
69.01,69.01,49.49,33.44,60.88
72.93,72.93,49.00,33.11,58.72
73.96,73.96,45.22,33.21,62.41
72.66,72.66,40.30,26.59,62.94
71.38,71.38,38.75,29.39,62.70
71.24,71.24,40.00,29.16,60.13
70.75,70.75,37.44,29.50,59.94
69.68,69.68,37.21,26.94,58.51
64.17,64.17,40.99,29.08,62.10
63.82,63.82,38.91,27.38,64.50
70.60,70.60,37.22,27.35,63.78
62.14,62.14,37.76,25.06,60.75
60.29,60.29,37.83,26.67,59.27
66.24,66.24,38.28,27.87,58.85
67.57,67.57,39.35,26.22,62.64
66.95,66.95,40.26,31.22,64.22
62.14,62.14,42.69,27.21,64.89
55.18,55.18,40.52,27.20,61.97
55.81,55.81,37.07,31.28,60.42
58.22,58.22,36.47,31.84,61.78
61.90,61.90,37.43,24.84,62.08
65.36,65.36,36.73,27.76,66.07
70.60,70.60,36.41,28.23,63.33
69.09,69.09,37.15,28.63,63.20
69.51,69.51,36.97,26.95,62.53
67.44,67.44,37.17,26.34,62.39
67.45,67.45,34.94,24.57,65.44
67.87,67.87,33.78,27.33,65.96
67.78,67.78,33.10,21.41,64.27
63.19,63.19,35.10,24.07,61.47
64.02,64.02,35.24,18.86,61.21
60.09,60.09,41.37,22.42,61.87
60.71,60.71,52.08,24.13,61.15
61.26,61.26,60.32,40.15,59.80
58.84,58.84,70.80,47.29,57.18
54.38,54.38,81.69,54.08,54.96
56.97,56.97,80.97,61.26,55.84
57.23,57.23,79.11,64.32,59.79
59.15,59.15,75.28,59.66,61.61
58.57,58.57,73.03,71.34,61.87
59.32,59.32,56.97,74.29,61.95
57.50,57.50,50.14,76.09,59.51
58.19,58.19,53.95,78.16,61.41
59.97,59.97,48.82,78.83,61.64
63.79,63.79,44.71,78.91,62.26
67.17,67.17,44.09,77.96,61.26
68.55,68.55,41.80,78.85,61.33
69.36,69.36,39.83,79.19,60.20
69.76,69.76,36.59,78.60,60.57
69.38,69.38,34.91,78.36,62.03
69.67,69.67,34.60,78.58,61.87
70.16,70.16,33.53,77.61,59.83
71.65,71.65,32.31,77.81,62.93
71.58,71.58,30.80,78.63,59.64
71.67,71.67,34.75,78.49,62.60
70.84,70.84,49.61,78.48,60.82
68.74,68.74,60.73,77.44,60.39
65.51,65.51,70.89,74.06,58.66
58.71,58.71,80.57,69.37,52.53
58.83,58.83,80.89,69.07,56.15
64.76,64.76,77.62,70.82,60.37
67.80,67.80,70.69,71.16,60.60
67.92,67.92,69.19,75.68,62.53
66.15,66.15,64.48,76.64,60.78
65.78,65.78,44.82,74.18,61.94
66.87,66.87,50.02,73.93,61.79
67.58,67.58,50.43,75.07,60.31
68.30,68.30,40.92,75.90,61.54
69.53,69.53,39.66,76.38,61.52
70.81,70.81,36.39,76.31,59.85
71.16,71.16,36.70,75.15,59.84
70.80,70.80,35.14,74.84,61.48
70.63,70.63,34.46,75.16,59.52
71.28,71.28,32.64,75.59,62.10
71.20,71.20,33.78,76.02,62.22
70.63,70.63,32.23,75.82,61.17
71.27,71.27,36.86,75.12,60.39
71.04,71.04,44.95,75.36,60.70
70.10,70.10,57.43,75.66,58.16
65.20,65.20,69.45,72.98,58.70
62.15,62.15,77.95,65.26,57.04
58.54,58.54,77.04,70.21,55.42
61.38,61.38,75.45,70.23,54.54
64.12,64.12,75.23,70.65,57.23
64.30,64.30,71.53,71.81,58.21
63.79,63.79,68.08,72.58,58.42
66.16,66.16,63.17,73.62,59.82
67.65,67.65,58.86,73.81,60.47
66.67,66.67,53.84,73.96,58.82
66.30,66.30,51.88,74.45,61.75
67.83,67.83,47.70,75.99,60.52
69.32,69.32,43.01,75.71,62.54
70.06,70.06,38.63,75.82,59.57
68.75,68.75,37.84,75.90,61.77
67.82,67.82,36.23,75.93,60.82
68.87,68.87,35.54,76.30,63.08
68.24,68.24,35.56,76.67,61.21
68.84,68.84,34.36,76.49,64.11
69.77,69.77,36.29,76.83,60.42
71.09,71.09,39.87,76.16,61.62
71.59,71.59,40.47,77.52,59.59
70.82,70.82,50.39,75.52,60.53
68.26,68.26,61.33,75.21,58.53
63.44,63.44,75.10,68.10,61.13
59.44,59.44,80.02,68.21,59.72
63.69,63.69,75.81,67.53,58.54
67.09,67.09,78.55,73.17,59.86
69.97,69.97,65.04,74.67,59.43
70.76,70.76,60.46,75.81,60.94
69.75,69.75,57.64,75.06,62.24
68.33,68.33,55.06,78.08,59.62
69.10,69.10,59.22,76.36,59.89
68.66,68.66,51.99,75.80,60.59
68.26,68.26,44.20,76.72,61.70
67.41,67.41,46.32,77.79,61.11
67.62,67.62,45.76,77.46,61.03
66.11,66.11,37.74,77.13,57.80
65.29,65.29,34.68,77.41,58.46
65.70,65.70,36.53,78.59,60.68
66.57,66.57,33.31,77.45,61.35
70.58,70.58,29.53,76.91,61.75
71.90,71.90,28.51,77.09,61.43
72.40,72.40,27.11,77.86,60.47
73.62,73.62,28.02,76.54,58.65
73.62,73.62,33.32,76.36,59.63
73.47,73.47,44.07,76.27,60.98
73.33,73.33,54.52,77.44,60.40
71.57,71.57,66.94,75.42,61.49
71.88,71.88,66.88,75.38,57.45
73.31,73.31,64.84,75.61,58.89
73.31,73.31,61.42,76.46,59.73
73.68,73.68,57.28,75.72,58.93
72.63,72.63,52.79,75.40,59.18
72.12,72.12,48.70,75.51,56.55
71.30,71.30,45.28,76.83,57.37
69.47,69.47,42.49,75.82,58.95
67.31,67.31,39.66,75.53,59.66
67.77,67.77,37.04,75.99,58.94
68.12,68.12,35.38,77.08,60.73
69.94,69.94,33.94,75.95,59.07
70.26,70.26,32.50,75.41,57.82
70.93,70.93,33.07,75.46,58.52
69.37,69.37,32.51,76.67,60.34
69.14,69.14,29.66,75.41,58.26
68.43,68.43,27.51,74.95,60.82
67.49,67.49,29.55,75.12,57.25
66.27,66.27,39.19,76.33,58.76
63.02,63.02,51.11,75.33,56.86
61.40,61.40,62.95,72.37,57.59
59.76,59.76,77.02,61.75,57.40
57.54,57.54,80.54,63.35,53.13
61.91,61.91,76.87,61.72,55.45
62.91,62.91,75.93,54.17,58.68
64.97,64.97,70.10,64.82,57.47
65.63,65.63,73.00,71.78,61.64
65.24,65.24,75.23,74.50,59.10
61.30,61.30,73.88,72.99,59.39
59.92,59.92,66.48,71.67,57.38
56.51,56.51,65.15,73.38,59.45
53.66,53.66,62.19,75.49,59.27
56.52,56.52,61.91,74.42,60.56
56.22,56.22,62.11,73.18,59.48
54.12,54.12,63.71,73.69,61.50
55.46,55.46,63.04,74.62,57.73
55.79,55.79,62.67,72.48,58.47
56.69,56.69,61.22,72.76,61.39
57.04,57.04,62.12,73.69,62.36
55.81,55.81,61.37,74.66,61.25
56.54,56.54,60.75,73.13,59.81
58.16,58.16,60.57,72.23,59.93
55.55,55.55,60.23,72.69,60.09
50.19,50.19,59.25,73.60,57.24
48.66,48.66,75.15,65.58,55.90
45.87,45.87,76.60,62.97,53.72
42.59,42.59,78.48,64.68,52.66
39.81,39.81,75.39,68.98,55.80
41.88,41.88,73.41,67.16,55.87
40.44,40.44,69.78,68.36,56.82
39.36,39.36,65.89,68.84,59.35
51.07,51.07,62.62,70.27,60.55
49.11,49.11,58.95,68.96,60.18
47.17,47.17,56.87,69.37,58.50
46.58,46.58,54.47,69.84,61.27
46.90,46.90,51.26,70.65,61.76
50.07,50.07,52.67,69.74,62.06
49.40,49.40,53.34,69.58,61.52
40.01,40.01,51.23,69.73,59.08
45.15,45.15,48.55,70.62,60.89
50.59,50.59,44.52,69.88,62.36
46.96,46.96,43.61,69.37,64.35
45.28,45.28,43.08,69.55,63.89
43.33,43.33,42.61,70.48,62.21
43.42,43.42,42.97,69.76,61.32
46.10,46.10,43.41,68.56,61.91
45.22,45.22,45.58,68.60,63.11
45.17,45.17,50.40,69.52,63.65
45.67,45.67,70.19,68.88,64.52
45.27,45.27,69.62,66.76,62.29
43.56,43.56,67.49,64.91,58.83
41.35,41.35,65.65,58.87,61.07
49.36,49.36,61.95,57.44,63.53
45.26,45.26,57.64,55.97,65.10
41.10,41.10,55.99,58.70,61.30
39.14,39.14,50.79,60.09,60.07
44.03,44.03,50.24,62.91,60.83
38.97,38.97,47.10,63.01,61.41
43.05,43.05,45.48,64.41,63.20
39.58,39.58,50.63,60.75,63.33
37.50,37.50,54.29,58.59,60.91
35.05,35.05,78.03,50.23,59.97
35.47,35.47,83.61,39.74,56.87
35.46,35.46,78.54,36.64,60.45
43.06,43.06,72.97,35.91,61.89
41.48,41.48,65.47,37.16,61.77
36.98,36.98,61.43,49.06,60.76
33.15,33.15,59.98,54.22,58.16
36.14,36.14,58.10,55.59,60.04
34.23,34.23,50.94,59.29,63.76
27.76,27.76,57.32,73.28,63.36
19.62,19.62,68.15,79.15,60.83
12.40,12.40,78.48,78.14,55.95
24.94,24.94,79.32,75.06,55.41
30.37,30.37,77.30,76.18,56.39
29.08,29.08,71.09,77.98,58.26
28.14,28.14,66.94,79.90,60.57
28.09,28.09,57.17,80.69,61.59
28.18,28.18,54.28,80.02,61.26
28.06,28.06,53.06,77.67,59.23
28.19,28.19,48.89,78.68,63.74
30.72,30.72,45.27,78.72,62.80
30.55,30.55,43.76,78.92,64.81
27.28,27.28,41.66,78.94,62.33
25.29,25.29,39.48,78.68,63.02
25.18,25.18,38.86,78.81,60.75
28.66,28.66,36.81,78.85,63.27
29.22,29.22,36.35,79.63,64.23
30.87,30.87,36.15,79.66,64.85
28.48,28.48,35.69,79.42,63.23
27.71,27.71,33.04,78.58,61.92
27.49,27.49,35.50,78.57,62.30
25.86,25.86,49.72,79.50,63.93
21.55,21.55,58.07,79.02,60.79
17.46,17.46,68.74,75.14,59.73
15.56,15.56,81.89,63.62,55.20
24.24,24.24,80.64,64.29,56.31
23.39,23.39,76.87,70.51,57.89
23.76,23.76,68.18,75.67,61.22
23.60,23.60,64.17,75.98,62.18
23.20,23.20,60.91,75.47,63.22
23.90,23.90,60.73,77.19,61.18
26.64,26.64,58.74,78.73,60.47
25.30,25.30,55.94,79.04,61.82
23.59,23.59,54.26,79.36,64.80
22.37,22.37,53.01,79.65,63.63
22.10,22.10,50.28,79.44,64.76
23.09,23.09,47.58,79.42,61.00
22.43,22.43,43.54,79.65,61.07
22.11,22.11,40.88,79.59,62.20
24.93,24.93,38.41,79.57,63.84
25.19,25.19,38.05,79.64,63.81
22.06,22.06,36.01,79.52,62.44
23.97,23.97,37.92,79.21,59.05
21.95,21.95,40.00,79.45,61.78
17.44,17.44,53.41,79.38,61.91
8.67,8.67,62.05,79.06,59.57
6.42,6.42,78.04,73.06,57.57
5.07,5.07,76.96,72.63,55.20
14.86,14.86,77.20,72.33,52.72
15.61,15.61,74.69,73.57,55.33
16.39,16.39,72.59,74.98,58.35
13.91,13.91,70.11,75.53,59.38
13.97,13.97,65.13,76.35,58.74
15.74,15.74,61.65,76.97,60.21
18.23,18.23,57.04,77.54,57.10
20.00,20.00,54.77,77.80,58.98
23.70,23.70,52.07,77.44,62.75
24.96,24.96,52.28,77.19,63.16
21.16,21.16,55.76,78.12,61.95
19.31,19.31,71.81,76.10,60.50
22.40,22.40,64.64,71.82,57.02
23.88,23.88,59.28,75.73,57.78
29.94,29.94,56.83,77.63,62.45
31.71,31.71,47.35,78.54,62.64
30.37,30.37,49.76,77.95,61.19
28.57,28.57,45.60,79.28,58.77
26.49,26.49,44.80,79.02,58.90
22.61,22.61,55.52,77.13,55.55
21.22,21.22,65.80,76.67,58.64
14.56,14.56,80.64,68.22,58.26
20.89,20.89,81.16,66.20,56.70
27.28,27.28,78.33,70.32,59.49
26.39,26.39,79.33,75.57,59.20
26.44,26.44,74.45,79.53,60.58
27.68,27.68,63.08,79.48,60.94
22.91,22.91,61.35,80.24,61.36
21.06,21.06,57.93,78.25,61.29
19.32,19.32,57.68,76.09,61.07
21.76,21.76,53.98,79.24,60.97
21.56,21.56,52.44,77.65,61.87
23.26,23.26,50.46,79.35,61.50
22.60,22.60,46.44,76.93,62.58
22.67,22.67,43.03,79.25,61.42
27.03,27.03,42.13,78.95,61.75
27.40,27.40,39.19,79.36,59.67
28.63,28.63,38.81,79.30,63.82
29.98,29.98,37.02,77.41,62.42
29.48,29.48,33.27,80.03,62.41
32.28,32.28,33.15,78.33,63.51
32.15,32.15,33.76,79.85,62.27
27.98,27.98,38.46,77.63,62.07
22.64,22.64,43.41,79.43,63.08
18.14,18.14,54.93,78.90,61.99
19.39,19.39,68.02,78.89,63.33
23.55,23.55,66.74,79.59,61.61
24.09,24.09,63.65,77.02,61.89
24.49,24.49,60.13,79.42,62.77
22.42,22.42,56.54,77.56,62.64
22.51,22.51,52.36,79.45,62.33
22.90,22.90,48.49,77.48,62.35
22.56,22.56,45.06,78.91,62.09
23.55,23.55,43.09,79.54,61.92
22.77,22.77,40.43,78.46,62.53
26.39,26.39,43.74,79.52,63.00
34.76,34.76,54.57,77.33,61.98
44.47,44.47,69.40,79.94,58.38
44.60,44.60,70.89,78.13,61.01
51.44,51.44,67.29,79.61,61.39
54.81,54.81,59.21,78.05,61.50
56.55,56.55,52.49,77.42,63.59
66.71,66.71,51.18,78.73,60.72
62.81,62.81,44.72,77.34,62.43
66.63,66.63,38.72,79.15,60.17
66.25,66.25,46.27,76.84,59.35
61.88,61.88,57.68,78.92,60.47
59.36,59.36,67.41,73.86,58.65
56.73,56.73,81.64,64.45,54.00
56.72,56.72,79.45,64.31,54.64
56.97,56.97,73.91,71.00,57.81
59.17,59.17,73.43,76.54,59.58
55.53,55.53,72.68,75.66,59.95
58.96,58.96,68.97,78.46,60.80
64.89,64.89,65.69,76.82,60.77
68.61,68.61,61.02,74.94,60.04
65.36,65.36,58.90,73.54,60.13
55.12,55.12,57.10,77.12,61.05
51.63,51.63,57.60,76.56,63.07
53.56,53.56,57.13,76.16,62.87
48.78,48.78,54.84,77.86,61.29
50.04,50.04,56.87,75.92,62.39
50.15,50.15,58.28,78.03,61.64
46.25,46.25,57.37,76.06,63.69
48.07,48.07,56.82,77.74,63.09
53.14,53.14,56.49,76.03,63.99
52.17,52.17,55.68,77.01,61.11
54.87,54.87,56.08,76.88,61.65
55.14,55.14,56.13,75.57,60.29
47.48,47.48,58.49,77.15,59.95
49.03,49.03,68.12,73.78,57.20
52.63,52.63,76.91,69.71,53.65
51.58,51.58,77.42,63.15,53.70
60.48,60.48,75.68,70.06,54.34
55.88,55.88,74.48,69.46,58.27
55.86,55.86,70.57,71.48,57.21
62.62,62.62,68.20,73.21,60.33
63.01,63.01,62.86,71.64,57.73
59.56,59.56,59.86,74.34,60.00
62.84,62.84,52.95,72.61,58.98
65.86,65.86,46.86,74.54,58.73
71.04,71.04,44.40,73.02,58.90
70.14,70.14,42.25,74.33,58.76
70.02,70.02,42.99,73.36,60.19
68.98,68.98,38.12,73.39,57.25
66.87,66.87,34.68,74.36,57.69
65.08,65.08,29.52,72.66,60.22
64.36,64.36,26.67,74.42,60.85
62.26,62.26,24.58,72.04,62.86
63.48,63.48,23.63,74.22,60.41
65.70,65.70,25.28,72.64,58.66
62.86,62.86,27.90,73.71,58.46
60.89,60.89,36.72,69.05,58.63
64.41,64.41,46.84,59.12,61.80
69.71,69.71,59.47,61.00,62.44
69.08,69.08,69.68,56.15,60.96
71.79,71.79,68.60,57.25,59.48
71.53,71.53,65.30,56.04,60.42
67.00,67.00,62.82,49.33,58.16
71.37,71.37,58.81,46.32,60.29
71.07,71.07,55.97,53.62,59.01
68.63,68.63,53.54,40.62,58.39
70.06,70.06,49.35,43.81,57.07
70.52,70.52,48.32,38.76,58.49
67.68,67.68,44.95,30.39,60.44
62.87,62.87,43.98,31.79,59.12
60.49,60.49,50.31,30.11,58.38
56.07,56.07,54.30,20.35,56.84
52.40,52.40,68.98,19.80,56.72
45.42,45.42,83.88,7.76,55.43
45.07,45.07,79.89,4.04,56.25
46.97,46.97,75.66,16.43,58.48
48.32,48.32,71.16,32.04,56.84
49.63,49.63,67.38,38.47,57.49
46.73,46.73,60.48,49.51,56.03
40.30,40.30,59.63,47.54,54.27
45.80,45.80,64.54,48.64,56.04
41.66,41.66,81.63,58.31,53.26
46.68,46.68,81.11,66.64,54.54
58.07,58.07,77.00,64.24,57.54
63.32,63.32,67.71,69.41,56.61
69.46,69.46,71.97,72.55,58.04
69.93,69.93,67.93,74.32,59.04
68.31,68.31,61.78,75.96,58.80
69.26,69.26,52.22,74.44,57.66
69.34,69.34,55.32,73.40,59.66
67.05,67.05,51.88,74.87,59.61
66.50,66.50,49.66,74.62,59.09
69.20,69.20,44.04,73.73,59.32
68.02,68.02,47.25,75.15,59.44
68.18,68.18,43.51,74.45,60.24
68.68,68.68,39.43,74.84,60.53
69.73,69.73,35.94,73.00,59.07
70.50,70.50,36.69,73.39,58.82
66.78,66.78,36.19,74.85,60.11
66.86,66.86,35.71,73.76,61.33
67.12,67.12,38.17,73.18,61.20
68.80,68.80,44.71,74.43,59.81
68.59,68.59,59.65,72.38,58.51
65.17,65.17,70.81,65.52,57.96
59.12,59.12,81.23,64.94,52.67
61.20,61.20,82.49,64.08,55.34
68.22,68.22,77.23,66.88,58.40
67.18,67.18,74.22,68.50,57.33
65.22,65.22,68.76,70.39,59.21
68.12,68.12,64.13,72.06,59.85
68.12,68.12,58.23,71.76,59.92
67.78,67.78,54.51,72.76,60.34
69.07,69.07,54.13,73.41,61.01
70.67,70.67,43.22,72.27,60.37
71.03,71.03,46.33,72.36,60.13
72.54,72.54,41.36,72.10,61.24
72.24,72.24,42.34,72.79,61.35
71.44,71.44,42.55,73.51,58.28
70.61,70.61,40.02,73.16,58.36
72.02,72.02,39.19,72.60,60.02
74.15,74.15,37.90,73.63,59.75
71.62,71.62,35.49,72.40,61.21
70.94,70.94,37.93,72.68,61.05
72.22,72.22,44.39,72.34,60.14
71.66,71.66,53.34,72.80,58.38
67.60,67.60,66.46,71.64,56.34
61.10,61.10,79.03,66.78,57.71
62.08,62.08,78.12,66.56,56.14
64.83,64.83,77.63,67.12,54.32
66.23,66.23,76.42,67.02,55.07
67.90,67.90,71.75,67.62,55.61
68.19,68.19,69.98,70.07,56.93
67.04,67.04,64.02,70.03,59.62
67.37,67.37,61.26,70.58,60.63
66.58,66.58,55.39,70.55,59.51
66.06,66.06,54.13,71.11,60.40
67.46,67.46,50.02,71.36,59.99
69.69,69.69,51.94,71.30,59.40
71.39,71.39,53.44,70.98,59.78
73.11,73.11,48.78,71.64,61.12
73.92,73.92,44.37,71.80,60.40
71.70,71.70,41.06,71.08,60.08
69.26,69.26,39.34,71.10,57.91
66.52,66.52,37.29,71.16,61.12
68.02,68.02,39.78,70.20,61.59
72.58,72.58,42.96,68.00,60.45
70.51,70.51,43.80,65.80,60.83
68.74,68.74,45.56,53.09,58.68
69.64,69.64,60.11,55.76,56.76
70.28,70.28,69.98,58.47,56.97
60.41,60.41,82.21,54.89,53.68
65.01,65.01,82.51,55.03,57.58
63.68,63.68,77.45,57.70,57.52
68.09,68.09,73.55,62.44,59.50
68.12,68.12,67.17,66.02,57.90
69.89,69.89,64.79,68.39,60.19
69.69,69.69,58.94,66.67,61.00
69.46,69.46,47.75,67.08,61.00
70.02,70.02,52.52,67.19,61.84
67.93,67.93,47.52,64.48,60.59
67.08,67.08,47.00,64.74,63.56
70.03,70.03,40.10,61.74,62.39
68.58,68.58,42.72,65.78,63.56
67.26,67.26,42.83,64.19,61.65
67.99,67.99,38.57,64.79,60.99
69.02,69.02,39.55,60.10,61.01
70.72,70.72,38.65,58.40,62.07
71.06,71.06,37.85,57.70,62.63
69.23,69.23,38.92,60.06,62.31
68.46,68.46,37.25,61.88,62.14
70.22,70.22,39.34,59.22,60.53
69.48,69.48,42.73,58.36,60.39
63.14,63.14,48.44,58.50,60.99
64.62,64.62,68.10,56.65,62.58
62.45,62.45,68.45,56.90,63.64
65.84,65.84,67.46,52.54,64.93
72.27,72.27,64.04,69.40,64.72
70.05,70.05,58.85,69.21,61.25
73.62,73.62,53.71,66.76,61.57
74.28,74.28,48.87,66.98,60.49
72.83,72.83,45.90,65.89,61.79
66.93,66.93,41.94,65.33,60.60
68.65,68.65,40.80,64.79,59.37
67.78,67.78,38.14,64.66,61.36
70.85,70.85,38.71,64.10,63.40
71.60,71.60,43.91,63.88,62.76
71.30,71.30,43.68,63.00,60.58
70.50,70.50,39.81,61.23,61.55
69.39,69.39,40.06,60.47,60.97
69.43,69.43,49.19,61.21,62.65
69.93,69.93,45.75,60.38,64.18
69.53,69.53,39.42,59.31,62.46
68.85,68.85,38.32,57.61,61.49
68.89,68.89,49.95,55.97,59.34
71.41,71.41,57.43,50.34,58.95
67.25,67.25,70.31,47.38,60.18
60.51,60.51,82.42,43.13,56.81
65.65,65.65,82.65,39.92,57.95
68.29,68.29,70.77,42.77,58.66
70.20,70.20,74.99,43.09,61.10
71.42,71.42,77.01,45.27,60.24
70.51,70.51,75.84,45.49,61.75
69.38,69.38,74.73,47.02,62.39
71.26,71.26,69.28,44.77,61.29
74.26,74.26,65.46,45.73,60.50
72.95,72.95,59.17,46.84,61.92
69.00,69.00,54.21,49.81,62.15
69.14,69.14,53.95,46.65,64.27
70.25,70.25,49.89,45.59,62.56
71.78,71.78,47.97,46.04,63.46
66.51,66.51,49.01,52.29,61.96
67.76,67.76,48.82,51.75,61.48
70.89,70.89,45.93,46.98,63.22
69.66,69.66,48.25,46.86,61.54
68.58,68.58,45.80,46.96,63.06
67.69,67.69,51.71,48.00,62.77
63.21,63.21,53.97,50.42,61.39
58.43,58.43,57.13,39.28,57.62
60.91,60.91,70.03,39.25,55.48
58.97,58.97,78.67,41.99,52.64
51.20,51.20,78.61,33.49,52.78
50.98,50.98,75.95,28.88,51.87
56.15,56.15,75.69,32.74,54.94
55.25,55.25,70.76,39.27,57.65
59.44,59.44,68.13,40.14,60.05
62.79,62.79,65.51,46.45,62.16
62.07,62.07,63.01,47.51,61.85
57.90,57.90,59.40,48.73,59.97
56.08,56.08,59.50,50.81,61.46
56.03,56.03,54.59,49.62,61.21
58.85,58.85,53.19,49.44,63.94
54.71,54.71,54.11,51.28,64.70
51.45,51.45,52.99,49.96,63.68
50.98,50.98,51.33,45.06,61.81
55.19,55.19,46.43,44.70,60.50
53.17,53.17,43.12,46.29,61.91
50.41,50.41,44.57,44.19,63.98
50.28,50.28,43.66,43.78,64.83
46.94,46.94,45.04,46.12,63.30
43.30,43.30,44.45,40.96,61.87
44.47,44.47,44.19,36.92,59.33
52.53,52.53,54.07,47.87,61.79
60.97,60.97,66.53,44.48,64.09
62.33,62.33,68.23,47.76,64.67
62.06,62.06,66.59,56.49,61.94
62.84,62.84,64.89,53.96,59.80
70.83,70.83,61.55,46.11,58.99
71.98,71.98,58.08,45.29,60.81
71.38,71.38,54.25,45.27,60.90
71.55,71.55,50.46,42.58,62.51
68.96,68.96,47.51,37.32,60.30
65.79,65.79,44.87,38.31,58.03
66.42,66.42,44.49,36.28,59.04
60.71,60.71,47.50,32.66,61.25
58.97,58.97,55.92,20.99,61.30
49.67,49.67,70.66,9.86,59.01
45.69,45.69,82.72,9.68,54.65
52.95,52.95,79.89,18.14,54.94
54.72,54.72,75.57,24.06,59.60
54.60,54.60,70.35,32.08,62.14
50.43,50.43,65.98,34.79,62.50
50.90,50.90,54.99,45.65,60.63
49.61,49.61,59.52,47.61,59.56
47.12,47.12,52.82,45.50,57.64
45.07,45.07,58.97,59.04,56.57
48.38,48.38,69.53,67.61,57.93
52.56,52.56,79.85,66.06,57.40
48.02,48.02,80.89,72.60,55.48
57.50,57.50,75.93,74.19,59.26
63.29,63.29,76.04,77.04,57.81
64.43,64.43,65.35,79.23,59.48
66.35,66.35,57.14,79.54,59.99
66.36,66.36,54.10,78.67,60.56
62.37,62.37,52.84,78.48,60.48
64.19,64.19,50.29,78.56,59.73
65.51,65.51,47.11,78.33,60.88
57.05,57.05,44.46,77.17,61.75
52.23,52.23,46.04,76.81,61.04
53.36,53.36,50.63,77.72,62.61
50.70,50.70,50.15,78.64,63.01
50.37,50.37,46.61,78.10,63.02
54.44,54.44,37.49,78.55,62.97
61.66,61.66,42.75,78.63,61.45
67.66,67.66,44.29,77.68,63.69
69.05,69.05,36.53,77.02,62.94
68.40,68.40,35.82,78.17,61.60
68.46,68.46,41.62,78.17,61.26
69.37,69.37,56.55,77.91,60.27
65.25,65.25,63.62,74.11,62.73
56.11,56.11,79.43,68.01,58.30
64.20,64.20,81.29,55.40,57.49
66.49,66.49,78.32,67.05,59.09
64.43,64.43,71.25,73.00,58.69
68.67,68.67,65.63,72.86,60.42
70.72,70.72,59.04,73.46,58.75
70.26,70.26,57.17,74.64,62.13
69.89,69.89,55.33,76.36,60.39
69.43,69.43,51.60,77.00,60.44
69.69,69.69,50.22,77.41,59.74
67.57,67.57,49.48,77.09,60.27
68.22,68.22,48.92,76.71,60.49
66.99,66.99,48.62,75.35,61.67
64.24,64.24,48.25,76.58,61.47
58.56,58.56,47.52,77.06,60.87
57.56,57.56,45.94,76.89,60.26
56.72,56.72,44.25,77.08,61.50
58.72,58.72,41.57,76.65,62.29
60.74,60.74,37.93,75.98,61.79
60.90,60.90,39.75,76.39,61.43
58.95,58.95,50.66,76.96,61.34
54.66,54.66,60.13,77.02,58.05
51.21,51.21,73.77,75.14,54.57
52.03,52.03,78.51,70.47,51.40
54.49,54.49,78.52,68.22,51.78
56.17,56.17,75.41,71.68,53.72
60.56,60.56,73.68,71.86,57.04
65.75,65.75,70.30,72.80,56.46
65.56,65.56,65.55,73.34,56.97
67.14,67.14,64.13,73.37,57.66
68.60,68.60,58.14,73.48,57.60
69.12,69.12,55.14,73.76,58.45
69.30,69.30,50.84,74.52,60.62
67.45,67.45,51.13,74.71,59.96
66.92,66.92,56.72,74.77,60.49
68.04,68.04,68.38,70.81,62.88
66.78,66.78,67.04,58.04,62.24
66.39,66.39,55.68,64.22,61.39
68.43,68.43,43.65,73.06,60.50
69.45,69.45,46.04,74.65,59.69
68.62,68.62,40.23,74.93,60.16
67.94,67.94,35.86,74.36,60.53
68.56,68.56,41.66,73.93,58.91
70.07,70.07,49.83,72.81,58.45
70.87,70.87,55.92,73.44,59.04
67.45,67.45,73.16,73.31,57.68
60.66,60.66,81.55,70.44,59.78
63.44,63.44,80.11,63.47,57.24
65.20,65.20,78.38,60.53,60.17
67.63,67.63,68.01,61.27,60.30
69.20,69.20,65.65,69.90,59.30
67.63,67.63,59.75,75.15,60.34
67.26,67.26,59.87,78.59,60.12
67.62,67.62,56.81,77.75,58.50
67.19,67.19,53.83,78.90,58.10
67.56,67.56,51.18,77.73,58.95
67.35,67.35,47.23,78.66,60.61
66.09,66.09,46.35,78.97,59.97
65.12,65.12,44.60,77.21,61.48
59.94,59.94,41.87,78.68,60.20
57.93,57.93,41.33,76.80,59.91
54.96,54.96,38.35,79.37,60.25
54.10,54.10,37.59,77.74,60.64
56.56,56.56,37.87,79.33,62.27
55.48,55.48,37.86,77.98,61.73
52.59,52.59,37.80,77.81,60.84
51.63,51.63,41.96,79.21,58.61
52.07,52.07,47.84,77.76,60.11
54.99,54.99,51.84,79.00,62.32
61.31,61.31,68.24,76.39,62.78
57.74,57.74,67.43,78.64,59.59
59.46,59.46,64.52,77.05,61.11
59.54,59.54,60.48,78.20,61.30
60.52,60.52,59.16,76.85,61.91
58.48,58.48,54.16,76.67,61.61
61.76,61.76,51.94,78.25,61.65
60.05,60.05,48.48,76.63,60.91
61.18,61.18,44.21,78.33,62.67
63.61,63.61,43.50,75.99,60.36
64.78,64.78,44.68,78.45,61.38
61.04,61.04,51.63,76.26,61.06
59.84,59.84,69.28,75.11,60.42
58.71,58.71,71.70,70.30,60.71
62.87,62.87,68.23,73.90,59.67
61.89,61.89,67.20,77.42,58.93
62.59,62.59,57.92,76.28,60.89
60.73,60.73,52.04,77.54,60.76
62.79,62.79,46.89,75.66,62.29
61.95,61.95,39.62,77.70,60.54
63.24,63.24,40.16,75.97,60.14
63.74,63.74,51.71,77.09,61.83
62.79,62.79,63.32,75.34,60.64
58.88,58.88,80.06,72.89,60.81
54.03,54.03,78.15,75.36,57.56
59.92,59.92,74.15,73.55,58.20
65.40,65.40,75.83,76.12,58.95
65.77,65.77,72.98,74.99,57.70
66.86,66.86,69.07,77.97,60.05
67.91,67.91,69.58,77.05,61.20
65.62,65.62,67.04,77.19,60.41
65.57,65.57,60.27,74.61,60.91
66.16,66.16,57.16,71.73,58.80
66.61,66.61,54.74,73.60,61.25
67.08,67.08,54.21,73.48,61.88
68.69,68.69,51.94,74.64,61.41
70.92,70.92,51.55,72.36,62.59
70.14,70.14,49.03,74.78,61.67
68.04,68.04,48.95,73.07,59.48
69.23,69.23,44.85,74.40,61.94
70.76,70.76,43.31,73.73,62.10
69.73,69.73,42.70,73.19,62.22
68.04,68.04,45.74,73.88,61.25
65.43,65.43,49.02,72.01,60.96
57.23,57.23,52.22,74.17,60.47
51.55,51.55,57.19,71.49,57.79
53.84,53.84,78.86,69.67,56.42
57.19,57.19,77.67,63.49,53.42
56.02,56.02,77.56,66.85,52.71
56.70,56.70,76.60,68.02,52.87
57.35,57.35,72.46,67.91,55.88
60.77,60.77,70.28,69.27,56.03
66.47,66.47,66.61,67.48,59.95
69.52,69.52,62.86,69.74,59.32
71.26,71.26,57.20,68.55,59.12
70.85,70.85,55.71,70.97,58.15
70.84,70.84,51.86,68.35,59.20
71.33,71.33,49.86,70.52,62.03
68.77,68.77,51.80,69.81,62.40
68.13,68.13,51.81,69.66,63.00
60.91,60.91,46.69,70.65,62.72
65.11,65.11,41.00,68.98,59.82
65.21,65.21,42.61,71.03,61.49
60.66,60.66,39.58,68.79,63.29
64.71,64.71,37.93,70.53,63.36
68.73,68.73,42.56,68.75,63.30
62.97,62.97,42.62,70.17,61.49
56.19,56.19,42.60,68.79,60.88
62.61,62.61,46.68,69.47,60.31
68.71,68.71,55.22,69.96,61.97
68.37,68.37,70.13,68.67,63.03
69.66,69.66,68.44,69.23,62.42
70.44,70.44,66.38,65.18,61.95
69.98,69.98,64.46,56.89,59.18
69.19,69.19,60.36,57.50,60.45
69.69,69.69,56.28,45.56,63.10
65.79,65.79,53.27,45.60,62.88
67.18,67.18,51.13,43.07,61.65
66.66,66.66,47.74,29.89,60.43
67.04,67.04,45.94,35.67,59.34
67.31,67.31,48.63,41.87,60.76
61.83,61.83,48.72,41.59,63.24
62.93,62.93,55.76,41.04,62.65
60.24,60.24,60.81,26.83,62.66
57.98,57.98,82.32,21.95,58.02
56.73,56.73,81.50,21.42,59.16
57.21,57.21,76.76,27.44,61.89
61.99,61.99,72.71,35.42,61.64
61.96,61.96,70.26,37.86,63.00
64.37,64.37,61.15,43.04,60.18
61.89,61.89,58.94,43.76,59.35
62.31,62.31,61.98,41.68,59.28
59.31,59.31,79.17,50.77,58.46
57.64,57.64,84.14,55.02,56.66
58.38,58.38,81.47,54.63,59.32
60.81,60.81,76.68,61.19,61.76
64.01,64.01,66.36,69.33,61.16
64.31,64.31,60.03,74.13,63.29
63.34,63.34,57.70,75.09,60.90
64.33,64.33,48.40,78.99,61.96
63.80,63.80,50.85,79.26,61.19
64.22,64.22,44.30,79.60,62.61
63.64,63.64,42.53,79.13,62.51
65.29,65.29,39.83,78.22,61.34
66.01,66.01,38.30,79.39,62.12
66.26,66.26,35.30,79.48,62.45
65.07,65.07,37.31,79.15,62.67
65.54,65.54,38.80,78.31,63.53
65.85,65.85,37.90,77.50,62.41
66.61,66.61,36.31,78.50,62.58
66.17,66.17,33.00,78.66,62.36
66.31,66.31,33.75,78.48,63.23
67.17,67.17,40.66,78.96,61.82
67.33,67.33,55.83,78.38,61.74
65.12,65.12,64.34,76.41,58.61
61.57,61.57,78.97,70.61,54.88
58.87,58.87,81.80,68.81,53.28
62.55,62.55,75.70,66.78,58.81
63.06,63.06,73.77,67.72,61.77
64.70,64.70,66.29,74.48,62.73
64.82,64.82,59.30,76.49,61.24
64.38,64.38,53.82,77.72,61.60
66.33,66.33,52.78,77.94,61.99
66.70,66.70,50.46,78.92,62.23
67.16,67.16,43.98,79.45,63.18
67.74,67.74,37.58,78.77,62.59
67.05,67.05,36.52,79.12,63.24
66.96,66.96,35.52,79.31,62.44
67.05,67.05,36.02,79.12,63.19
67.06,67.06,36.30,78.99,63.81
67.08,67.08,35.18,78.95,60.91
67.43,67.43,34.19,79.03,61.34
66.93,66.93,30.38,79.02,62.41
66.66,66.66,31.01,78.77,62.74
66.40,66.40,37.89,78.73,62.46
66.22,66.22,53.63,78.65,59.50
63.06,63.06,62.68,78.43,59.03
59.12,59.12,79.04,70.52,57.79
58.11,58.11,74.79,71.06,56.62
60.25,60.25,77.35,72.23,56.95
61.42,61.42,75.65,72.64,56.92
62.35,62.35,73.02,74.32,57.05
64.75,64.75,70.61,76.03,57.97
64.28,64.28,63.24,76.80,58.86
65.09,65.09,59.67,78.02,61.37
65.99,65.99,55.97,78.19,60.11
66.20,66.20,52.96,78.30,62.09
65.64,65.64,49.06,77.86,61.07
64.95,64.95,46.82,78.13,60.80
65.77,65.77,40.49,78.25,61.58
68.74,68.74,44.16,78.19,63.43
69.36,69.36,40.03,78.80,61.32
68.38,68.38,37.65,79.27,63.59
67.63,67.63,37.43,79.05,61.48
65.46,65.46,35.37,77.86,62.11
65.78,65.78,34.07,79.17,60.51
67.27,67.27,39.64,79.34,62.77
67.00,67.00,43.65,75.60,61.81
64.12,64.12,45.21,78.82,63.79
65.21,65.21,57.25,76.45,59.73
64.93,64.93,67.06,76.81,59.11
63.58,63.58,78.66,73.46,56.55
62.09,62.09,80.25,71.19,56.96
66.16,66.16,78.94,71.29,61.47
66.84,66.84,74.39,76.61,57.58
67.67,67.67,68.90,77.31,59.75
68.80,68.80,60.88,76.07,59.42
69.38,69.38,57.34,76.44,58.83
67.31,67.31,53.31,78.91,61.69
66.73,66.73,51.73,77.30,60.96
68.44,68.44,48.11,78.09,61.26
71.69,71.69,43.81,78.53,58.35
71.61,71.61,42.51,78.07,61.01
70.05,70.05,35.44,77.94,61.53
67.85,67.85,34.14,77.55,61.41
65.00,65.00,33.17,79.42,61.18
65.05,65.05,32.06,78.54,60.14
66.46,66.46,30.23,77.62,59.18
67.18,67.18,30.23,78.13,59.54
67.01,67.01,30.45,79.18,61.28
65.49,65.49,27.20,78.29,61.36
66.77,66.77,27.88,77.94,61.84
68.32,68.32,38.26,77.79,57.45
69.57,69.57,49.86,78.91,60.15
66.03,66.03,63.35,77.52,59.55
64.33,64.33,68.41,76.97,60.24
65.03,65.03,65.60,77.59,59.25
65.21,65.21,63.04,78.60,58.85
66.26,66.26,59.13,77.42,59.67
64.76,64.76,54.25,77.12,60.05
65.93,65.93,49.97,77.40,59.70
65.58,65.58,45.45,78.68,61.62
68.02,68.02,41.07,77.48,60.21
69.51,69.51,38.24,77.13,60.86
69.26,69.26,34.52,77.71,58.42
67.51,67.51,32.66,78.56,59.21
63.81,63.81,33.43,77.40,59.12
63.64,63.64,32.95,77.20,60.82
61.20,61.20,33.43,77.58,59.11
63.68,63.68,32.66,78.59,60.71
65.04,65.04,32.89,77.27,59.48
68.15,68.15,32.55,76.74,61.42
69.78,69.78,31.07,77.24,61.25
68.07,68.07,34.06,78.19,63.56
66.97,66.97,43.55,76.51,61.81
66.44,66.44,56.37,75.72,60.70
64.65,64.65,65.89,76.07,58.18
58.88,58.88,79.55,75.26,54.69
59.99,59.99,78.49,74.24,55.71
63.69,63.69,73.65,74.30,57.79
63.99,63.99,74.47,75.37,58.35
69.63,69.63,72.59,71.88,59.36
70.93,70.93,69.99,69.01,60.92
68.44,68.44,72.82,71.93,62.77
67.69,67.69,70.85,75.38,62.16
66.91,66.91,65.40,75.63,62.42
67.24,67.24,57.60,74.75,63.28
67.67,67.67,54.90,73.58,63.71
67.57,67.57,51.46,75.62,61.27
66.44,66.44,49.26,75.77,61.72
66.94,66.94,46.95,74.45,61.44
67.59,67.59,45.22,74.71,63.06
68.51,68.51,42.28,75.92,59.95
70.99,70.99,40.03,75.12,58.49
71.60,71.60,38.50,74.33,58.57
71.30,71.30,37.39,74.13,59.78
71.47,71.47,42.39,75.59,58.58
71.04,71.04,48.24,74.73,59.94
70.99,70.99,55.33,73.60,55.82
70.11,70.11,65.85,72.86,53.09
64.29,64.29,78.24,67.63,54.58
62.87,62.87,77.59,67.30,55.74
66.20,66.20,75.79,64.20,54.11
67.19,67.19,75.58,66.43,53.57
70.32,70.32,70.62,69.64,55.97
69.90,69.90,68.01,69.83,55.91
68.92,68.92,64.06,69.87,57.38
71.13,71.13,60.14,70.96,60.94
70.48,70.48,54.32,72.22,61.44
71.96,71.96,53.57,72.01,61.07
71.48,71.48,47.25,71.77,59.51
71.68,71.68,49.64,71.49,58.99
72.00,72.00,48.21,72.39,60.47
71.41,71.41,45.45,72.15,62.01
72.95,72.95,41.55,71.04,62.44
71.59,71.59,39.58,71.15,61.22
73.67,73.67,37.96,72.73,58.30
72.40,72.40,33.19,71.43,60.05
73.28,73.28,32.87,70.54,65.11
72.49,72.49,36.61,70.40,65.34
73.35,73.35,36.24,71.33,63.34
70.95,70.95,39.53,70.91,62.10
72.16,72.16,47.97,64.66,59.87
72.31,72.31,60.37,64.71,62.87
74.05,74.05,68.63,60.88,61.43
73.84,73.84,67.27,60.18,63.08
71.19,71.19,64.59,63.99,61.64
70.88,70.88,62.22,59.31,61.97
70.69,70.69,57.42,66.58,60.37
70.78,70.78,52.05,58.07,59.07
71.52,71.52,49.10,59.51,61.27
72.45,72.45,44.15,60.42,61.38
71.90,71.90,40.70,56.29,62.22
72.41,72.41,38.12,53.14,60.24
72.48,72.48,44.08,49.95,58.14
72.83,72.83,50.97,40.94,60.06
71.91,71.91,63.59,33.49,60.29
66.32,66.32,83.96,27.92,58.10
68.04,68.04,80.70,26.80,58.09
71.46,71.46,75.54,31.74,59.46
72.43,72.43,69.10,41.11,60.57
72.92,72.92,65.82,38.98,62.26
72.81,72.81,59.83,44.14,63.32
72.41,72.41,54.41,44.28,64.12
73.45,73.45,48.71,35.81,62.09
73.94,73.94,50.36,42.99,59.57
72.39,72.39,63.06,64.19,58.84
69.39,69.39,75.75,72.90,59.30
65.19,65.19,81.55,69.54,54.32
68.91,68.91,79.29,68.96,61.63
70.51,70.51,69.11,73.03,60.14
66.66,66.66,66.09,74.20,63.00
59.56,59.56,58.15,74.06,61.64
60.93,60.93,55.97,75.81,63.38
62.17,62.17,54.93,78.70,64.89
64.56,64.56,50.73,78.77,63.41
64.65,64.65,45.78,78.62,62.30
64.71,64.71,43.67,78.52,62.81
64.91,64.91,38.48,79.93,60.11
63.55,63.55,36.61,79.68,64.79
64.49,64.49,36.09,79.47,62.46
64.57,64.57,37.98,79.66,63.68
63.27,63.27,39.28,79.35,60.04
62.88,62.88,38.06,78.33,61.63
62.00,62.00,35.90,79.11,60.29
61.19,61.19,33.09,79.90,63.49
61.34,61.34,34.33,79.91,61.70
61.28,61.28,43.58,79.45,64.39
61.01,61.01,52.52,78.83,59.42
60.93,60.93,62.14,77.69,56.07
59.85,59.85,78.43,71.74,57.12
55.61,55.61,82.06,68.82,57.69
53.11,53.11,74.94,72.08,57.23
54.96,54.96,76.93,76.29,60.65
56.70,56.70,65.82,78.65,58.59
56.72,56.72,61.54,78.42,60.89
56.52,56.52,59.61,78.11,61.06
56.76,56.76,58.99,79.27,63.21
55.45,55.45,56.46,79.32,62.13
53.83,53.83,55.75,79.64,62.82
54.54,54.54,53.17,79.86,60.16
55.62,55.62,53.00,79.65,60.23
54.94,54.94,50.20,79.60,61.72
52.94,52.94,48.44,79.38,63.38
54.02,54.02,45.40,79.24,63.94
53.78,53.78,44.77,79.09,62.17
51.50,51.50,43.89,78.97,58.85
49.13,49.13,43.03,78.93,60.60
47.18,47.18,41.10,79.18,63.90
48.06,48.06,42.36,79.49,63.49
48.65,48.65,51.40,79.64,62.41
41.38,41.38,55.44,78.96,58.06
24.95,24.95,68.27,77.58,55.03
29.48,29.48,79.77,72.93,52.92
38.64,38.64,77.55,71.39,54.21
40.35,40.35,75.84,73.59,54.71
36.94,36.94,74.11,75.20,56.33
39.58,39.58,71.31,76.02,55.40
45.31,45.31,66.10,76.43,55.53
49.77,49.77,62.78,77.29,57.33
51.69,51.69,59.88,77.90,61.14
49.45,49.45,56.71,78.27,62.30
46.11,46.11,55.31,78.14,60.89
40.82,40.82,51.10,78.04,59.19
36.18,36.18,52.53,78.12,59.44
41.03,41.03,64.94,76.72,61.64
42.08,42.08,72.11,76.15,61.76
39.63,39.63,58.53,77.89,62.28
40.78,40.78,55.69,79.18,60.84
44.25,44.25,48.52,79.44,57.53
44.32,44.32,43.94,79.47,59.56
43.21,43.21,41.33,79.01,61.75
38.72,38.72,46.07,77.78,63.76
30.26,30.26,51.05,79.41,59.85
22.73,22.73,57.92,77.84,58.86
16.06,16.06,68.10,74.78,58.04
9.31,9.31,81.40,68.69,57.31
12.81,12.81,78.94,60.77,58.25
15.09,15.09,79.33,64.88,61.27
12.13,12.13,65.64,62.46,61.24
17.45,17.45,69.76,68.15,63.37
17.47,17.47,64.46,74.94,62.22
14.55,14.55,62.77,75.71,62.87
11.41,11.41,60.11,76.57,62.96
12.97,12.97,56.54,77.75,64.90
12.43,12.43,54.76,76.48,61.25
14.91,14.91,52.21,78.13,63.82
17.83,17.83,49.27,74.66,63.21
18.81,18.81,46.09,76.64,62.63
19.57,19.57,41.26,75.67,64.10
21.94,21.94,39.76,77.50,63.18
22.26,22.26,36.85,74.66,64.05
22.49,22.49,33.32,75.31,62.05
23.72,23.72,31.82,77.05,63.79
25.62,25.62,31.85,75.40,62.65
27.26,27.26,32.65,76.31,65.41
28.26,28.26,30.83,73.46,65.13
27.53,27.53,28.47,76.20,62.85
26.56,26.56,25.62,75.01,63.84
27.65,27.65,26.04,76.21,61.79
30.01,30.01,24.97,74.08,64.13
31.75,31.75,23.03,74.65,63.87
33.85,33.85,22.73,76.19,64.57
34.90,34.90,24.36,74.31,63.50
35.85,35.85,30.79,75.80,63.36
38.71,38.71,40.60,72.62,63.88
42.41,42.41,51.24,75.17,63.69
44.35,44.35,52.76,74.33,62.83
45.66,45.66,48.70,75.55,65.24
47.68,47.68,42.46,74.60,63.22
47.80,47.80,40.15,73.44,64.31
46.93,46.93,32.68,75.64,63.17
45.01,45.01,34.60,74.00,63.65
47.63,47.63,35.81,75.52,64.91
47.76,47.76,33.91,72.92,62.38
47.67,47.67,36.46,75.72,63.81
45.96,45.96,34.22,74.63,64.43
49.02,49.02,35.50,75.36,62.85
59.40,59.40,36.42,75.18,64.13
52.27,52.27,33.37,73.45,63.57
52.60,52.60,34.00,75.59,63.00
59.80,59.80,27.64,73.42,62.70
59.20,59.20,26.74,75.05,63.51
65.24,65.24,25.33,72.98,63.71
66.80,66.80,27.05,74.63,62.53
68.58,68.58,29.32,73.61,63.39
66.95,66.95,31.98,73.76,60.52
66.24,66.24,34.06,74.02,61.48
66.11,66.11,33.06,72.01,61.51
62.63,62.63,33.11,74.20,62.42
65.38,65.38,32.02,72.11,63.16
64.14,64.14,28.88,73.86,62.42
62.65,62.65,26.45,72.03,62.16
58.17,58.17,23.58,73.40,60.96
61.27,61.27,21.94,72.60,61.03
62.15,62.15,21.81,72.87,63.16
60.95,60.95,21.79,73.10,62.94
60.57,60.57,21.18,71.25,64.48
62.11,62.11,20.72,73.26,63.21
65.02,65.02,20.10,71.07,63.43
66.08,66.08,19.68,72.61,63.14
67.77,67.77,21.58,70.75,62.17
66.43,66.43,35.23,72.26,62.02
67.60,67.60,45.70,71.38,62.21
67.61,67.61,54.24,71.32,60.71
64.59,64.59,67.63,71.49,60.24
62.61,62.61,67.72,69.55,60.27
59.40,59.40,65.83,70.71,61.32
64.57,64.57,59.82,69.11,61.34
65.31,65.31,51.87,70.91,60.96
65.07,65.07,47.04,69.26,60.61
66.81,66.81,41.12,70.77,58.76
66.93,66.93,38.86,69.57,60.86
68.62,68.62,36.98,69.62,61.70
70.31,70.31,34.78,70.03,62.54
68.77,68.77,32.84,68.55,59.47
67.64,67.64,31.35,69.82,60.14
67.48,67.48,30.74,67.78,60.40
66.86,66.86,31.65,69.84,60.26
69.05,69.05,29.60,67.99,61.27
69.53,69.53,30.61,69.32,60.67
68.44,68.44,29.27,67.85,59.00
69.82,69.82,31.79,68.09,60.31
70.35,70.35,31.29,68.78,58.98
69.63,69.63,29.50,67.16,62.09
68.41,68.41,27.44,68.85,61.29
67.45,67.45,26.53,66.99,60.58
65.87,65.87,24.48,68.41,59.93
66.36,66.36,21.38,66.35,58.31
67.54,67.54,23.20,67.92,60.58
69.60,69.60,25.20,65.48,61.07
70.81,70.81,27.24,60.83,61.30
69.83,69.83,26.50,68.76,60.33
70.92,70.92,28.33,66.47,58.53
70.65,70.65,28.67,64.70,58.92
68.86,68.86,29.08,68.02,58.65
68.74,68.74,28.60,62.57,59.69
68.21,68.21,28.54,52.68,61.29
67.36,67.36,27.27,50.06,60.57
66.73,66.73,26.37,49.72,57.99
64.79,64.79,28.13,49.14,57.45
63.00,63.00,32.41,48.49,61.09
56.57,56.57,36.57,44.51,58.12
57.24,57.24,30.85,32.97,55.16
59.99,59.99,34.88,30.97,54.49
59.00,59.00,39.35,36.20,52.40
57.53,57.53,35.69,32.95,51.93
56.04,56.04,37.75,33.40,51.57
55.39,55.39,37.34,33.75,52.37
55.08,55.08,32.15,34.87,49.92
55.30,55.30,28.42,40.44,48.06
57.24,57.24,29.06,43.44,47.32
63.49,63.49,35.95,58.22,53.14
69.81,69.81,29.25,61.00,57.85
70.25,70.25,28.13,56.38,58.13
71.58,71.58,27.63,57.39,54.64
70.70,70.70,28.28,38.15,49.74
69.76,69.76,33.62,41.28,52.79
69.97,69.97,34.99,40.43,55.13
69.09,69.09,38.26,39.50,55.99
68.37,68.37,40.50,39.70,55.44
71.55,71.55,39.55,36.59,53.86
69.92,69.92,41.10,33.35,49.95
68.33,68.33,41.82,26.65,46.04
69.02,69.02,40.31,24.49,48.71
68.49,68.49,35.63,25.17,45.60
67.97,67.97,37.19,22.42,45.13
68.99,68.99,36.23,19.76,43.11
67.38,67.38,34.82,16.81,42.07
68.80,68.80,32.36,17.39,42.93
69.71,69.71,33.35,14.95,43.51
68.63,68.63,34.23,22.50,42.52
67.28,67.28,49.33,21.10,43.15
68.17,68.17,53.74,26.03,44.79
64.22,64.22,76.33,42.05,55.79
62.63,62.63,81.89,57.24,54.23
65.84,65.84,78.00,64.42,56.46
68.01,68.01,75.12,63.30,59.37
67.67,67.67,73.63,71.55,58.95
67.17,67.17,63.62,74.68,60.16
69.16,69.16,63.40,75.15,60.43
69.37,69.37,52.40,74.25,59.63
68.87,68.87,55.64,73.79,58.93
68.12,68.12,52.94,76.44,58.82
66.17,66.17,43.63,74.24,58.03
65.67,65.67,46.57,75.12,58.92
66.16,66.16,38.70,75.59,59.32
68.24,68.24,35.36,75.15,58.96
69.04,69.04,33.60,74.08,57.40
68.45,68.45,30.57,75.13,59.66
68.37,68.37,26.25,75.10,58.88
68.42,68.42,26.34,75.41,58.76
68.46,68.46,27.75,74.22,58.16
69.37,69.37,38.31,74.98,58.93
69.38,69.38,52.08,75.88,56.78
68.72,68.72,61.04,73.97,51.97
64.73,64.73,77.21,66.97,48.58
62.59,62.59,77.63,65.31,43.51
63.48,63.48,78.88,65.78,45.44
63.26,63.26,75.27,68.09,48.88
64.65,64.65,74.43,70.46,46.74
67.32,67.32,71.98,71.28,48.84
68.29,68.29,67.04,72.42,48.73
69.30,69.30,63.71,65.82,48.24
68.41,68.41,60.76,55.37,47.55
66.21,66.21,58.98,45.99,44.31
68.31,68.31,55.23,45.49,42.26
66.47,66.47,55.61,46.51,42.06
67.22,67.22,56.74,44.08,43.88
63.54,63.54,59.22,41.80,43.18
64.61,64.61,55.78,35.92,41.53
69.46,69.46,53.93,41.48,48.60
68.39,68.39,49.59,39.07,56.64
66.17,66.17,43.34,31.96,56.22
66.50,66.50,44.96,31.52,53.26
69.61,69.61,47.91,32.88,49.82
70.76,70.76,46.28,32.20,52.78
71.42,71.42,44.14,24.23,56.09
72.15,72.15,50.49,28.08,54.51
72.15,72.15,53.15,39.02,53.82
70.69,70.69,78.70,55.58,58.41
62.66,62.66,81.22,63.13,56.62
61.80,61.80,76.27,68.01,59.95
64.17,64.17,80.11,72.72,60.44
65.21,65.21,67.37,72.69,64.36
65.41,65.41,64.58,73.93,65.61
65.38,65.38,60.44,75.11,62.13
67.13,67.13,55.36,75.19,61.36
66.09,66.09,53.13,75.03,61.70
68.37,68.37,49.93,75.01,61.95
69.55,69.55,47.53,75.28,62.29
70.12,70.12,44.18,74.06,62.50
71.61,71.61,43.48,76.61,61.87
71.15,71.15,39.52,75.75,61.48
65.67,65.67,32.61,75.67,64.30
65.73,65.73,33.71,75.24,63.03
66.88,66.88,32.75,75.97,62.56
66.29,66.29,28.71,75.56,61.97
66.38,66.38,29.91,75.37,62.09
65.74,65.74,26.01,75.66,63.50
67.78,67.78,29.18,75.28,63.82
68.13,68.13,32.48,75.57,64.48
65.69,65.69,41.53,75.30,65.03
67.43,67.43,54.03,75.36,65.08
68.68,68.68,61.05,75.81,67.66
67.89,67.89,59.78,74.60,62.51
66.73,66.73,56.29,74.04,64.92
67.18,67.18,51.23,74.74,64.78
66.49,66.49,45.48,74.53,64.80
65.94,65.94,39.82,74.92,65.66
64.26,64.26,38.40,75.13,62.40
61.54,61.54,35.78,75.17,64.22
59.73,59.73,35.06,75.43,63.18
71.31,71.31,38.62,75.62,61.26
72.15,72.15,40.91,75.10,63.06
72.24,72.24,38.24,75.19,59.58
69.57,69.57,35.69,74.90,60.54
68.21,68.21,35.87,74.60,61.91
67.80,67.80,36.60,74.67,61.33
68.22,68.22,35.18,74.62,61.50
68.82,68.82,35.29,74.35,62.56
68.63,68.63,34.08,74.84,60.25
67.92,67.92,35.61,74.54,62.01
68.04,68.04,42.45,74.95,62.51
69.10,69.10,52.48,75.18,59.25
69.10,69.10,62.28,73.22,60.49
66.06,66.06,78.25,72.42,58.85
59.54,59.54,80.47,72.23,53.48
63.85,63.85,72.95,72.40,56.65
67.71,67.71,75.37,71.10,60.22
69.07,69.07,74.04,68.73,60.62
68.46,68.46,71.89,69.20,60.63
68.42,68.42,74.46,72.96,59.38
68.69,68.69,72.47,73.45,59.02
68.54,68.54,65.47,72.56,61.95
67.98,67.98,60.42,73.81,62.25
67.98,67.98,55.48,73.94,62.13
65.40,65.40,53.37,73.82,60.24
68.77,68.77,51.23,73.05,62.02
72.24,72.24,51.06,73.50,62.06
72.06,72.06,49.87,73.55,61.05
67.21,67.21,48.49,73.88,63.38
62.66,62.66,46.27,73.02,63.21
63.41,63.41,45.46,73.62,61.80
62.62,62.62,43.92,74.05,61.83
62.86,62.86,46.72,73.90,61.84
62.37,62.37,50.16,73.74,62.40
60.32,60.32,52.26,73.60,62.62
55.30,55.30,60.98,72.56,57.96
51.38,51.38,79.51,66.60,58.41
47.06,47.06,77.45,63.53,55.57
49.11,49.11,78.03,66.08,56.56
50.59,50.59,75.97,67.62,58.32
52.82,52.82,72.58,69.55,61.41
50.09,50.09,69.97,70.36,59.72
51.27,51.27,66.23,71.61,61.35
51.70,51.70,62.92,71.77,62.05
50.63,50.63,56.38,71.92,60.64
52.91,52.91,57.19,72.46,64.66
54.74,54.74,54.77,71.53,62.75
53.84,53.84,48.10,72.18,63.25
53.19,53.19,46.87,72.19,61.72
51.45,51.45,51.24,72.54,63.56
51.61,51.61,49.28,72.06,63.75
49.76,49.76,43.62,72.77,63.67
50.04,50.04,42.65,73.46,64.88
44.98,44.98,38.89,72.89,62.78
40.05,40.05,40.60,72.52,60.78
43.61,43.61,41.77,72.58,63.07
44.37,44.37,41.33,72.24,63.95
42.31,42.31,41.42,72.49,64.06
45.63,45.63,43.97,72.41,64.05
47.27,47.27,53.63,72.48,63.98
59.01,59.01,68.76,71.94,63.60
59.87,59.87,68.01,71.57,62.63
66.43,66.43,65.55,72.63,64.68
74.65,74.65,64.72,72.44,62.86
71.19,71.19,60.00,70.92,61.04
65.30,65.30,57.20,71.57,61.02
67.23,67.23,57.93,71.42,59.96
68.20,68.20,54.83,70.96,61.16
70.31,70.31,51.98,70.86,61.94
69.23,69.23,49.97,70.56,62.17
70.31,70.31,49.58,70.10,61.13
69.52,69.52,56.27,68.05,57.64
68.23,68.23,67.12,59.93,57.65
64.06,64.06,81.86,55.99,57.58
65.71,65.71,80.30,55.22,57.78
68.18,68.18,77.87,58.16,59.85
67.66,67.66,68.58,59.58,59.92
66.94,66.94,69.02,64.15,58.73
67.50,67.50,60.51,65.69,58.19
67.58,67.58,56.59,66.72,60.45
67.60,67.60,50.40,69.22,61.02
68.94,68.94,53.84,69.18,60.28
70.68,70.68,61.83,67.33,57.88
68.64,68.64,72.97,61.91,57.29
60.09,60.09,81.55,63.35,55.19
58.47,58.47,80.96,64.56,54.40
68.18,68.18,77.89,64.90,58.30
67.51,67.51,73.04,63.82,58.13
70.15,70.15,73.15,63.90,57.87
68.73,68.73,69.22,67.45,59.50
70.35,70.35,59.70,68.69,58.53
71.22,71.22,52.08,68.40,60.24
71.36,71.36,55.15,69.89,60.15
70.77,70.77,50.48,68.91,61.10
65.38,65.38,46.24,64.23,59.74
65.96,65.96,44.61,70.73,59.61
67.79,67.79,44.47,69.47,61.87
66.34,66.34,41.30,67.96,62.22
63.49,63.49,40.59,68.57,62.22
59.44,59.44,38.16,68.76,62.54
62.86,62.86,36.72,68.28,60.97
60.79,60.79,36.76,68.43,59.64
57.73,57.73,35.55,69.08,60.30
60.99,60.99,38.96,69.25,62.52
63.02,63.02,53.92,67.64,61.14
61.08,61.08,62.39,64.29,59.98
57.76,57.76,74.92,61.47,61.30
49.09,49.09,82.51,61.60,58.03
56.43,56.43,80.70,62.38,59.11
61.80,61.80,78.11,62.14,61.20
59.92,59.92,71.65,60.96,58.43
62.89,62.89,69.83,63.98,59.57
68.04,68.04,65.72,68.35,61.15
67.87,67.87,60.26,67.04,60.74
68.86,68.86,56.81,66.74,62.39
69.12,69.12,53.03,67.64,61.62
67.43,67.43,52.70,65.84,63.44
67.17,67.17,51.92,63.70,62.56
65.61,65.61,47.79,68.62,61.09
66.00,66.00,44.30,66.33,61.90
65.99,65.99,43.28,65.98,63.14
61.90,61.90,40.40,66.68,64.35
61.48,61.48,38.59,67.14,63.89
65.63,65.63,36.71,67.15,60.38
62.26,62.26,36.22,67.48,60.64
59.55,59.55,35.94,67.64,62.94
63.84,63.84,46.23,67.78,62.73
62.95,62.95,56.57,65.83,61.28
57.20,57.20,66.25,62.46,58.40
55.60,55.60,80.89,57.44,57.17
63.82,63.82,77.88,59.86,52.44
63.09,63.09,76.92,58.76,55.08
65.95,65.95,75.65,56.38,58.29
64.29,64.29,71.37,59.70,59.77
68.97,68.97,67.60,62.45,60.99
69.41,69.41,65.49,62.30,57.48
68.33,68.33,59.44,63.16,60.86
70.26,70.26,54.96,63.68,61.38
68.98,68.98,57.40,63.91,61.98
68.07,68.07,51.53,61.83,62.18
68.36,68.36,56.15,60.59,61.01
67.03,67.03,61.66,57.25,60.87
69.44,69.44,77.44,55.16,61.00
68.88,68.88,71.90,53.32,61.84
67.90,67.90,68.15,58.30,62.85
66.83,66.83,59.88,63.60,64.36
68.74,68.74,55.78,63.65,63.96
69.75,69.75,48.65,65.46,61.22
69.39,69.39,45.74,64.05,60.10
71.20,71.20,45.60,63.49,63.05
69.84,69.84,54.22,60.23,62.67
68.13,68.13,63.70,50.87,61.56
61.93,61.93,81.95,55.30,60.96
56.55,56.55,81.69,54.67,58.72
57.64,57.64,80.55,54.69,60.28
60.48,60.48,77.29,51.76,63.57
60.04,60.04,76.04,47.72,63.76
65.77,65.77,74.06,53.11,62.77
67.21,67.21,61.58,56.09,59.48
67.93,67.93,61.40,60.41,62.05
68.78,68.78,58.19,63.24,61.00
68.65,68.65,56.64,60.09,61.84
69.36,69.36,52.37,56.04,61.66
67.17,67.17,52.01,61.68,59.53
66.58,66.58,49.93,62.05,59.78
69.03,69.03,46.57,62.47,59.16
67.26,67.26,43.77,60.85,63.14
69.62,69.62,44.36,62.42,61.44
67.36,67.36,41.75,62.00,61.93
66.20,66.20,41.34,61.40,61.75
63.16,63.16,42.48,62.68,59.31
61.19,61.19,40.54,62.00,60.66
61.18,61.18,40.95,62.73,62.96
63.01,63.01,47.43,61.92,61.53
61.84,61.84,54.31,61.71,61.94
58.73,58.73,64.57,62.58,61.90
57.51,57.51,69.24,59.30,60.59
56.90,56.90,68.95,62.06,60.50
60.13,60.13,65.69,61.57,62.86
61.54,61.54,61.86,63.26,61.83
63.05,63.05,59.56,62.72,62.22
65.28,65.28,57.46,61.75,61.10
63.36,63.36,55.59,61.05,58.21
62.77,62.77,54.08,61.48,61.28
66.32,66.32,52.51,59.96,61.53
69.52,69.52,51.81,59.26,61.80
70.21,70.21,54.50,55.43,62.15
69.79,69.79,58.07,47.90,59.49
67.58,67.58,76.89,43.86,61.54
66.79,66.79,73.62,41.96,62.58
66.40,66.40,70.45,44.95,61.83
67.93,67.93,57.90,50.18,62.26
65.02,65.02,60.47,51.49,60.34
64.21,64.21,55.67,55.99,59.00
65.91,65.91,52.61,55.55,60.56
66.79,66.79,48.48,51.75,61.74
66.10,66.10,52.20,42.75,63.86
67.40,67.40,58.45,34.77,61.83
64.51,64.51,71.02,40.23,60.68
60.88,60.88,82.85,39.76,55.78
61.01,61.01,83.64,38.75,56.13
65.36,65.36,72.93,40.81,58.26
64.01,64.01,76.06,32.46,61.17
66.32,66.32,76.82,37.79,61.52
62.82,62.82,74.45,42.25,58.81
53.68,53.68,75.91,39.59,56.72
55.15,55.15,71.38,39.63,59.81
57.63,57.63,66.13,40.67,60.10
59.22,59.22,61.02,49.71,62.89
60.51,60.51,57.78,53.34,61.80
60.38,60.38,56.15,49.29,58.70
56.48,56.48,53.15,41.35,58.20
58.18,58.18,49.83,37.80,58.00
61.44,61.44,46.06,46.74,62.51
64.40,64.40,42.23,42.26,61.75
65.90,65.90,44.15,36.52,62.60
68.49,68.49,43.42,42.33,57.91
69.20,69.20,42.77,39.51,59.98
69.77,69.77,40.91,42.18,59.31
69.14,69.14,49.15,43.58,61.36
69.66,69.66,58.12,25.36,57.10
64.37,64.37,70.31,24.74,51.79
57.95,57.95,78.99,29.93,50.94
56.62,56.62,79.08,9.17,47.28
53.91,53.91,75.51,17.16,47.97
54.10,54.10,75.90,23.44,49.05
56.65,56.65,71.58,27.74,52.84
60.82,60.82,68.57,29.27,54.24
62.86,62.86,64.49,22.96,51.00
62.67,62.67,62.87,31.87,53.10
66.60,66.60,58.08,30.48,55.75
69.95,69.95,56.82,33.55,57.45
70.98,70.98,52.49,33.77,59.25
69.97,69.97,53.87,34.83,55.48
72.30,72.30,56.27,35.00,54.13
69.15,69.15,53.17,35.69,55.61
69.22,69.22,48.24,35.18,57.88
68.60,68.60,42.90,32.69,58.75
70.16,70.16,41.98,34.54,56.40
70.37,70.37,43.05,29.90,54.39
67.15,67.15,45.03,34.63,56.03
61.77,61.77,46.12,29.01,54.70
67.33,67.33,43.44,33.34,56.69
63.41,63.41,44.20,31.99,57.33
61.40,61.40,43.66,33.88,56.13
63.67,63.67,44.71,32.40,55.55
62.60,62.60,44.16,34.22,55.58
66.47,66.47,44.14,27.10,57.90
61.57,61.57,46.11,33.32,55.41
63.75,63.75,47.10,28.07,59.00
69.07,69.07,47.75,27.35,54.52
68.72,68.72,45.69,30.29,52.51
62.58,62.58,46.05,34.81,51.74
62.97,62.97,44.68,33.15,53.79
63.46,63.46,44.77,30.84,54.70
64.03,64.03,46.12,27.51,54.14
64.10,64.10,46.09,30.86,52.84
63.22,63.22,47.07,29.45,53.45
64.42,64.42,46.42,29.06,53.75
64.58,64.58,47.10,24.00,52.49
65.11,65.11,48.17,26.70,54.22
65.54,65.54,49.03,26.36,53.06
64.61,64.61,50.37,27.46,50.41
64.80,64.80,50.93,24.68,47.52
63.90,63.90,50.68,17.59,48.92
63.44,63.44,52.02,31.37,48.09
59.41,59.41,56.33,39.51,49.54
58.25,58.25,65.88,45.62,54.10
56.56,56.56,75.76,59.64,59.59
58.37,58.37,82.10,61.82,60.10
55.62,55.62,78.70,64.51,62.20
49.50,49.50,77.32,67.73,65.47
46.79,46.79,73.97,76.59,65.46
52.49,52.49,68.31,79.09,65.66
54.58,54.58,68.47,79.19,66.24
56.10,56.10,64.73,78.53,67.50
53.26,53.26,66.23,78.84,68.04
51.47,51.47,65.46,78.71,67.65
44.18,44.18,65.15,79.43,68.44
48.51,48.51,66.01,78.89,68.68
40.44,40.44,67.00,78.90,69.10
43.16,43.16,64.19,80.54,65.44
42.21,42.21,64.02,79.65,66.07
40.97,40.97,64.61,77.26,66.85
42.39,42.39,64.87,78.91,68.89
45.20,45.20,63.71,80.94,66.33
51.46,51.46,62.62,80.88,65.41
54.30,54.30,64.22,79.86,68.03
54.53,54.53,63.98,78.43,67.27
48.76,48.76,64.32,79.64,67.65
40.84,40.84,68.43,79.76,65.04
38.17,38.17,78.36,76.04,61.48
38.16,38.16,78.03,69.00,61.00
40.10,40.10,80.48,76.14,61.62
37.76,37.76,77.41,75.66,63.17
45.66,45.66,71.65,74.50,70.47
46.79,46.79,67.50,73.95,68.59
48.52,48.52,65.38,74.41,70.17
50.10,50.10,63.91,75.70,70.74
52.88,52.88,63.85,74.54,70.09
51.50,51.50,65.24,76.10,70.28
44.40,44.40,66.31,77.29,69.58
45.30,45.30,65.88,75.56,71.91
52.44,52.44,65.59,75.80,69.65
56.50,56.50,64.56,76.17,69.97
54.30,54.30,63.33,77.16,72.02
49.67,49.67,63.89,77.31,71.26
55.35,55.35,64.61,76.04,69.99
60.99,60.99,63.27,75.98,69.50
62.42,62.42,62.65,75.92,68.58
61.73,61.73,64.77,75.45,70.82
53.45,53.45,63.91,76.31,68.98
44.60,44.60,67.29,75.10,67.77
43.45,43.45,78.19,72.00,65.55
33.24,33.24,76.74,68.87,61.22
34.97,34.97,77.23,70.17,60.51
40.87,40.87,76.26,71.48,64.89
42.78,42.78,74.93,71.55,65.84
46.83,46.83,71.91,72.90,67.18
54.82,54.82,70.64,74.29,67.88
55.58,55.58,67.17,73.27,71.11
52.97,52.97,64.17,73.81,71.22
50.39,50.39,62.84,73.70,70.79
51.60,51.60,63.61,73.80,72.08
45.72,45.72,63.22,74.31,71.45
44.90,44.90,63.13,72.79,72.09
46.41,46.41,61.80,75.13,71.63
50.48,50.48,61.72,74.77,73.26
57.58,57.58,60.78,74.95,72.73
58.63,58.63,60.99,74.89,70.46
63.10,63.10,59.37,75.87,70.02
65.26,65.26,60.30,79.19,70.72
63.97,63.97,59.05,78.22,69.59
62.72,62.72,58.71,80.02,69.78
60.31,60.31,59.86,77.81,68.21
50.65,50.65,64.87,78.19,66.93
43.55,43.55,73.74,73.81,65.76
39.98,39.98,80.86,65.74,64.57
41.96,41.96,77.61,67.17,64.27
47.33,47.33,79.08,73.83,63.91
48.36,48.36,72.21,72.71,67.20
52.64,52.64,69.53,76.90,67.77
51.50,51.50,62.99,79.12,69.73
50.13,50.13,64.22,78.12,71.48
47.06,47.06,63.95,77.20,72.03
45.94,45.94,62.67,79.59,68.55
43.35,43.35,62.38,78.31,71.50
43.55,43.55,62.48,77.60,70.87
44.82,44.82,64.66,76.83,72.04
46.80,46.80,62.36,78.66,71.12
46.64,46.64,62.82,78.50,71.27
47.37,47.37,61.29,77.62,70.96
49.96,49.96,61.52,77.53,72.10
51.71,51.71,61.83,78.61,71.95
51.37,51.37,61.80,79.02,71.82
52.57,52.57,61.95,78.29,72.40
51.32,51.32,61.53,78.15,70.60
53.58,53.58,62.00,79.20,70.05
52.88,52.88,62.38,78.74,71.39
51.90,51.90,63.05,78.47,69.48
52.76,52.76,66.70,78.62,71.59
52.94,52.94,65.37,79.70,70.98
49.72,49.72,65.33,78.48,71.57
52.29,52.29,62.58,77.48,71.25
56.22,56.22,61.16,77.64,72.09
58.98,58.98,58.91,78.82,71.14
59.51,59.51,58.95,78.54,72.71
59.28,59.28,58.02,78.07,67.93
60.15,60.15,59.73,77.98,69.63
61.33,61.33,60.09,79.54,69.22
61.80,61.80,59.09,78.51,65.68
63.18,63.18,61.02,78.03,67.19
65.04,65.04,59.00,78.50,65.59
66.88,66.88,58.83,79.91,66.14
67.38,67.38,58.22,78.54,66.26
67.79,67.79,57.28,78.52,67.67
67.06,67.06,58.50,78.87,67.31
65.74,65.74,57.57,80.41,66.18
65.97,65.97,59.32,79.43,67.65
65.99,65.99,57.17,78.17,68.65
66.57,66.57,58.23,79.01,67.29
64.52,64.52,59.62,80.24,64.88
63.14,63.14,59.55,78.93,67.13
64.94,64.94,60.77,78.69,66.25
62.90,62.90,59.98,78.72,67.10
63.84,63.84,59.07,80.30,67.29
61.59,61.59,57.88,79.24,68.72
60.44,60.44,55.96,78.98,69.86
55.84,55.84,57.28,78.51,70.10
54.80,54.80,55.07,80.06,69.20
57.20,57.20,54.68,79.19,68.97
60.09,60.09,54.37,78.41,68.30
59.13,59.13,54.55,78.47,68.50
56.50,56.50,54.84,80.29,69.05
54.78,54.78,59.50,79.21,67.51
58.26,58.26,58.92,78.44,69.39
54.06,54.06,56.66,78.80,67.97
48.58,48.58,54.77,80.16,69.74
49.25,49.25,54.45,79.00,68.50
47.61,47.61,52.86,78.72,67.64
44.24,44.24,51.50,78.74,69.03
47.14,47.14,50.45,80.68,69.80
43.06,43.06,52.97,79.09,69.34
39.91,39.91,54.26,78.76,65.96
36.40,36.40,60.57,79.61,64.08
37.43,37.43,69.25,79.90,62.79
31.89,31.89,78.08,69.82,59.86
26.93,26.93,78.46,74.14,57.20
32.78,32.78,75.69,74.90,60.41
34.49,34.49,76.70,72.67,61.08
31.56,31.56,71.63,75.93,60.00
30.90,30.90,70.46,76.43,63.71
32.54,32.54,67.56,77.60,64.30
33.28,33.28,65.78,79.59,64.67
35.23,35.23,57.09,78.45,67.94
34.81,34.81,56.15,78.52,68.16
31.18,31.18,55.44,78.96,67.48
31.36,31.36,59.19,80.12,67.74
34.88,34.88,57.78,79.39,68.53
35.19,35.19,54.11,78.65,67.50
32.81,32.81,52.60,79.16,66.76
30.52,30.52,49.01,80.26,66.19
29.22,29.22,49.07,79.49,68.06
29.23,29.23,48.44,79.07,65.06
28.92,28.92,47.67,79.31,65.22
28.48,28.48,47.88,80.91,64.58
27.39,27.39,48.67,79.33,63.04
27.77,27.77,50.85,78.39,66.34
30.36,30.36,55.14,75.98,69.01
29.44,29.44,61.80,78.93,69.73
28.22,28.22,59.86,74.44,68.74
24.92,24.92,56.68,72.99,69.74
22.32,22.32,54.11,71.09,70.36
21.15,21.15,51.40,69.07,68.68
24.18,24.18,51.47,67.21,68.80
22.77,22.77,50.68,57.93,67.90
23.44,23.44,50.14,59.55,68.05
22.07,22.07,49.72,63.29,67.76
23.42,23.42,53.24,50.58,69.53
23.66,23.66,60.37,52.87,69.50
21.47,21.47,71.42,46.08,69.59
16.98,16.98,81.88,49.93,63.20
20.78,20.78,80.38,54.68,65.73
21.34,21.34,76.58,58.84,65.98
21.67,21.67,71.60,62.90,64.97
24.03,24.03,73.05,66.03,66.79
22.53,22.53,72.24,60.26,66.23
23.08,23.08,66.07,53.68,65.84
21.77,21.77,61.20,54.51,65.29
18.93,18.93,65.38,58.49,64.68
15.39,15.39,65.59,79.64,62.55
15.43,15.43,68.01,76.33,63.25
13.81,13.81,80.32,73.18,59.89
13.64,13.64,77.33,69.06,63.98
11.08,11.08,77.44,70.29,66.48
11.28,11.28,74.66,74.41,64.56
9.10,9.10,68.52,76.47,64.78
13.21,13.21,68.63,75.32,69.34
17.88,17.88,66.13,76.10,69.23
17.38,17.38,65.75,77.28,69.73
10.88,10.88,65.19,78.53,66.71
5.21,5.21,67.76,77.99,67.56
5.42,5.42,65.91,77.52,67.67
7.59,7.59,66.82,78.99,69.95
10.97,10.97,65.20,79.13,69.22
9.74,9.74,65.37,78.68,68.83
12.21,12.21,64.93,79.01,69.87
9.03,9.03,64.72,78.11,69.63
9.95,9.95,64.95,78.59,71.70
10.94,10.94,64.35,79.03,71.41
12.96,12.96,65.11,78.90,70.31
13.71,13.71,64.16,79.31,71.24
13.16,13.16,65.55,79.19,68.91
11.54,11.54,67.86,77.21,65.89
12.96,12.96,73.69,76.53,61.34
11.27,11.27,79.40,73.73,60.79
12.44,12.44,75.58,73.13,62.73
13.43,13.43,79.43,72.89,66.31
20.14,20.14,67.92,70.50,67.31
27.32,27.32,65.67,73.84,66.94
27.28,27.28,65.67,75.55,67.08
24.53,24.53,65.26,74.72,69.02
24.67,24.67,66.25,76.43,69.24
26.64,26.64,67.74,74.81,67.96
20.89,20.89,68.12,73.33,66.95
26.04,26.04,67.87,74.06,68.06
25.77,25.77,67.41,73.06,69.72
24.76,24.76,66.26,75.91,70.62
27.46,27.46,67.91,73.40,66.81
23.56,23.56,67.59,73.29,68.14
16.13,16.13,67.23,73.85,66.20
26.13,26.13,67.89,74.15,69.07
27.83,27.83,66.59,75.14,68.78
21.16,21.16,67.84,75.32,68.19
20.51,20.51,65.96,75.04,67.77
18.77,18.77,66.25,74.89,65.93
25.57,25.57,66.27,73.80,64.49
22.42,22.42,67.13,73.00,63.56
24.94,24.94,73.41,72.03,65.33
19.99,19.99,78.11,70.59,63.23
16.84,16.84,77.68,68.05,59.66
14.93,14.93,75.18,71.51,59.22
15.30,15.30,76.30,73.23,60.10
21.29,21.29,71.13,75.27,61.79
22.92,22.92,69.95,75.64,61.62
17.43,17.43,66.95,76.95,65.59
13.94,13.94,65.00,77.28,66.59
14.88,14.88,67.12,77.90,67.74
12.74,12.74,63.40,78.43,67.63
17.25,17.25,63.74,78.00,66.78
20.33,20.33,64.68,78.30,64.91
18.35,18.35,63.25,78.17,65.51
17.10,17.10,63.15,77.75,65.36
16.10,16.10,61.25,79.33,66.08
16.63,16.63,60.33,79.71,65.57
16.43,16.43,61.52,80.38,64.13
20.65,20.65,60.53,80.60,65.14
23.30,23.30,61.05,80.90,65.23
20.39,20.39,61.03,79.60,66.70
23.60,23.60,61.70,80.46,65.97
17.81,17.81,65.26,80.03,61.62
15.82,15.82,74.20,75.44,62.64
12.41,12.41,81.84,68.56,59.25
12.24,12.24,74.39,67.81,61.66
12.12,12.12,77.68,73.82,63.38
12.34,12.34,74.06,77.15,64.32
14.67,14.67,68.54,75.18,67.43
15.37,15.37,66.34,76.40,68.54
14.44,14.44,65.17,76.97,67.19
17.12,17.12,67.25,78.21,67.58
18.51,18.51,66.16,79.02,68.70
20.28,20.28,67.92,77.79,67.76
21.97,21.97,68.70,79.37,66.85
24.16,24.16,68.81,78.08,67.60
21.89,21.89,68.33,79.01,66.44
18.77,18.77,67.64,77.80,67.06
28.00,28.00,68.16,78.84,67.34
29.51,29.51,66.99,77.92,66.48
27.45,27.45,66.51,78.85,68.94
28.15,28.15,64.82,79.54,68.74
28.75,28.75,65.37,77.57,68.92
27.27,27.27,65.75,79.90,68.62
25.64,25.64,66.33,77.50,68.60
28.20,28.20,66.25,79.63,68.38
31.23,31.23,67.31,77.44,68.71
34.07,34.07,67.88,78.48,67.74
33.37,33.37,67.00,77.48,67.11
32.13,32.13,65.61,79.21,67.13
32.93,32.93,64.35,79.65,66.36
32.35,32.35,64.49,77.88,66.53
25.93,25.93,63.25,80.54,63.58
26.67,26.67,63.36,78.82,64.35
29.67,29.67,63.12,80.23,65.03
29.08,29.08,62.97,78.75,65.61
35.98,35.98,62.19,79.48,67.98
40.51,40.51,63.11,79.45,67.13
45.02,45.02,64.27,79.35,65.93
54.49,54.49,61.98,79.40,67.24
56.20,56.20,61.40,78.23,67.48
61.31,61.31,59.31,80.57,65.80
64.58,64.58,59.12,79.17,65.83
63.43,63.43,59.63,80.84,66.34
65.06,65.06,59.27,79.04,64.65
67.12,67.12,59.56,79.88,64.47
67.98,67.98,59.12,80.01,63.38
64.32,64.32,59.26,79.69,64.98
63.31,63.31,60.22,80.43,65.49
65.38,65.38,61.40,78.56,67.05
64.68,64.68,62.19,81.08,67.07
64.31,64.31,60.80,78.95,66.63
66.11,66.11,60.21,80.43,68.99
67.65,67.65,58.47,78.93,69.16
67.06,67.06,58.43,80.07,67.90
68.40,68.40,58.72,79.88,67.88
67.67,67.67,58.21,78.91,67.41
67.23,67.23,58.24,80.86,67.91
67.04,67.04,55.80,78.54,66.48
65.56,65.56,53.87,80.85,67.45
64.63,64.63,52.45,78.81,67.67
65.71,65.71,51.93,80.54,67.46
66.02,66.02,49.33,78.98,67.14
66.35,66.35,48.91,80.12,65.66
66.45,66.45,49.65,80.49,64.97
66.18,66.18,51.29,79.38,65.22
65.77,65.77,51.10,80.93,65.75
65.84,65.84,50.84,79.14,67.20
65.46,65.46,50.01,81.42,63.73
65.72,65.72,51.31,79.53,66.04
64.59,64.59,52.44,80.88,67.02
62.69,62.69,58.29,79.86,64.32
61.51,61.51,64.58,79.85,58.26
54.55,54.55,77.44,73.58,55.57
52.98,52.98,76.36,70.96,53.24
53.27,53.27,76.47,74.71,56.02
53.74,53.74,73.99,74.56,57.09
53.43,53.43,72.40,76.94,58.11
55.01,55.01,68.91,77.44,56.18
63.20,63.20,68.48,79.36,52.48
66.28,66.28,65.69,79.59,56.07
68.82,68.82,60.03,79.95,56.31
68.09,68.09,57.72,80.70,56.24
69.19,69.19,58.01,78.99,56.68
69.59,69.59,57.66,80.85,58.33
66.48,66.48,55.04,79.19,59.09
59.13,59.13,54.90,81.70,57.61
59.86,59.86,55.95,79.96,57.06
61.11,61.11,55.19,81.81,55.96
63.07,63.07,52.87,80.45,54.22
63.82,63.82,51.92,81.44,55.26
63.17,63.17,51.13,81.60,53.04
59.03,59.03,50.37,80.60,54.47
53.40,53.40,51.18,81.95,55.68
49.18,49.18,52.19,80.15,54.16
51.41,51.41,55.43,81.74,57.72
52.50,52.50,57.34,79.58,59.99
56.75,56.75,55.96,81.27,59.69
66.37,66.37,53.02,77.95,59.59
73.92,73.92,51.92,71.82,56.37
73.60,73.60,49.53,67.36,56.33
70.92,70.92,49.92,68.61,54.20
69.45,69.45,48.17,64.35,53.64
72.17,72.17,47.96,65.98,54.46
71.52,71.52,49.37,69.76,54.36
72.28,72.28,51.05,74.45,53.51
66.10,66.10,54.20,74.55,54.14
60.84,60.84,61.76,74.95,60.09
57.12,57.12,61.70,69.32,61.75
48.29,48.29,58.05,67.52,62.32
45.78,45.78,54.44,65.69,62.41
49.26,49.26,54.47,64.56,57.20
51.30,51.30,53.37,66.27,55.15
51.23,51.23,53.93,66.85,54.38
51.50,51.50,56.52,72.79,54.55
48.74,48.74,52.84,70.25,54.66
46.51,46.51,51.57,65.45,54.10
44.33,44.33,53.78,64.54,54.05
42.89,42.89,51.13,60.68,52.46
46.72,46.72,49.51,53.57,49.27
52.10,52.10,50.01,47.97,50.68
60.92,60.92,45.05,44.23,51.89
62.37,62.37,40.34,41.92,51.05
69.55,69.55,42.99,42.71,53.48
71.22,71.22,37.38,33.11,48.55
72.60,72.60,36.72,34.85,49.57
72.02,72.02,36.43,33.77,48.48
70.36,70.36,37.42,25.75,52.59
71.77,71.77,38.90,30.65,51.10
71.20,71.20,41.81,38.94,48.74
69.69,69.69,44.11,41.63,47.54
67.68,67.68,42.53,36.37,46.85
68.29,68.29,41.26,30.56,43.30
70.82,70.82,39.57,34.79,42.02
71.41,71.41,39.85,31.13,44.07
71.69,71.69,39.70,32.01,43.79
71.37,71.37,39.96,35.22,44.65
69.74,69.74,41.07,34.35,45.51
68.11,68.11,40.02,34.23,43.96
70.15,70.15,45.36,31.58,45.74
69.85,69.85,50.80,31.75,45.82
69.20,69.20,63.22,37.25,55.20
61.79,61.79,82.06,51.40,55.07
60.28,60.28,80.37,49.78,58.32
68.12,68.12,78.80,61.84,60.47
69.48,69.48,77.12,67.74,61.66
68.93,68.93,66.00,71.71,60.94
67.77,67.77,62.44,74.27,63.02
67.42,67.42,57.42,74.23,61.86
68.05,68.05,56.87,74.73,61.64
69.51,69.51,55.22,73.85,63.12
69.54,69.54,52.51,74.25,61.95
67.60,67.60,44.44,73.97,62.34
68.88,68.88,44.24,73.97,61.45
70.62,70.62,43.08,75.62,61.10
71.47,71.47,40.55,73.37,60.50
70.70,70.70,40.80,74.12,61.45
67.19,67.19,38.35,74.70,62.12
65.04,65.04,39.18,74.28,61.81
64.37,64.37,41.13,73.42,61.54
61.72,61.72,41.45,74.62,58.98
62.20,62.20,47.77,74.25,59.41
63.57,63.57,57.38,74.89,58.57
62.25,62.25,65.77,71.87,56.28
55.32,55.32,79.56,65.11,51.54
51.88,51.88,77.56,63.93,51.95
54.23,54.23,78.25,67.62,49.72
54.73,54.73,77.59,67.56,50.41
57.73,57.73,71.66,71.46,49.27
66.02,66.02,70.24,67.20,50.67
64.50,64.50,65.38,69.51,51.83
65.58,65.58,62.99,70.34,50.69
70.29,70.29,54.38,69.31,50.15
67.98,67.98,53.51,69.24,48.74
65.81,65.81,50.90,70.78,47.81
65.80,65.80,49.90,69.49,48.05
67.13,67.13,51.11,65.86,50.24
72.26,72.26,50.61,69.22,45.96
72.35,72.35,48.62,58.85,45.72
68.00,68.00,46.36,53.28,47.49
67.62,67.62,41.34,56.97,46.03
70.01,70.01,42.35,52.13,48.01
70.42,70.42,44.10,49.64,47.66
69.81,69.81,48.91,63.83,47.50
69.28,69.28,43.03,60.31,46.55
70.18,70.18,50.11,59.30,44.48
66.79,66.79,51.00,51.41,43.95
67.62,67.62,65.20,49.67,54.39
62.41,62.41,82.94,55.30,57.09
64.19,64.19,83.36,57.12,60.04
66.18,66.18,74.66,60.37,62.17
66.41,66.41,73.91,64.08,61.95
67.90,67.90,71.24,66.84,62.04
67.69,67.69,69.00,69.85,62.05
66.84,66.84,60.51,69.90,60.86
68.94,68.94,54.13,71.04,61.33
67.56,67.56,47.84,70.81,62.11
66.16,66.16,49.64,70.95,59.27
66.91,66.91,47.25,68.74,61.51
67.36,67.36,48.56,70.50,62.26
66.84,66.84,43.33,66.06,62.88
66.10,66.10,38.87,63.73,61.20
68.49,68.49,37.66,66.87,61.20
68.21,68.21,35.68,65.56,61.56
68.83,68.83,31.88,64.81,61.23
68.93,68.93,29.96,65.20,61.53
70.20,70.20,33.51,65.00,62.59
69.60,69.60,30.00,63.16,62.27
67.90,67.90,33.18,58.10,61.43
68.86,68.86,42.36,58.90,63.31
74.16,74.16,50.32,63.16,63.62
73.53,73.53,67.48,63.77,68.59
72.25,72.25,67.85,70.45,69.39
71.17,71.17,65.27,67.41,67.15
67.30,67.30,64.05,68.53,64.69
66.88,66.88,60.24,67.85,66.33
69.76,69.76,55.62,66.33,67.24
70.27,70.27,53.49,65.01,63.60
70.67,70.67,49.88,64.72,64.22
70.17,70.17,47.77,64.88,63.99
68.90,68.90,46.46,64.61,64.47
68.68,68.68,44.78,63.17,62.63
68.68,68.68,43.26,62.44,64.00
69.34,69.34,44.29,62.08,64.14
69.88,69.88,43.10,61.78,64.23
68.60,68.60,44.26,61.17,62.59
69.68,69.68,42.52,61.33,63.46
70.27,70.27,39.26,60.77,64.26
70.90,70.90,43.60,59.29,64.22
69.53,69.53,42.75,58.57,64.88
69.81,69.81,45.23,57.80,63.55
70.20,70.20,51.37,54.83,62.73
69.05,69.05,60.43,48.52,60.90
65.73,65.73,71.05,42.26,61.74
61.65,61.65,82.31,38.83,58.90
65.94,65.94,82.59,32.04,57.39
66.46,66.46,70.23,29.57,59.41
67.32,67.32,75.96,30.09,59.39
67.41,67.41,76.52,41.20,62.58
66.61,66.61,74.49,35.62,61.56
66.80,66.80,75.75,42.45,61.82
68.53,68.53,69.96,39.98,62.30
66.85,66.85,64.53,34.17,62.71
66.54,66.54,62.61,46.66,61.89
66.89,66.89,55.87,44.41,61.82
67.18,67.18,51.60,40.45,63.33
68.16,68.16,52.36,41.56,63.52
69.16,69.16,52.39,42.87,61.94
67.40,67.40,49.46,46.33,62.08
68.56,68.56,49.24,40.21,61.08
69.53,69.53,46.44,41.29,61.72
69.73,69.73,50.24,41.57,63.26
69.33,69.33,49.21,44.81,64.17
69.34,69.34,49.13,38.70,61.92
68.97,68.97,52.33,40.01,61.38
69.64,69.64,59.27,32.45,58.60
63.11,63.11,70.90,31.29,58.38
60.35,60.35,78.88,29.56,55.55
60.86,60.86,77.96,22.55,54.68
61.90,61.90,75.13,24.55,56.49
64.61,64.61,75.78,27.29,57.23
65.66,65.66,69.74,32.83,55.97
66.06,66.06,67.74,35.91,59.93
66.86,66.86,63.54,30.36,59.74
68.06,68.06,61.50,35.86,60.33
69.07,69.07,56.74,31.43,60.94
67.44,67.44,57.69,34.87,58.15
67.61,67.61,52.34,34.97,61.79
71.64,71.64,54.15,38.49,62.66
68.90,68.90,56.28,39.59,61.29
65.60,65.60,53.85,37.77,62.85
63.46,63.46,50.94,37.24,60.98
63.74,63.74,47.58,38.87,61.23
65.60,65.60,41.37,38.19,61.56
68.41,68.41,42.45,40.83,63.42
66.36,66.36,44.83,36.10,63.91
61.59,61.59,42.49,32.32,62.50
59.49,59.49,45.60,39.20,62.61
56.19,56.19,44.28,41.00,61.70
56.55,56.55,53.78,41.42,62.44
58.20,58.20,66.35,37.35,65.06
56.57,56.57,70.12,42.74,65.76
53.02,53.02,68.31,44.07,62.94
52.90,52.90,65.70,48.08,63.07
58.81,58.81,62.92,35.08,61.01
61.00,61.00,58.47,34.09,61.93
62.22,62.22,56.18,40.79,63.34
61.45,61.45,54.67,38.16,63.71
61.02,61.02,50.55,36.84,61.96
60.16,60.16,49.30,35.84,60.15
54.67,54.67,49.35,38.74,60.86
54.35,54.35,49.82,30.91,62.88
50.52,50.52,54.49,16.99,60.58
51.88,51.88,72.60,15.03,59.38
41.13,41.13,82.39,17.16,54.57
40.90,40.90,79.77,5.57,55.10
47.43,47.43,75.48,2.12,59.79
50.77,50.77,70.70,17.01,61.13
49.37,49.37,66.23,26.27,62.53
45.91,45.91,53.36,31.10,62.14
40.33,40.33,57.47,30.55,60.09
36.49,36.49,53.73,27.65,57.19
38.68,38.68,56.56,13.08,54.01
40.59,40.59,72.18,6.80,55.32
42.56,42.56,78.09,0.08,55.07
42.77,42.77,79.90,-0.00,53.90
47.43,47.43,76.78,0.28,55.76
55.01,55.01,74.90,6.42,55.59
66.88,66.88,69.16,16.52,58.05
68.81,68.81,66.64,23.53,59.14
67.40,67.40,62.92,28.03,60.08
65.49,65.49,60.64,27.07,61.47
69.29,69.29,56.17,32.04,59.32
68.51,68.51,55.89,34.27,59.43
70.37,70.37,51.25,31.84,59.52
67.49,67.49,53.04,31.43,60.71
69.53,69.53,55.51,35.73,61.46
70.49,70.49,53.10,36.04,62.25
68.96,68.96,49.30,36.38,63.46
68.36,68.36,45.73,33.01,62.68
70.56,70.56,40.93,32.82,62.00
69.67,69.67,39.04,35.90,63.77
70.32,70.32,41.68,30.72,63.46
70.49,70.49,43.41,29.13,60.96
69.68,69.68,40.38,16.54,60.06
65.92,65.92,53.40,16.32,61.54
65.33,65.33,64.90,10.16,62.47
54.72,54.72,83.02,4.17,59.39
58.54,58.54,80.97,-0.00,55.59
63.26,63.26,81.11,0.03,60.78
67.43,67.43,79.05,4.12,59.96
70.01,70.01,75.47,15.28,62.00
68.57,68.57,71.06,26.37,62.39
67.44,67.44,62.09,31.70,63.18
67.01,67.01,57.78,32.85,62.22
68.33,68.33,55.22,29.07,62.05
68.90,68.90,53.22,25.26,61.59
69.92,69.92,57.96,29.57,61.78
70.30,70.30,51.81,33.85,62.42
70.00,70.00,47.26,31.60,62.39
70.26,70.26,43.87,37.27,61.83
71.55,71.55,42.32,37.73,61.91
71.37,71.37,41.10,36.43,61.95
70.91,70.91,38.49,32.09,63.00
71.90,71.90,40.35,40.89,63.01
71.10,71.10,40.05,36.24,62.36
69.37,69.37,43.49,36.96,61.87
68.15,68.15,51.96,26.38,61.54
64.51,64.51,61.41,15.91,57.95
62.48,62.48,73.39,12.35,56.44
59.92,59.92,79.28,0.52,54.56
61.96,61.96,78.04,0.87,52.88
66.30,66.30,75.94,4.45,54.08
63.74,63.74,73.05,9.43,54.87
65.03,65.03,69.16,14.05,57.45
67.43,67.43,65.78,19.00,58.79
67.67,67.67,62.66,20.02,58.30
66.34,66.34,59.93,29.78,59.05
67.63,67.63,57.46,29.52,60.77
69.77,69.77,54.78,33.38,58.90
69.55,69.55,53.09,31.03,61.92
69.78,69.78,52.94,22.30,60.71
71.10,71.10,70.40,27.88,60.48
70.97,70.97,75.33,33.40,60.35
70.65,70.65,69.73,29.18,60.11
69.19,69.19,64.74,33.93,59.75
68.92,68.92,54.87,32.20,61.78
68.83,68.83,50.25,29.38,61.57
67.98,67.98,46.50,31.82,61.68
70.10,70.10,47.07,29.64,61.82
69.62,69.62,51.15,27.52,59.73
63.10,63.10,58.09,12.62,60.93
59.20,59.20,75.13,14.84,59.77
50.49,50.49,82.31,24.65,58.91
51.46,51.46,80.06,27.17,60.75
56.59,56.59,82.38,37.31,60.01
65.02,65.02,79.61,43.14,59.99
65.91,65.91,73.87,45.26,59.06
68.15,68.15,70.28,53.23,59.86
69.80,69.80,61.27,50.22,60.29
68.73,68.73,59.18,46.15,61.84
66.49,66.49,57.83,37.62,62.59
65.64,65.64,56.90,34.49,62.17
67.00,67.00,54.83,34.86,62.66
67.66,67.66,48.44,40.49,62.48
68.10,68.10,43.57,31.84,63.09
66.41,66.41,42.66,38.30,61.68
64.86,64.86,43.01,43.89,63.29
64.21,64.21,42.19,41.23,63.42
64.33,64.33,40.79,42.34,62.93
64.38,64.38,40.47,41.97,62.71
64.92,64.92,39.47,36.20,64.24
65.33,65.33,40.13,41.94,64.00
63.07,63.07,38.68,41.90,60.95
62.24,62.24,41.00,29.63,61.47
64.60,64.60,48.29,38.68,63.69
66.44,66.44,68.47,39.50,66.32
65.62,65.62,68.03,47.25,63.65
71.09,71.09,65.26,41.70,64.36
70.65,70.65,62.89,34.98,63.26
65.70,65.70,59.44,38.81,62.38
67.47,67.47,54.51,35.62,64.76
69.37,69.37,51.02,35.57,66.73
70.86,70.86,48.46,26.10,64.50
70.18,70.18,47.72,22.49,63.35
69.99,69.99,49.33,23.28,63.82
68.99,68.99,49.30,21.90,64.26
68.71,68.71,49.91,10.56,63.46
68.61,68.61,66.66,18.81,62.60
68.68,68.68,79.16,27.42,61.78
67.44,67.44,71.18,29.07,62.16
68.87,68.87,65.51,24.38,60.78
69.54,69.54,57.83,32.44,62.34
68.16,68.16,52.96,33.16,62.57
68.31,68.31,51.88,28.89,63.00
69.93,69.93,49.56,24.59,61.97
68.56,68.56,45.49,22.77,61.63
67.46,67.46,53.90,19.32,61.08
65.33,65.33,60.16,6.95,60.76
61.20,61.20,81.16,2.03,62.71
59.98,59.98,81.33,9.65,61.63
61.58,61.58,79.36,17.06,60.02
63.22,63.22,75.42,26.75,61.57
63.22,63.22,73.46,34.09,61.10
60.58,60.58,76.57,39.99,61.90
60.48,60.48,75.78,42.82,63.54
61.62,61.62,73.68,48.67,62.20
63.22,63.22,67.59,47.81,62.75
62.90,62.90,61.59,48.57,61.67
62.72,62.72,56.52,44.25,62.35
61.66,61.66,55.09,41.51,64.40
63.25,63.25,52.64,35.58,63.83
64.29,64.29,50.10,34.51,64.05
62.93,62.93,51.42,31.19,64.35
66.54,66.54,49.72,41.54,62.99
67.16,67.16,46.30,34.84,63.92
63.12,63.12,44.72,40.10,63.49
62.25,62.25,44.27,37.72,63.55
63.53,63.53,40.62,37.39,64.79
64.81,64.81,43.63,32.19,62.40
64.30,64.30,53.09,29.66,60.25
62.11,62.11,62.03,15.84,60.85
57.84,57.84,78.47,15.82,59.71
55.45,55.45,78.50,8.33,55.63
53.93,53.93,78.06,7.91,53.30
55.74,55.74,76.82,11.78,54.84
60.21,60.21,71.74,12.35,56.99
61.21,61.21,70.05,18.96,59.28
63.32,63.32,66.05,14.85,61.84
63.52,63.52,62.94,21.06,62.00
64.17,64.17,57.36,25.72,61.08
63.86,63.86,58.84,24.98,59.17
63.81,63.81,52.90,21.02,59.46
63.83,63.83,54.44,29.10,62.96
63.04,63.04,54.05,28.22,63.63
59.98,59.98,56.77,27.17,63.27
64.56,64.56,53.02,29.98,61.80
72.15,72.15,49.62,28.88,61.14
72.28,72.28,44.58,32.04,61.38
70.59,70.59,43.80,35.73,63.45
68.26,68.26,47.14,32.73,63.34
68.34,68.34,48.58,33.28,64.10
67.53,67.53,46.59,33.21,59.46
68.52,68.52,45.01,36.12,60.73
68.96,68.96,46.09,31.78,60.08
69.21,69.21,45.98,33.41,61.58
71.68,71.68,44.50,33.08,62.93
73.31,73.31,42.19,31.27,63.48
70.90,70.90,46.44,32.66,61.03
66.89,66.89,45.56,25.85,58.23
67.16,67.16,44.30,26.14,62.77
69.90,69.90,45.21,27.18,62.70
71.17,71.17,44.54,33.91,63.65
71.47,71.47,42.44,30.97,60.94
70.19,70.19,41.65,26.08,60.36
70.36,70.36,43.53,26.66,57.86
71.07,71.07,42.69,28.40,61.13
69.56,69.56,42.77,26.32,61.97
69.54,69.54,41.05,29.13,62.70
69.28,69.28,44.15,27.45,61.89
67.86,67.86,42.84,28.99,61.32
68.76,68.76,42.09,26.80,59.77
69.36,69.36,40.58,26.95,62.06
67.91,67.91,43.86,29.33,63.40
68.05,68.05,40.55,31.90,63.08
69.49,69.49,44.88,40.36,60.76
70.63,70.63,51.75,53.42,57.16
70.35,70.35,66.36,65.87,54.74
59.37,59.37,80.18,69.66,58.50
61.00,61.00,80.06,62.60,56.82
61.45,61.45,75.95,69.41,61.60
60.80,60.80,81.05,73.96,62.32
62.95,62.95,74.81,75.95,63.90
64.42,64.42,70.67,77.83,66.93
65.24,65.24,63.50,77.01,66.10
64.69,64.69,62.65,76.60,67.08
67.40,67.40,63.56,79.76,64.52
68.13,68.13,64.02,81.01,64.28
67.84,67.84,64.06,81.11,63.66
68.83,68.83,64.73,81.18,64.60
68.00,68.00,65.52,80.11,64.82
65.59,65.59,64.51,79.09,65.11
66.52,66.52,64.80,79.64,65.69
65.40,65.40,63.87,80.91,65.87
63.23,63.23,63.29,81.18,67.04
62.67,62.67,62.71,81.53,66.56
61.98,61.98,62.50,81.38,65.07
62.60,62.60,62.18,79.25,65.88
61.90,61.90,62.10,80.78,63.77
59.21,59.21,65.73,79.85,62.79
52.21,52.21,76.67,77.57,61.15
51.53,51.53,75.49,76.01,59.91
50.97,50.97,79.50,76.67,57.67
53.98,53.98,74.04,75.10,61.95
55.35,55.35,71.77,77.11,65.21
57.92,57.92,70.03,76.65,64.60
58.15,58.15,65.67,76.26,65.87
59.63,59.63,64.97,76.31,68.42
57.50,57.50,65.89,75.58,68.26
59.11,59.11,66.23,75.13,67.17
60.32,60.32,65.49,74.66,67.59
60.20,60.20,67.58,75.16,69.33
58.53,58.53,66.58,75.78,68.23
58.80,58.80,67.65,75.23,66.66
54.75,54.75,67.80,76.34,68.27
55.97,55.97,66.08,76.10,65.11
55.53,55.53,64.43,73.97,64.09
59.10,59.10,65.63,75.92,67.81
56.80,56.80,65.98,76.20,66.76
59.25,59.25,65.27,75.99,66.90
55.53,55.53,65.48,75.90,65.94
55.25,55.25,65.50,76.06,67.65
56.65,56.65,65.57,76.18,64.06
57.41,57.41,65.36,75.63,65.38
58.77,58.77,70.52,74.48,60.85
58.99,58.99,77.68,70.77,61.47
57.81,57.81,77.36,66.71,62.77
55.60,55.60,77.20,70.57,60.61
58.75,58.75,77.04,72.08,62.24
59.17,59.17,74.13,74.26,61.36
58.62,58.62,69.54,76.40,63.15
64.09,64.09,70.02,75.42,59.77
63.95,63.95,65.53,76.02,61.00
64.04,64.04,64.83,75.33,64.83
62.09,62.09,64.41,77.39,65.73
61.73,61.73,64.58,77.32,65.51
61.82,61.82,65.52,76.92,65.66
65.59,65.59,62.23,77.11,67.49
59.75,59.75,62.71,76.87,64.89
57.67,57.67,62.58,74.31,66.42
59.22,59.22,62.53,80.60,66.76
62.89,62.89,61.98,79.01,66.16
51.92,51.92,61.57,79.35,65.56
54.56,54.56,61.54,79.73,63.71
58.57,58.57,61.16,80.05,65.15
61.10,61.10,62.86,78.32,65.62
55.21,55.21,65.12,78.16,59.79
51.27,51.27,75.60,75.19,63.94
49.86,49.86,80.32,66.14,59.54
51.17,51.17,74.01,72.75,62.77
46.46,46.46,77.46,75.14,63.87
56.81,56.81,74.45,72.12,65.16
60.45,60.45,68.15,76.15,66.09
59.69,59.69,63.97,78.59,66.82
65.48,65.48,61.70,78.40,67.79
57.04,57.04,63.22,78.33,68.59
52.60,52.60,62.82,77.72,68.33
53.93,53.93,63.84,78.24,66.14
59.71,59.71,64.34,79.10,67.66
57.42,57.42,63.60,78.46,67.37
59.95,59.95,63.87,77.83,66.70
61.22,61.22,62.65,78.35,66.67
61.78,61.78,63.28,78.87,66.38
62.19,62.19,63.54,79.25,67.80
65.03,65.03,63.19,78.13,68.12
65.23,65.23,63.28,77.64,66.26
64.87,64.87,62.96,78.84,68.30
65.66,65.66,62.16,78.94,66.37
65.54,65.54,62.59,77.14,67.29
67.97,67.97,62.21,78.50,67.49
66.62,66.62,64.22,78.54,65.89
63.79,63.79,66.95,79.04,67.17
63.52,63.52,67.12,76.94,66.83
62.00,62.00,66.15,77.67,66.03
64.60,64.60,64.01,78.18,64.95
66.69,66.69,62.40,78.63,66.25
66.84,66.84,60.39,78.15,63.99
67.56,67.56,59.20,77.61,64.67
65.46,65.46,59.70,79.04,63.52
65.18,65.18,59.49,79.55,64.60
67.00,67.00,59.87,78.46,64.77
67.16,67.16,59.52,78.80,65.79
67.17,67.17,61.81,78.94,65.22
67.39,67.39,60.29,78.92,67.54
67.16,67.16,59.38,78.20,66.88
66.40,66.40,58.28,78.06,67.16
65.48,65.48,56.95,78.82,66.52
66.50,66.50,55.44,79.13,66.29
65.82,65.82,56.54,77.92,67.54
64.90,64.90,58.04,78.36,67.17
65.55,65.55,56.26,78.54,65.61
65.10,65.10,57.13,79.37,66.29
65.20,65.20,58.85,78.16,65.14
64.93,64.93,61.69,78.00,65.58
65.07,65.07,60.30,78.47,65.75
63.70,63.70,58.98,79.77,64.55
66.60,66.60,58.33,78.70,65.80
63.41,63.41,56.12,78.65,63.29
63.86,63.86,55.92,79.22,64.33
65.21,65.21,55.87,79.94,63.60
65.65,65.65,54.98,78.27,62.95
65.44,65.44,55.14,78.60,65.15
63.34,63.34,56.04,79.19,62.99
63.58,63.58,55.77,80.09,64.44
64.62,64.62,58.27,78.58,64.16
67.19,67.19,60.08,78.36,62.93
63.96,63.96,57.50,78.50,65.39
64.15,64.15,55.87,79.73,65.03
66.58,66.58,54.63,78.73,64.75
66.99,66.99,53.70,78.33,66.79
62.87,62.87,54.19,78.34,65.21
68.52,68.52,53.90,80.03,67.56
67.86,67.86,52.68,78.43,65.58
62.07,62.07,53.72,78.55,63.67
61.74,61.74,54.75,78.73,64.86
61.90,61.90,57.67,79.87,65.60
62.81,62.81,65.51,78.41,64.52
60.33,60.33,70.56,77.39,63.40
57.58,57.58,77.75,70.30,60.17
58.43,58.43,75.78,74.00,58.70
59.34,59.34,75.81,71.55,59.51
57.69,57.69,74.31,73.32,62.71
57.60,57.60,73.80,74.30,63.92
61.44,61.44,69.87,77.64,65.93
64.85,64.85,64.93,77.58,65.71
65.95,65.95,63.66,77.44,64.50
66.05,66.05,56.54,77.78,65.41
65.39,65.39,58.50,78.55,65.87
66.32,66.32,61.51,78.94,67.50
65.58,65.58,59.16,77.75,64.15
62.06,62.06,58.44,78.06,64.95
59.36,59.36,55.13,79.02,64.57
59.58,59.58,54.14,79.44,67.35
58.25,58.25,53.07,78.34,65.35
54.52,54.52,51.09,78.69,66.59
59.25,59.25,51.82,80.19,67.41
58.65,58.65,52.65,80.40,65.82
61.78,61.78,53.12,78.75,66.38
56.70,56.70,52.49,78.68,66.08
57.97,57.97,59.25,79.47,66.19
57.60,57.60,60.07,80.25,67.18
61.76,61.76,57.73,78.33,67.42
59.46,59.46,55.27,78.62,66.52
59.36,59.36,54.03,75.24,66.36
58.03,58.03,52.64,81.67,64.96
58.33,58.33,52.01,78.37,64.78
58.12,58.12,51.26,74.54,64.23
59.97,59.97,50.71,80.00,64.94
58.90,58.90,51.53,69.66,65.99
59.13,59.13,57.74,68.68,65.10
59.07,59.07,64.75,59.79,63.58
58.02,58.02,78.91,58.75,63.30
58.53,58.53,81.37,54.86,57.84
59.88,59.88,78.92,62.97,61.60
60.68,60.68,73.59,61.06,65.39
62.10,62.10,71.40,63.61,64.20
62.25,62.25,73.80,66.16,64.63
62.92,62.92,67.75,61.99,65.83
62.85,62.85,61.08,49.38,66.88
62.12,62.12,60.02,56.61,67.16
61.83,61.83,54.19,62.56,66.36
61.11,61.11,62.47,67.15,64.31
58.47,58.47,70.19,76.83,61.66
56.25,56.25,77.44,76.42,59.58
55.22,55.22,77.35,71.83,61.23
56.81,56.81,79.76,70.50,63.17
56.23,56.23,72.26,67.91,66.17
57.39,57.39,71.14,77.01,63.99
62.99,62.99,65.04,78.07,65.09
64.52,64.52,63.01,76.16,67.56
64.03,64.03,64.20,76.07,67.29
64.74,64.74,64.29,77.22,67.47
64.71,64.71,64.35,77.75,66.59
62.02,62.02,63.51,75.27,66.57
58.24,58.24,64.89,74.59,65.41
61.58,61.58,64.54,78.03,66.57
59.85,59.85,63.80,77.07,66.41
55.24,55.24,63.75,75.12,66.83
54.25,54.25,64.18,78.53,66.03
56.26,56.26,64.08,78.80,66.43
57.35,57.35,63.53,78.59,64.16
57.21,57.21,62.36,76.45,64.58
56.62,56.62,61.47,77.71,64.15
56.64,56.64,61.85,78.73,64.45
52.99,52.99,64.92,79.20,63.76
48.94,48.94,68.83,78.81,62.54
45.38,45.38,76.19,75.31,57.74
45.26,45.26,74.79,71.81,58.90
46.24,46.24,79.37,76.04,57.90
43.31,43.31,73.48,76.34,64.12
38.21,38.21,65.41,74.58,64.48
40.55,40.55,63.17,75.20,64.62
46.39,46.39,63.84,73.52,67.64
48.11,48.11,63.93,74.44,66.57
50.88,50.88,63.85,75.92,66.81
47.24,47.24,64.45,76.00,66.17
48.54,48.54,64.38,76.46,64.43
48.42,48.42,65.77,75.80,66.61
45.36,45.36,64.67,75.84,66.93
47.14,47.14,64.51,75.91,65.75
48.74,48.74,64.07,75.94,68.57
48.21,48.21,63.98,76.38,68.08
43.51,43.51,64.25,77.03,68.18
46.73,46.73,62.26,76.72,67.31
42.81,42.81,63.35,76.14,65.33
43.50,43.50,63.65,76.66,65.76
43.04,43.04,61.79,75.99,64.97
41.90,41.90,64.74,76.35,62.56
37.02,37.02,69.53,75.43,61.07
34.06,34.06,78.12,72.30,60.76
34.13,34.13,77.21,67.56,62.59
40.81,40.81,74.36,70.08,61.12
34.29,34.29,76.33,72.48,60.72
37.36,37.36,73.62,73.71,59.55
37.54,37.54,69.03,75.81,61.56
40.33,40.33,67.91,76.80,61.22
38.31,38.31,67.19,77.31,62.16
37.06,37.06,62.84,77.08,64.32
34.11,34.11,61.84,77.28,63.20
35.10,35.10,62.25,77.46,64.54
37.45,37.45,63.33,77.70,64.54
38.56,38.56,63.31,77.75,67.11
38.93,38.93,61.12,77.58,64.95
39.93,39.93,60.31,77.61,64.83
47.53,47.53,59.70,78.75,65.49
56.10,56.10,59.45,78.99,64.13
57.75,57.75,59.01,79.21,64.41
59.59,59.59,59.62,77.96,64.17
60.36,60.36,58.89,78.90,62.59
57.11,57.11,62.77,78.57,62.99
52.22,52.22,69.31,74.95,63.85
48.45,48.45,79.06,73.70,59.66
46.85,46.85,78.40,76.09,59.21
39.87,39.87,73.43,75.67,64.32
35.47,35.47,73.43,71.84,66.85
36.83,36.83,71.99,78.82,64.35
33.07,33.07,67.48,81.38,62.78
35.30,35.30,62.67,80.29,62.32
32.25,32.25,62.73,80.60,66.14
32.89,32.89,63.14,77.54,66.62
27.35,27.35,62.23,80.02,67.72
24.53,24.53,63.20,77.64,68.72
24.63,24.63,64.03,80.93,66.75
25.52,25.52,65.35,78.71,66.18
25.07,25.07,63.93,79.52,66.01
21.79,21.79,63.92,80.45,66.87
29.03,29.03,62.33,78.64,68.23
22.50,22.50,63.84,80.72,67.41
24.57,24.57,63.03,78.69,66.88
24.15,24.15,61.79,79.97,67.26
22.21,22.21,62.36,79.03,67.55
22.60,22.60,62.14,79.70,67.04
21.39,21.39,61.10,79.70,66.39
26.45,26.45,61.15,79.70,66.79
33.46,33.46,66.58,80.03,65.45
30.98,30.98,68.89,77.10,65.69
26.00,26.00,68.46,79.48,65.72
29.13,29.13,68.24,78.45,65.46
27.05,27.05,65.39,79.88,66.50
20.91,20.91,62.24,79.54,65.57
18.47,18.47,60.59,79.97,65.00
18.72,18.72,60.05,79.62,64.23
20.76,20.76,62.02,79.78,65.48
18.64,18.64,60.19,80.80,65.57
19.02,19.02,60.79,79.71,66.73
19.56,19.56,63.65,80.93,65.72
22.73,22.73,74.45,77.76,63.50
21.90,21.90,74.83,77.91,60.06
22.52,22.52,70.04,79.19,63.94
22.48,22.48,72.78,80.26,66.23
22.88,22.88,70.60,80.19,64.25
22.16,22.16,62.77,79.47,66.35
22.69,22.69,58.14,80.83,65.81
24.37,24.37,56.48,78.87,66.31
24.47,24.47,54.21,81.21,64.93
23.48,23.48,55.35,79.54,64.68
24.39,24.39,54.06,81.39,64.13
27.37,27.37,50.49,80.59,63.27
24.47,24.47,42.03,78.38,63.33
26.16,26.16,41.27,72.09,61.12
27.51,27.51,42.14,64.97,62.63
31.01,31.01,42.49,57.04,64.80
32.63,32.63,41.50,45.61,64.74
34.97,34.97,40.67,45.86,66.56
33.64,33.64,39.47,42.14,65.53
31.16,31.16,32.32,44.08,66.91
28.92,28.92,26.01,46.19,68.24
31.97,31.97,22.68,47.68,68.91
29.13,29.13,26.87,60.46,61.07
25.75,25.75,37.89,61.84,57.50
23.25,23.25,35.99,53.27,48.88
26.27,26.27,33.78,37.56,37.66
30.24,30.24,39.58,44.32,35.54
25.37,25.37,38.01,45.72,28.00
27.81,27.81,39.33,43.54,29.58
25.10,25.10,34.59,35.12,27.24
27.57,27.57,32.04,38.37,29.78
22.12,22.12,30.05,36.68,24.81
19.90,19.90,32.89,30.78,24.60
19.61,19.61,30.67,36.50,22.00
15.17,15.17,38.48,35.80,31.70
14.43,14.43,67.73,38.03,36.15
22.70,22.70,65.28,37.44,34.93
31.12,31.12,65.83,37.90,32.82
29.90,29.90,59.92,39.45,30.80
30.04,30.04,60.73,36.88,31.27
29.70,29.70,65.42,40.99,37.85
30.56,30.56,67.33,38.42,35.43
30.59,30.59,67.04,35.21,37.39
30.91,30.91,67.03,37.85,34.26
26.77,26.77,65.84,34.11,32.90
26.00,26.00,64.11,35.21,33.89
27.26,27.26,66.68,27.91,30.91
30.50,30.50,64.25,26.91,32.68
30.76,30.76,63.84,31.29,30.28
28.06,28.06,64.71,32.12,29.74
27.54,27.54,65.30,24.73,30.01
25.75,25.75,65.00,27.07,31.24
27.03,27.03,65.19,30.05,31.06
27.90,27.90,63.81,22.76,30.45
32.42,32.42,64.24,29.28,27.50
30.41,30.41,63.19,25.34,28.16
28.01,28.01,63.36,27.55,29.69
29.52,29.52,62.59,28.78,31.77
28.44,28.44,62.70,35.41,32.35
28.48,28.48,63.19,28.57,26.85
28.32,28.32,61.39,29.12,30.14
26.02,26.02,61.70,20.21,29.03
24.09,24.09,62.20,19.87,28.78
23.09,23.09,60.65,19.67,28.34
24.45,24.45,60.86,20.39,27.82
23.83,23.83,59.65,21.10,26.12
23.07,23.07,59.90,16.32,27.02
22.78,22.78,58.87,19.84,25.96
23.64,23.64,59.62,16.53,26.70
25.19,25.19,58.43,17.42,26.89
25.41,25.41,58.56,20.37,26.02
26.37,26.37,59.14,20.28,26.92
24.54,24.54,57.94,20.54,29.16
23.35,23.35,56.68,22.06,29.43
23.96,23.96,58.63,16.62,29.14
24.71,24.71,58.40,15.13,28.32
24.38,24.38,57.78,19.65,29.35
24.69,24.69,56.54,11.26,29.83
23.67,23.67,55.87,13.27,36.08
22.49,22.49,52.69,18.26,43.68
20.78,20.78,50.84,24.86,49.94
25.37,25.37,50.69,33.57,61.25
27.56,27.56,49.16,29.85,68.02
23.52,23.52,46.96,21.35,68.16
23.09,23.09,46.05,22.24,68.33
23.31,23.31,44.88,22.28,69.73
24.58,24.58,43.73,20.38,69.59
26.34,26.34,44.39,20.34,70.76
27.16,27.16,43.19,22.60,70.18
25.32,25.32,43.40,16.77,69.34
25.76,25.76,42.54,22.54,69.33
25.13,25.13,41.26,23.33,69.52
25.04,25.04,41.18,20.06,69.91
25.81,25.81,40.79,19.58,69.22
24.96,24.96,39.49,11.45,69.10
26.04,26.04,39.66,17.48,69.41
26.40,26.40,39.31,13.12,69.73
26.06,26.06,37.97,14.40,68.93
26.78,26.78,38.15,15.60,68.57
26.91,26.91,37.80,19.76,67.78
24.95,24.95,37.81,21.95,67.88
25.64,25.64,36.93,17.99,69.03
25.10,25.10,35.65,20.02,67.74
24.43,24.43,35.61,22.16,65.97
24.38,24.38,35.30,20.97,65.97
26.02,26.02,34.52,19.51,67.85
27.16,27.16,33.26,24.39,70.34
27.57,27.57,31.78,18.23,71.58
27.13,27.13,33.18,20.00,71.38
26.61,26.61,32.52,18.55,70.58
25.99,25.99,32.37,11.68,69.09
25.04,25.04,33.57,21.17,66.75
25.96,25.96,32.27,19.65,65.69
26.01,26.01,32.80,17.64,65.42
27.24,27.24,32.44,13.67,66.70
27.10,27.10,30.75,12.61,67.78
26.50,26.50,30.12,9.09,68.77
27.10,27.10,30.87,11.50,67.84
26.39,26.39,30.95,15.14,68.06
27.79,27.79,30.11,19.09,67.93
26.82,26.82,31.49,22.21,69.47
25.53,25.53,30.46,20.49,69.61
25.70,25.70,29.46,17.48,70.57
25.45,25.45,29.23,14.94,69.23
25.58,25.58,28.27,19.60,68.83
25.91,25.91,28.22,11.23,68.56
26.17,26.17,28.71,11.54,69.67
26.31,26.31,28.53,20.13,69.15
26.06,26.06,29.33,17.41,69.36
27.00,27.00,28.39,16.26,67.26
24.90,24.90,27.43,15.32,68.14
25.31,25.31,28.71,16.87,69.35
25.07,25.07,27.67,14.36,68.88
24.96,24.96,27.46,12.69,67.78
26.73,26.73,27.26,21.56,68.79
26.86,26.86,26.63,23.68,70.76
27.75,27.75,27.24,16.97,69.83
28.85,28.85,26.85,11.09,69.46
26.59,26.59,26.92,14.30,70.62
25.18,25.18,26.14,20.06,69.40
24.42,24.42,27.10,20.36,67.12
25.05,25.05,27.49,19.18,66.35
26.44,26.44,27.89,17.00,67.41
25.76,25.76,28.11,17.17,69.00
26.34,26.34,25.59,11.64,69.45
27.53,27.53,24.93,7.45,68.67
28.04,28.04,26.24,18.55,68.13
27.81,27.81,26.37,19.54,67.51
26.74,26.74,26.43,19.61,66.63
25.80,25.80,25.85,15.50,65.07
25.16,25.16,27.22,14.08,66.31
24.37,24.37,26.95,15.79,67.55
25.45,25.45,24.95,10.29,67.70
26.35,26.35,24.88,15.49,70.66
25.71,25.71,24.81,12.86,69.79
25.50,25.50,24.16,14.16,68.33
25.78,25.78,25.44,18.57,67.96
26.27,26.27,25.52,18.52,67.15
27.36,27.36,27.40,13.95,68.27
26.55,26.55,24.80,12.32,67.04
25.74,25.74,26.28,19.93,66.14
24.85,24.85,27.20,16.03,67.45
27.25,27.25,27.04,14.87,65.04
25.54,25.54,26.13,13.19,64.16
24.64,24.64,26.08,13.59,64.50
27.78,27.78,27.52,13.13,65.72
25.07,25.07,27.29,18.19,67.50
26.07,26.07,27.31,17.07,67.91
27.19,27.19,27.72,16.37,67.35
26.03,26.03,27.14,17.19,67.37
27.06,27.06,27.48,15.40,67.13
26.19,26.19,25.97,12.03,67.26
23.16,23.16,25.94,12.69,66.92
25.33,25.33,31.17,17.93,68.00
31.27,31.27,37.07,17.18,68.47
30.59,30.59,33.97,13.15,72.34
23.18,23.18,27.30,14.82,71.13
25.48,25.48,23.64,10.45,70.64
27.34,27.34,24.18,14.06,69.94
24.28,24.28,23.64,14.87,71.53
26.20,26.20,23.03,13.15,70.15
25.42,25.42,23.51,17.36,69.73
27.66,27.66,23.14,16.25,71.46
25.80,25.80,23.69,13.39,68.43
26.28,26.28,22.82,9.73,70.37
26.04,26.04,22.83,14.98,69.71
25.77,25.77,22.62,16.12,69.36
28.49,28.49,25.81,19.83,69.24
27.13,27.13,25.84,20.09,69.19
25.30,25.30,25.66,17.55,69.37
25.45,25.45,25.76,17.42,69.51
24.93,24.93,26.80,19.25,69.44
25.04,25.04,27.19,11.89,68.60
26.66,26.66,27.81,15.75,68.36
27.05,27.05,27.92,15.62,67.77
24.57,24.57,28.92,20.00,67.39
26.40,26.40,30.06,15.81,67.90
24.08,24.08,30.80,14.57,67.43
24.32,24.32,30.59,16.09,68.47
23.94,23.94,30.30,14.04,67.72
24.53,24.53,28.80,22.43,68.40
25.63,25.63,28.96,20.40,69.04
24.41,24.41,28.53,13.97,67.92
25.55,25.55,28.00,13.11,68.74
25.21,25.21,28.16,15.26,67.84
26.67,26.67,28.93,17.81,68.66
25.76,25.76,27.76,18.84,66.63
26.92,26.92,28.27,18.10,68.98
26.32,26.32,29.07,11.90,68.66
26.60,26.60,30.15,15.66,66.88
24.01,24.01,27.79,15.76,68.33
25.93,25.93,27.35,14.73,69.63
27.91,27.91,29.25,13.45,69.60
24.64,24.64,28.83,18.03,68.21
24.45,24.45,30.94,16.94,66.82
23.95,23.95,30.89,18.24,68.34
24.04,24.04,28.77,10.00,67.90
26.40,26.40,29.11,14.13,69.07
25.30,25.30,27.94,11.76,68.90
23.66,23.66,28.34,16.29,68.11
23.32,23.32,27.30,16.58,68.15
22.32,22.32,26.17,14.06,68.29
23.20,23.20,27.17,17.65,68.43
24.85,24.85,26.79,19.79,67.71
26.10,26.10,26.21,18.22,68.98
27.65,27.65,28.30,16.08,69.88
26.60,26.60,28.89,10.99,68.43
25.32,25.32,27.21,8.71,68.29
26.76,26.76,29.14,8.23,69.69
26.38,26.38,29.75,6.10,67.76
24.70,24.70,28.62,17.25,68.86
24.18,24.18,30.48,16.58,69.72
23.59,23.59,28.60,13.34,69.38
21.70,21.70,27.74,13.07,69.50
22.94,22.94,27.71,18.28,68.53
24.02,24.02,27.74,14.79,71.31
24.59,24.59,30.21,15.17,71.46
23.65,23.65,29.98,16.12,68.46
24.01,24.01,29.59,19.13,69.71
25.81,25.81,30.37,24.85,70.78
26.30,26.30,30.82,19.93,71.17
28.81,28.81,30.66,20.50,70.65
27.34,27.34,30.27,17.79,69.44
26.03,26.03,28.55,17.65,69.75
25.70,25.70,29.69,11.74,68.99
24.62,24.62,29.52,15.79,68.10
27.11,27.11,30.60,19.11,69.88
27.50,27.50,31.55,17.60,69.77
28.22,28.22,32.34,16.52,69.72
28.88,28.88,31.54,19.96,67.45
27.49,27.49,29.74,18.41,67.55
27.63,27.63,31.18,19.08,70.71
26.61,26.61,31.37,18.98,69.90
26.08,26.08,31.55,16.64,70.03
27.13,27.13,30.65,19.27,70.30
27.15,27.15,32.22,19.39,68.57
27.39,27.39,33.26,19.77,68.84
24.13,24.13,30.06,20.00,68.63
24.27,24.27,32.08,17.48,68.02
23.70,23.70,30.49,18.28,68.49
26.10,26.10,32.26,15.61,67.85
28.10,28.10,32.61,13.98,68.06
25.26,25.26,32.17,19.28,70.14
25.66,25.66,32.70,18.66,70.36
25.36,25.36,31.78,20.80,72.03
25.48,25.48,31.00,21.36,69.70
26.37,26.37,32.39,20.47,71.99
25.81,25.81,32.07,16.73,70.40
22.94,22.94,31.88,19.78,71.38
24.41,24.41,31.74,23.15,71.81
25.64,25.64,32.40,21.24,70.12
27.09,27.09,34.75,17.48,68.86
27.16,27.16,33.48,19.24,66.16
26.13,26.13,32.59,16.59,64.44
25.24,25.24,32.81,20.25,67.76
26.80,26.80,33.90,20.43,69.85
27.35,27.35,33.27,15.88,69.72
26.04,26.04,33.83,22.72,69.51
28.55,28.55,33.76,19.91,67.71
27.55,27.55,33.80,17.67,68.25
26.89,26.89,33.85,21.94,67.97
29.50,29.50,33.46,22.65,68.53
25.18,25.18,32.78,23.59,68.35
24.87,24.87,34.42,22.89,69.77
26.51,26.51,33.04,17.40,67.68
25.83,25.83,33.28,18.95,69.08
25.49,25.49,33.01,20.87,70.58
24.56,24.56,33.29,25.63,69.27
24.62,24.62,33.60,23.95,68.40
27.36,27.36,32.83,19.65,67.40
26.62,26.62,33.04,23.16,67.68
24.87,24.87,33.27,22.20,70.64
25.34,25.34,34.36,22.22,69.87
27.29,27.29,34.46,21.28,71.92
26.92,26.92,32.38,19.67,70.07
26.69,26.69,35.16,22.06,70.19
27.83,27.83,34.31,22.55,68.38
25.50,25.50,32.77,21.95,69.60
26.67,26.67,35.00,23.46,69.22
25.44,25.44,34.13,20.49,68.49
25.25,25.25,34.98,19.83,68.15
24.95,24.95,33.78,16.96,66.20
25.63,25.63,34.08,19.93,65.94
25.97,25.97,32.55,18.60,69.58
24.23,24.23,33.59,20.31,70.60
24.82,24.82,34.47,18.49,69.30
24.83,24.83,32.65,20.16,69.45
27.00,27.00,34.05,21.77,66.85
25.42,25.42,32.93,22.69,66.97
24.77,24.77,33.61,21.36,66.27
25.77,25.77,32.78,13.31,68.33
26.01,26.01,33.66,15.93,70.48
26.64,26.64,32.92,14.85,69.96
26.94,26.94,34.21,11.79,71.09
27.36,27.36,33.80,18.76,70.90
27.34,27.34,33.27,16.60,71.67
26.37,26.37,34.22,15.98,70.50
24.62,24.62,34.39,16.66,67.97
23.54,23.54,32.53,18.70,65.06
24.88,24.88,32.79,17.86,67.01
24.56,24.56,31.28,19.93,68.52
23.60,23.60,32.05,18.48,69.36
23.25,23.25,32.85,22.18,69.57
24.45,24.45,34.87,20.93,69.54
23.65,23.65,35.44,18.02,68.59
24.68,24.68,34.73,19.20,66.44
23.16,23.16,34.52,21.15,67.32
23.84,23.84,36.13,19.15,68.29
24.15,24.15,37.58,18.87,67.85
24.02,24.02,37.22,19.88,67.86
23.94,23.94,35.50,16.08,67.19
22.97,22.97,36.05,16.52,68.13
23.65,23.65,35.28,25.16,68.07
23.66,23.66,36.04,23.48,69.58
23.50,23.50,36.26,23.51,69.42
22.78,22.78,36.46,19.20,66.78
22.61,22.61,36.14,24.09,66.08
23.31,23.31,36.36,28.66,65.74
22.40,22.40,35.21,23.15,67.06
23.15,23.15,36.39,21.10,69.60
23.00,23.00,36.27,24.07,67.18
24.11,24.11,37.46,23.78,65.62
22.00,22.00,34.69,19.59,64.33
21.26,21.26,36.01,21.41,65.73
21.52,21.52,38.02,19.92,65.25
22.23,22.23,38.14,23.74,64.60
21.26,21.26,38.08,24.69,65.24
21.97,21.97,36.12,21.36,63.11
22.49,22.49,37.09,14.73,63.32
20.77,20.77,35.41,17.99,65.30
22.94,22.94,36.55,20.51,66.49
24.10,24.10,36.97,24.51,69.36
24.41,24.41,36.99,23.69,64.95
24.78,24.78,34.20,19.09,64.10
25.11,25.11,33.87,15.25,64.37
23.01,23.01,33.81,19.61,66.04
22.30,22.30,32.68,22.44,65.95
20.23,20.23,31.52,21.35,67.19
20.49,20.49,39.33,23.13,68.85
21.74,21.74,43.58,20.22,69.77
18.82,18.82,36.33,18.93,69.90
18.81,18.81,31.92,21.36,71.56
19.77,19.77,30.69,17.84,70.18
22.96,22.96,30.52,16.40,70.41
20.85,20.85,30.78,14.81,68.58
23.11,23.11,31.06,17.58,69.61
21.87,21.87,31.28,17.27,69.45
21.35,21.35,31.45,15.88,67.11
23.24,23.24,31.82,9.71,68.78
21.68,21.68,31.37,13.30,67.35
21.05,21.05,31.87,15.24,67.79
23.31,23.31,31.33,13.84,68.70
21.24,21.24,31.10,12.65,68.43
22.84,22.84,31.81,13.54,69.72
23.49,23.49,31.36,12.31,68.22
23.75,23.75,31.24,9.93,69.78
22.68,22.68,31.65,9.60,68.35
22.30,22.30,31.16,10.69,68.75
23.22,23.22,31.39,11.61,68.77
23.57,23.57,32.16,12.05,69.24
23.97,23.97,31.57,16.92,71.74
23.70,23.70,31.34,16.79,69.22
23.18,23.18,31.52,16.69,68.01
23.59,23.59,32.00,12.67,68.86
23.33,23.33,33.13,14.23,71.23
23.59,23.59,33.09,11.77,68.85
24.09,24.09,31.70,9.40,67.52
24.28,24.28,32.88,10.94,68.08
24.26,24.26,30.91,11.36,69.52
26.49,26.49,30.09,13.65,68.92
26.27,26.27,29.08,12.56,68.64
24.08,24.08,30.86,15.87,70.69
25.19,25.19,31.70,15.75,69.45
24.78,24.78,29.00,16.73,71.37
23.17,23.17,28.32,12.31,67.97
23.39,23.39,30.67,11.06,69.75
24.44,24.44,30.25,9.64,69.15
25.95,25.95,29.24,10.40,66.94
24.17,24.17,31.38,15.28,68.49
25.52,25.52,31.76,10.97,67.74
25.65,25.65,30.43,13.54,68.55
26.93,26.93,30.60,10.76,67.94
27.33,27.33,29.14,14.39,68.60
27.65,27.65,30.49,13.82,70.03
26.74,26.74,30.66,11.18,68.90
25.96,25.96,30.34,8.33,70.06
23.47,23.47,29.59,8.16,69.97
23.88,23.88,29.63,9.58,68.05
25.56,25.56,30.16,11.66,69.85
24.35,24.35,28.87,15.37,68.92
26.12,26.12,28.73,12.18,70.02
24.88,24.88,28.00,16.63,67.93
23.12,23.12,28.92,19.64,69.19
24.76,24.76,28.56,17.13,69.42
25.99,25.99,29.78,12.44,68.99
25.19,25.19,29.90,13.55,68.34
26.04,26.04,30.53,17.21,69.09
27.98,27.98,29.86,14.98,68.21
25.60,25.60,27.90,16.17,68.65
26.51,26.51,28.30,20.49,69.53
26.16,26.16,27.79,18.45,70.23
25.86,25.86,28.65,17.38,70.58
26.66,26.66,30.00,20.53,67.77
25.87,25.87,30.15,19.74,66.63
27.50,27.50,30.36,16.83,66.63
27.90,27.90,30.70,21.07,66.76
26.98,26.98,31.17,23.21,66.01
26.36,26.36,30.03,19.25,67.78
25.47,25.47,30.58,17.45,65.93
25.74,25.74,29.74,13.93,68.47
26.64,26.64,29.69,17.38,68.73
29.61,29.61,29.14,21.24,69.13
30.07,30.07,30.05,24.29,66.37
30.02,30.02,31.20,23.21,65.62
29.51,29.51,31.20,17.98,64.42
29.07,29.07,28.12,20.59,63.80
30.02,30.02,29.41,20.49,63.14
31.95,31.95,28.97,20.28,64.91
32.21,32.21,30.01,22.48,68.96
30.02,30.02,30.75,23.07,66.72
28.69,28.69,30.37,17.67,66.44
29.37,29.37,28.77,22.01,67.56
30.26,30.26,29.74,21.01,67.33
30.62,30.62,30.98,22.11,67.92
32.83,32.83,31.32,22.69,66.73
29.92,29.92,31.48,24.96,61.87
29.36,29.36,29.88,24.21,62.87
28.37,28.37,28.82,25.04,61.90
25.32,25.32,26.30,28.89,64.51
21.19,21.19,26.42,31.38,64.95
21.31,21.31,32.05,28.18,67.07
24.19,24.19,38.07,33.06,72.35
22.41,22.41,33.84,20.35,68.13
19.79,19.79,29.20,18.50,71.85
20.99,20.99,28.53,20.98,71.65
22.07,22.07,28.47,27.33,71.43
21.38,21.38,26.40,22.96,71.12
21.80,21.80,27.00,24.59,71.20
23.32,23.32,27.60,24.62,71.68
23.28,23.28,26.53,17.96,69.56
23.49,23.49,28.16,19.25,70.57
23.84,23.84,28.40,21.91,71.11
22.89,22.89,27.78,24.46,69.00
23.80,23.80,29.71,27.34,69.09
25.14,25.14,29.58,16.05,67.88
26.53,26.53,30.50,25.42,69.23
27.29,27.29,30.57,22.58,69.97
26.52,26.52,29.44,13.69,70.61
25.27,25.27,28.99,14.71,71.05
26.47,26.47,29.48,15.24,70.62
26.79,26.79,30.24,18.99,70.79
26.54,26.54,30.14,19.39,70.53
26.48,26.48,29.03,17.87,69.69
27.89,27.89,28.40,19.94,69.05
26.72,26.72,30.25,18.71,70.28
26.18,26.18,29.16,14.29,68.61
26.46,26.46,29.09,19.28,70.30
26.96,26.96,30.02,24.11,70.98
26.62,26.62,30.82,23.68,72.78
28.87,28.87,30.93,18.94,70.49
27.79,27.79,32.00,21.96,69.25
28.38,28.38,30.08,24.94,70.37
28.17,28.17,29.49,17.34,69.94
28.09,28.09,29.15,18.34,69.88
27.40,27.40,29.27,23.43,70.99
27.36,27.36,30.18,23.30,70.87
25.88,25.88,28.81,18.52,69.48
27.34,27.34,27.73,20.84,69.47
30.22,30.22,28.76,15.86,70.02
27.43,27.43,28.92,20.39,68.77
27.46,27.46,28.48,17.15,70.10
27.94,27.94,28.23,18.55,69.98
27.04,27.04,29.18,17.18,70.15
27.39,27.39,30.11,24.73,68.84
28.87,28.87,27.84,24.42,68.31
27.53,27.53,29.87,22.12,70.11
29.02,29.02,30.33,21.88,69.01
30.46,30.46,30.40,27.70,68.92
27.85,27.85,27.47,20.36,70.37
29.58,29.58,28.71,21.72,68.88
28.14,28.14,29.05,22.14,69.72
27.22,27.22,27.43,15.58,70.30
27.53,27.53,28.11,16.04,70.19
28.68,28.68,29.74,27.42,68.99
27.14,27.14,28.89,23.44,69.79
28.56,28.56,29.77,25.52,68.45
28.78,28.78,26.91,28.27,70.56
29.48,29.48,28.12,20.64,70.93
28.17,28.17,28.96,24.29,69.80
27.54,27.54,27.99,21.76,71.11
27.64,27.64,28.14,14.52,72.45
27.14,27.14,28.46,18.46,72.39
25.80,25.80,26.75,20.25,72.80
27.06,27.06,26.27,16.86,72.85
24.90,24.90,29.00,17.11,71.42
27.54,27.54,29.88,18.80,68.91
28.20,28.20,29.39,15.75,69.03
29.14,29.14,29.51,17.83,69.99
30.11,30.11,28.17,23.69,70.03
28.87,28.87,28.53,25.39,70.32
29.21,29.21,29.89,24.47,68.89
29.34,29.34,27.96,22.41,67.77
28.79,28.79,27.91,22.62,68.46
28.70,28.70,31.08,22.08,68.82
28.99,28.99,29.32,23.36,70.59
28.69,28.69,27.70,17.52,70.37
28.37,28.37,28.81,23.05,70.06
28.05,28.05,29.43,27.73,68.75
28.00,28.00,28.10,20.41,68.37
28.21,28.21,30.93,21.53,69.90
28.65,28.65,29.03,23.49,69.09
28.67,28.67,29.19,21.85,70.87
27.93,27.93,30.29,25.84,67.57
27.10,27.10,29.55,18.39,68.89
27.89,27.89,30.35,13.95,68.15
28.26,28.26,31.45,21.15,68.12
27.58,27.58,28.96,20.63,70.26
27.26,27.26,28.81,20.86,70.14
28.06,28.06,28.79,19.64,68.75
29.30,29.30,29.71,19.58,68.94
26.55,26.55,28.90,19.33,68.41
27.90,27.90,29.62,19.68,68.27
29.21,29.21,29.53,21.63,70.74
30.25,30.25,31.79,26.77,68.12
27.35,27.35,29.54,20.63,69.07
27.30,27.30,29.88,18.43,67.32
28.06,28.06,30.26,21.74,67.83
29.76,29.76,30.39,24.81,70.42
29.08,29.08,30.67,24.03,70.15
28.02,28.02,30.35,19.92,69.84
27.10,27.10,28.99,26.28,67.79
25.96,25.96,30.14,19.88,67.84
25.00,25.00,31.08,19.20,69.57
27.48,27.48,31.58,16.82,70.70
27.54,27.54,30.79,21.95,71.14
27.27,27.27,30.58,17.06,69.32
25.41,25.41,30.20,24.44,68.74
26.47,26.47,29.98,27.07,69.36
24.99,24.99,29.28,25.96,70.30
26.08,26.08,29.44,25.20,71.51
25.41,25.41,28.75,28.51,71.09
28.02,28.02,30.27,22.91,70.20
27.09,27.09,30.06,13.15,68.20
25.95,25.95,28.93,18.53,68.69
25.17,25.17,27.93,27.77,70.90
23.63,23.63,27.02,24.94,71.37
24.33,24.33,28.63,16.95,71.08
26.20,26.20,28.74,16.99,69.82
26.08,26.08,31.28,19.67,68.31
26.16,26.16,30.61,19.88,68.64
26.46,26.46,30.39,27.14,70.72
28.00,28.00,29.51,22.51,70.90
26.43,26.43,30.75,23.37,70.61
27.28,27.28,29.95,22.37,68.65
27.73,27.73,30.31,22.80,68.55
26.39,26.39,30.88,24.87,67.99
25.18,25.18,30.01,27.49,69.72
24.79,24.79,29.61,18.34,68.89
24.61,24.61,31.33,26.42,67.75
27.35,27.35,30.59,19.23,67.44
27.04,27.04,29.58,24.83,67.04
25.69,25.69,31.63,28.03,67.16
26.13,26.13,31.48,23.80,68.67
26.74,26.74,31.16,22.30,68.72
26.98,26.98,32.17,28.96,67.19
26.65,26.65,30.66,18.75,65.72
26.73,26.73,30.35,21.39,67.48
26.95,26.95,29.75,18.84,68.70
27.50,27.50,28.04,17.41,69.50
28.17,28.17,29.16,23.37,69.87
28.18,28.18,30.30,21.30,68.32
28.59,28.59,32.05,19.62,68.22
27.19,27.19,31.47,18.93,68.12
26.37,26.37,29.63,20.61,68.65
28.91,28.91,29.84,17.34,68.31
28.22,28.22,31.01,14.78,67.59
29.62,29.62,33.99,16.31,64.98
30.22,30.22,32.46,16.90,67.42
29.30,29.30,32.41,21.92,67.04
30.35,30.35,33.72,29.38,67.10
30.00,30.00,33.51,29.21,68.59
29.14,29.14,34.20,26.17,67.45
29.87,29.87,34.03,20.62,66.01
28.70,28.70,34.54,21.54,65.96
28.58,28.58,35.33,25.21,65.53
26.30,26.30,36.14,29.92,64.65
25.53,25.53,35.85,27.95,66.27
28.75,28.75,34.63,28.51,64.07
39.61,39.61,33.96,19.97,63.90
46.41,46.41,32.45,24.56,64.61
58.05,58.05,33.00,31.49,66.67
65.76,65.76,34.86,34.50,65.08
68.11,68.11,39.03,34.69,64.04
70.22,70.22,39.45,31.63,63.21
69.86,69.86,39.48,33.02,62.14
68.24,68.24,36.00,33.50,64.31
68.26,68.26,34.23,27.25,63.92
66.46,66.46,32.71,27.47,66.60
66.76,66.76,34.37,25.18,65.63
64.18,64.18,33.10,27.53,61.68
65.36,65.36,33.35,29.88,60.59
67.59,67.59,32.93,27.04,62.18
69.92,69.92,34.82,28.18,63.56
70.06,70.06,35.63,26.48,63.70
65.57,65.57,36.16,26.73,60.42
63.98,63.98,38.65,25.12,63.37
60.47,60.47,38.68,32.31,63.59
59.95,59.95,39.00,31.45,63.38
60.71,60.71,35.83,26.06,66.10
66.02,66.02,35.12,23.73,64.25
70.13,70.13,35.99,21.53,63.58
69.72,69.72,34.91,23.91,60.21
64.37,64.37,31.67,25.99,61.07
72.62,72.62,29.80,22.51,60.51
66.20,66.20,32.72,25.81,60.55
73.18,73.18,43.01,31.08,65.77
67.43,67.43,43.75,29.58,68.49
70.21,70.21,42.88,27.76,67.38
68.77,68.77,42.48,32.28,64.72
66.34,66.34,40.58,28.76,68.09
71.68,71.68,36.57,28.99,69.69
70.59,70.59,36.53,36.48,65.63
66.04,66.04,33.14,28.71,65.27
68.88,68.88,32.94,31.06,64.34
68.39,68.39,35.13,23.80,68.70
68.22,68.22,34.46,29.21,68.64
69.60,69.60,34.70,24.51,68.93
69.79,69.79,35.50,23.07,70.22
69.34,69.34,33.04,24.82,68.94
69.32,69.32,33.50,23.77,67.03
69.51,69.51,34.12,21.67,64.99
69.15,69.15,34.58,26.77,65.34
67.73,67.73,36.88,30.95,65.58
68.52,68.52,35.88,27.86,67.38
71.09,71.09,34.38,26.02,68.23
69.85,69.85,31.79,24.47,69.02
67.47,67.47,31.02,20.99,67.85
68.55,68.55,29.77,22.68,69.12
70.83,70.83,30.31,18.13,67.63
72.13,72.13,32.37,23.56,66.32
70.99,70.99,31.54,17.58,66.21
67.42,67.42,33.03,15.68,64.43
68.97,68.97,32.19,14.33,66.71
72.43,72.43,32.57,23.04,67.96
70.94,70.94,32.49,25.61,69.58
70.06,70.06,30.90,21.10,68.55
69.36,69.36,32.85,18.78,68.79
68.66,68.66,35.85,21.08,69.81
68.69,68.69,34.45,19.89,69.29
69.40,69.40,35.58,23.61,69.04
67.80,67.80,34.88,24.38,67.90
68.35,68.35,33.27,20.03,67.60
68.53,68.53,33.03,22.89,68.10
67.50,67.50,32.21,16.63,69.14
68.43,68.43,34.46,21.33,68.05
68.92,68.92,34.98,23.83,68.45
67.79,67.79,36.09,25.04,68.44
66.58,66.58,36.26,28.21,69.82
66.09,66.09,33.53,23.16,67.69
67.76,67.76,35.54,28.44,67.60
68.75,68.75,36.30,28.91,68.84
63.48,63.48,42.64,30.48,69.31
66.02,66.02,45.03,23.73,68.76
65.91,65.91,42.69,21.48,66.74
62.28,62.28,43.02,18.65,68.52
60.80,60.80,41.60,23.06,69.55
60.95,60.95,39.22,18.47,69.77
60.95,60.95,37.02,16.92,68.73
57.74,57.74,34.67,17.29,69.82
58.45,58.45,32.24,17.24,68.99
56.83,56.83,30.53,16.67,67.38
52.48,52.48,30.66,22.16,68.09
57.97,57.97,29.62,21.03,69.85
63.62,63.62,34.59,23.63,68.41
69.47,69.47,39.12,26.98,68.14
72.59,72.59,38.91,28.68,67.04
73.94,73.94,40.28,28.49,66.37
72.89,72.89,33.74,27.97,65.49
71.50,71.50,34.59,23.42,64.99
69.93,69.93,33.12,23.52,65.42
69.16,69.16,34.91,22.01,64.33
69.17,69.17,34.65,19.13,66.08
70.23,70.23,33.60,25.32,64.30
67.72,67.72,31.44,22.43,66.14
64.37,64.37,29.38,18.85,65.96
63.70,63.70,29.05,19.89,65.05
55.80,55.80,29.72,17.82,63.85
50.43,50.43,31.34,22.22,63.99
47.93,47.93,30.21,24.25,64.11
45.84,45.84,31.73,21.86,66.48
47.02,47.02,31.66,21.87,67.65
46.68,46.68,30.89,16.72,65.47
47.86,47.86,33.20,16.46,66.76
49.71,49.71,35.09,25.33,67.55
52.86,52.86,34.50,22.02,67.18
56.83,56.83,33.55,24.75,66.31
58.82,58.82,33.87,24.06,64.64
62.43,62.43,31.70,23.73,64.65
68.60,68.60,31.92,20.71,64.11
68.12,68.12,33.08,16.90,63.52
68.41,68.41,33.38,20.38,64.20
69.86,69.86,34.66,20.15,64.67
67.53,67.53,34.81,16.34,64.37
68.46,68.46,34.12,20.99,64.28
67.01,67.01,34.08,15.75,63.20
66.05,66.05,36.47,19.73,62.90
64.02,64.02,34.57,24.40,65.45
59.65,59.65,42.98,29.01,67.90
52.92,52.92,49.23,18.81,68.93
47.16,47.16,48.71,17.66,68.82
45.37,45.37,47.26,15.38,70.57
42.34,42.34,43.85,17.08,67.54
39.81,39.81,41.45,17.63,70.56
38.51,38.51,37.94,17.11,69.11
37.61,37.61,36.32,16.79,71.07
36.44,36.44,34.22,19.37,70.02
35.89,35.89,33.79,20.42,68.96
37.22,37.22,31.84,22.08,71.17
40.79,40.79,32.75,19.74,69.05
47.62,47.62,29.06,16.06,69.84
52.42,52.42,31.36,11.57,69.27
62.90,62.90,40.65,13.92,68.33
70.50,70.50,50.65,13.81,69.06
69.99,69.99,44.64,16.27,69.61
67.39,67.39,38.73,19.62,70.12
65.68,65.68,35.72,26.78,68.69
63.66,63.66,35.26,21.65,70.88
63.83,63.83,33.26,19.03,70.49
64.32,64.32,33.89,16.02,69.84
63.96,63.96,33.60,13.75,70.28
61.79,61.79,36.72,12.64,69.77
64.88,64.88,35.87,11.05,69.56
66.51,66.51,35.29,19.12,69.49
71.81,71.81,36.78,15.47,67.91
71.35,71.35,35.86,9.84,68.30
67.31,67.31,36.61,17.12,69.46
67.56,67.56,38.19,7.40,69.42
69.42,69.42,36.69,13.32,68.47
68.02,68.02,37.41,12.49,69.45
66.00,66.00,36.96,16.57,68.81
64.91,64.91,35.49,11.50,67.35
66.66,66.66,38.10,13.43,67.17
68.07,68.07,35.45,6.66,67.96
68.07,68.07,36.49,9.15,69.84
66.47,66.47,39.58,8.43,69.53
65.90,65.90,39.90,11.94,70.21
66.22,66.22,39.23,10.23,69.49
65.93,65.93,40.25,11.83,67.76
67.46,67.46,38.59,8.41,66.46
66.11,66.11,39.35,6.53,66.46
67.47,67.47,39.88,11.60,65.71
67.20,67.20,40.24,11.59,67.65
67.60,67.60,40.70,11.30,69.96
67.58,67.58,44.73,10.89,69.73
67.80,67.80,46.06,9.95,69.56
65.53,65.53,46.78,14.75,69.60
66.22,66.22,46.27,13.79,67.59
66.72,66.72,46.28,11.20,65.02
66.19,66.19,43.36,15.64,64.43
67.82,67.82,42.54,17.33,66.71
68.02,68.02,41.88,17.26,65.27
66.82,66.82,40.06,15.22,65.73
66.99,66.99,39.58,13.79,66.97
66.32,66.32,39.85,13.62,68.44
66.94,66.94,38.89,11.06,68.33
67.70,67.70,40.25,15.16,69.00
68.05,68.05,40.40,11.87,69.81
67.62,67.62,40.29,9.27,67.44
67.88,67.88,39.09,6.56,66.49
67.58,67.58,40.20,7.43,66.46
66.99,66.99,41.60,9.98,67.37
66.43,66.43,40.49,7.03,68.11
67.14,67.14,41.00,10.95,69.11
66.24,66.24,40.64,9.88,67.27
67.10,67.10,40.60,12.22,67.36
66.86,66.86,40.66,11.38,67.64
66.69,66.69,39.45,11.37,65.13
66.56,66.56,39.96,11.97,63.88
66.24,66.24,39.50,12.19,65.79
64.82,64.82,41.44,14.96,67.50
65.79,65.79,39.59,10.47,67.70
64.61,64.61,38.94,12.06,69.84
62.00,62.00,37.96,15.31,69.71
59.15,59.15,37.91,15.01,69.14
58.45,58.45,38.88,11.21,69.63
59.39,59.39,40.05,13.12,67.07
59.66,59.66,38.55,14.14,66.76
60.07,60.07,38.51,9.47,67.28
58.68,58.68,38.51,13.48,67.55
58.47,58.47,39.26,12.59,67.70
57.88,57.88,38.85,15.71,68.48
58.03,58.03,38.11,15.21,69.72
58.07,58.07,36.71,12.95,70.38
57.05,57.05,38.59,13.60,68.39
57.55,57.55,37.84,9.34,67.97
60.71,60.71,39.61,15.77,68.34
60.86,60.86,39.21,15.28,69.07
61.28,61.28,39.82,15.38,68.18
60.95,60.95,40.28,16.69,70.03
61.31,61.31,46.90,13.15,69.73
58.94,58.94,53.26,15.03,71.57
60.64,60.64,53.30,24.10,68.44
57.87,57.87,51.96,17.67,68.78
51.93,51.93,49.73,14.60,64.64
53.20,53.20,47.03,18.12,65.69
53.79,53.79,44.52,19.46,65.92
52.82,52.82,41.20,25.66,67.26
53.67,53.67,38.74,16.46,69.18
52.43,52.43,36.18,17.39,67.49
50.28,50.28,33.79,16.61,68.63
49.21,49.21,34.33,16.66,70.75
50.51,50.51,33.83,18.08,67.03
50.56,50.56,33.16,18.68,71.35
49.25,49.25,33.32,15.78,71.02
48.99,48.99,33.60,15.42,65.74
49.31,49.31,34.14,14.59,70.24
51.71,51.71,31.83,16.70,69.74
52.21,52.21,33.30,17.49,71.47
50.81,50.81,32.05,14.33,70.89
49.87,49.87,33.11,19.27,67.49
50.49,50.49,32.31,20.14,68.91
50.88,50.88,31.62,17.47,70.73
50.10,50.10,30.38,12.72,70.45
51.26,51.26,32.80,17.80,69.67
51.67,51.67,33.15,18.08,71.75
46.39,46.39,30.72,13.48,71.50
45.38,45.38,32.09,15.44,66.44
46.31,46.31,33.62,18.28,68.63
49.10,49.10,33.91,17.87,71.08
49.94,49.94,33.37,14.89,69.61
50.66,50.66,32.48,12.54,69.18
48.59,48.59,35.39,18.32,67.73
50.26,50.26,33.94,16.43,66.80
52.01,52.01,33.86,13.12,68.70
51.15,51.15,34.57,14.69,67.67
52.66,52.66,36.41,19.41,69.15
53.24,53.24,35.93,14.85,67.88
52.04,52.04,35.63,12.70,66.33
51.59,51.59,35.82,14.16,65.59
53.08,53.08,35.79,14.36,67.08
51.95,51.95,33.93,9.40,68.02
51.04,51.04,33.40,9.36,68.59
50.39,50.39,34.85,15.05,66.48
49.27,49.27,35.96,13.76,64.96
48.72,48.72,38.75,12.05,65.07
49.98,49.98,45.59,11.97,66.18
51.09,51.09,54.57,19.04,68.92
48.87,48.87,56.42,21.61,67.01
48.23,48.23,55.93,20.86,65.91
46.52,46.52,53.38,21.32,65.10
45.67,45.67,49.01,19.19,65.10
45.62,45.62,45.68,20.00,68.19
47.22,47.22,42.07,23.35,68.02
44.38,44.38,40.11,17.05,65.29
42.79,42.79,38.40,14.78,66.57
42.28,42.28,38.21,17.71,66.44
43.48,43.48,34.91,15.53,66.04
42.37,42.37,35.40,14.47,68.21
43.03,43.03,33.39,14.61,68.71
39.34,39.34,33.52,14.10,67.57
39.33,39.33,34.87,14.57,66.33
37.74,37.74,33.42,13.99,67.57
33.92,33.92,34.98,13.87,66.27
34.66,34.66,34.14,17.28,68.25
33.03,33.03,33.48,16.55,69.83
33.73,33.73,32.79,12.75,67.93
42.79,42.79,32.09,13.00,64.78
52.02,52.02,34.44,14.44,65.48
61.48,61.48,34.22,18.52,67.41
67.98,67.98,31.46,19.63,67.03
70.59,70.59,35.91,25.54,68.36
69.93,69.93,32.91,17.96,68.22
71.05,71.05,32.95,15.47,63.23
71.86,71.86,35.47,10.27,66.87
71.68,71.68,34.89,15.13,68.71
71.38,71.38,34.19,16.30,67.38
68.59,68.59,32.18,17.79,68.77
68.16,68.16,28.89,12.46,65.33
67.78,67.78,27.64,17.86,66.14
67.71,67.71,28.30,18.64,65.55
70.17,70.17,36.46,19.81,67.43
70.01,70.01,36.51,15.87,68.96
69.14,69.14,35.03,12.93,68.07
69.43,69.43,32.89,13.83,63.89
68.96,68.96,32.47,16.57,64.39
69.22,69.22,34.42,16.67,66.36
68.57,68.57,36.79,18.04,66.62
68.62,68.62,33.82,16.03,68.26
70.67,70.67,31.54,12.68,65.76
70.28,70.28,31.84,18.04,66.96
68.07,68.07,32.42,17.83,63.12
69.84,69.84,37.73,14.33,66.23
72.27,72.27,47.72,19.17,69.00
72.99,72.99,47.92,21.92,66.44
74.24,74.24,48.21,17.63,67.98
72.84,72.84,44.52,17.22,65.40
71.77,71.77,42.93,16.82,65.12
71.23,71.23,41.06,22.97,65.97
71.14,71.14,39.04,17.72,65.91
69.64,69.64,37.98,17.67,67.88
69.58,69.58,36.27,18.87,66.83
69.99,69.99,36.54,18.05,67.18
70.01,70.01,35.50,12.65,68.63
69.91,69.91,35.25,12.49,67.54
69.06,69.06,35.63,11.15,68.46
69.07,69.07,36.47,17.03,68.97
70.96,70.96,36.53,19.64,67.40
71.42,71.42,37.28,16.36,69.16
70.32,70.32,36.94,18.12,66.49
69.14,69.14,36.33,14.16,68.02
67.75,67.75,35.57,11.05,66.33
62.02,62.02,35.39,17.22,69.45
57.02,57.02,35.69,13.75,65.44
59.88,59.88,35.04,14.72,66.34
62.52,62.52,36.96,13.66,67.43
64.86,64.86,35.95,11.51,67.63
64.86,64.86,39.65,13.92,66.25
66.17,66.17,40.22,12.75,67.76
65.15,65.15,40.29,14.55,67.83
66.08,66.08,38.87,12.75,67.24
68.11,68.11,37.40,15.05,68.51
68.22,68.22,37.70,17.65,69.91
68.11,68.11,37.27,11.91,66.15
68.76,68.76,35.62,15.95,70.49
67.85,67.85,34.32,13.49,68.11
65.73,65.73,35.46,13.81,68.77
62.48,62.48,34.96,19.98,70.10
64.88,64.88,34.11,17.87,68.42
71.28,71.28,34.11,10.14,68.89
71.74,71.74,35.00,14.98,68.35
71.52,71.52,33.60,21.20,66.94
68.97,68.97,33.12,22.55,67.85
69.26,69.26,33.45,11.95,69.04
68.85,68.85,31.78,18.06,69.06
68.61,68.61,31.09,16.47,69.38
66.99,66.99,28.66,16.07,69.58
67.76,67.76,32.08,12.79,69.52
68.82,68.82,34.39,10.55,68.90
69.93,69.93,37.47,12.78,67.33
72.38,72.38,37.93,19.02,68.32
72.43,72.43,38.47,12.86,66.81
70.54,70.54,37.90,11.37,66.06
65.62,65.62,38.15,8.71,67.11
63.45,63.45,36.12,11.09,66.28
66.45,66.45,33.89,9.10,67.43
65.11,65.11,33.64,12.10,68.76
58.02,58.02,32.60,11.93,64.43
56.19,56.19,33.44,10.85,66.94
54.81,54.81,31.63,10.95,68.05
49.66,49.66,30.86,10.47,69.58
50.23,50.23,29.87,12.63,69.24
57.54,57.54,29.63,13.35,68.98
61.80,61.80,31.68,14.86,67.16
58.64,58.64,28.16,11.33,64.20
60.41,60.41,27.57,8.24,63.72
57.96,57.96,27.76,8.56,65.16
57.33,57.33,27.46,9.84,66.61
61.75,61.75,31.58,10.42,66.46
65.84,65.84,30.05,5.85,70.16
67.21,67.21,36.01,8.89,69.71
68.14,68.14,32.13,9.87,69.31
69.00,69.00,26.53,8.71,69.36
68.53,68.53,33.22,15.86,68.84
68.80,68.80,34.23,17.68,64.75
67.65,67.65,34.77,17.09,62.40
68.22,68.22,31.76,10.63,60.72
68.36,68.36,32.26,8.07,63.53
68.27,68.27,30.20,13.63,65.29
69.51,69.51,32.30,15.51,64.85
72.03,72.03,31.30,15.71,67.87
75.16,75.16,33.92,19.61,66.55
74.96,74.96,32.47,20.35,65.88
74.14,74.14,35.32,24.05,63.50
72.64,72.64,35.17,20.78,63.41
73.02,73.02,33.79,16.39,66.12
70.18,70.18,34.73,14.63,64.53
60.60,60.60,34.10,15.03,64.10
68.37,68.37,34.90,15.81,64.87
71.08,71.08,32.45,9.84,65.24
72.98,72.98,33.44,16.07,64.72
73.61,73.61,32.85,10.47,62.61
71.94,71.94,31.21,13.87,63.42
73.36,73.36,30.84,6.50,61.12
73.37,73.37,33.49,12.82,62.31
73.35,73.35,44.14,12.93,67.06
73.56,73.56,50.59,21.33,68.16
75.08,75.08,48.41,15.93,69.39
74.77,74.77,45.60,12.64,69.75
74.49,74.49,42.99,17.55,69.13
73.47,73.47,38.75,11.40,69.81
72.75,72.75,36.10,14.17,69.04
73.75,73.75,33.46,7.12,68.74
74.11,74.11,31.10,15.46,68.50
74.40,74.40,30.11,11.38,67.46
74.23,74.23,27.70,9.57,67.77
75.36,75.36,28.16,12.45,68.04
74.30,74.30,27.65,8.57,67.80
73.98,73.98,27.77,16.17,68.57
74.95,74.95,27.30,14.17,70.37
75.26,75.26,29.01,16.32,68.63
75.73,75.73,28.08,16.48,67.46
75.13,75.13,27.72,14.79,69.35
74.24,74.24,27.61,11.07,68.86
72.21,72.21,28.14,15.40,68.41
70.48,70.48,29.93,14.66,69.14
69.07,69.07,29.79,11.95,68.06
69.44,69.44,30.15,7.77,68.20
70.25,70.25,30.02,16.42,67.90
70.04,70.04,30.45,13.24,66.45
69.26,69.26,29.89,12.80,66.41
66.20,66.20,32.27,9.12,65.54
63.09,63.09,32.05,13.96,66.16
65.19,65.19,32.95,14.23,66.01
65.98,65.98,32.27,9.45,67.20
67.19,67.19,31.59,5.64,66.46
68.19,68.19,31.05,6.14,65.46
69.62,69.62,30.97,7.65,64.79
72.86,72.86,32.63,13.73,66.07
75.01,75.01,32.13,12.52,66.12
75.92,75.92,32.68,11.84,65.60
76.75,76.75,32.31,14.20,65.41
77.28,77.28,32.85,14.79,65.69
77.32,77.32,32.07,10.64,66.65
77.05,77.05,32.74,16.51,67.16
76.52,76.52,32.80,12.84,67.91
77.20,77.20,32.88,11.18,68.47
77.93,77.93,32.72,9.63,68.17
77.67,77.67,32.31,14.20,68.00
77.19,77.19,35.11,13.70,67.12
76.80,76.80,37.07,15.25,65.93
76.33,76.33,45.07,11.18,65.16
74.54,74.54,50.75,17.69,64.21
73.02,73.02,51.02,16.91,64.70
73.05,73.05,50.49,9.97,65.37
71.48,71.48,47.70,16.60,67.26
71.09,71.09,43.32,12.95,67.20
70.73,70.73,40.22,12.66,66.65
70.26,70.26,37.60,14.75,68.18
70.81,70.81,36.72,15.74,68.56
71.20,71.20,34.20,13.79,67.76
71.92,71.92,33.08,13.64,68.42
73.04,73.04,33.74,16.04,68.81
73.49,73.49,31.83,14.06,69.10
73.71,73.71,31.84,14.06,69.89
74.48,74.48,30.68,17.89,69.99
75.30,75.30,30.44,15.87,68.56
76.28,76.28,31.49,19.81,68.13
76.87,76.87,33.51,17.75,68.63
76.69,76.69,30.64,15.30,69.85
76.77,76.77,31.97,17.29,69.31
76.26,76.26,30.66,18.89,68.68
76.05,76.05,31.08,15.97,68.49
76.14,76.14,30.47,19.88,67.83
75.49,75.49,32.10,19.87,67.20
75.57,75.57,30.49,10.29,67.72
75.46,75.46,32.33,18.63,67.67
75.38,75.38,31.62,21.85,67.36
74.62,74.62,30.61,15.48,65.33
73.63,73.63,32.10,15.32,66.24
72.69,72.69,33.66,19.61,67.61
72.39,72.39,32.04,16.80,69.22
71.36,71.36,30.52,17.83,68.60
70.21,70.21,29.82,12.12,68.80
67.49,67.49,32.09,15.59,67.55
65.85,65.85,31.68,8.29,68.71
65.33,65.33,32.14,16.59,70.15
64.47,64.47,31.59,12.00,69.49
64.24,64.24,32.16,12.16,69.62
63.52,63.52,32.64,18.06,69.42
60.32,60.32,30.16,12.05,69.72
60.68,60.68,29.96,16.42,69.67
63.16,63.16,29.76,12.12,69.68
66.88,66.88,30.83,14.85,69.46
65.88,65.88,29.00,6.22,69.19
65.22,65.22,30.33,9.72,69.03
63.94,63.94,35.82,13.82,69.61
62.34,62.34,45.85,20.02,70.32
62.90,62.90,53.16,22.94,70.59
63.33,63.33,53.03,19.48,70.44
63.06,63.06,52.09,24.97,69.51
60.97,60.97,48.69,19.13,69.00
59.22,59.22,43.35,19.95,67.21
61.17,61.17,41.66,23.57,66.64
61.95,61.95,38.45,20.32,68.13
62.49,62.49,36.14,20.86,69.70
61.96,61.96,32.87,16.58,69.12
59.92,59.92,31.46,12.91,70.64
59.82,59.82,29.63,14.28,71.57
60.93,60.93,30.20,14.41,71.43
60.36,60.36,30.72,11.41,69.44
58.91,58.91,31.10,13.80,68.11
59.00,59.00,31.44,18.70,66.17
59.03,59.03,30.28,16.48,65.89
59.66,59.66,29.18,16.81,68.25
58.79,58.79,28.78,14.04,69.04
60.01,60.01,29.62,19.75,68.97
58.96,58.96,28.29,19.13,69.32
55.89,55.89,29.90,16.58,68.90
53.17,53.17,28.98,15.35,69.44
52.10,52.10,30.83,13.99,68.05
54.77,54.77,28.80,11.22,69.50
57.51,57.51,30.68,20.90,69.27
57.33,57.33,31.89,22.55,69.74
57.15,57.15,29.30,13.11,68.64
56.54,56.54,29.16,17.17,68.82
55.85,55.85,30.86,15.58,68.40
55.97,55.97,30.42,12.17,69.42
54.05,54.05,30.51,10.59,68.93
52.95,52.95,29.98,11.48,67.18
54.35,54.35,30.19,15.73,67.03
54.00,54.00,29.57,11.47,67.04
55.17,55.17,29.97,15.20,69.05
56.67,56.67,29.04,15.69,70.03
55.14,55.14,30.24,16.73,67.77
53.98,53.98,30.73,12.94,67.44
56.33,56.33,30.59,13.89,67.90
56.72,56.72,31.59,11.14,68.20
55.82,55.82,32.12,12.91,67.19
57.30,57.30,32.38,16.24,67.47
58.01,58.01,32.69,16.49,68.69
55.21,55.21,34.04,15.84,65.99
52.07,52.07,38.89,16.70,66.05
51.81,51.81,45.72,18.37,67.14
52.99,52.99,57.47,26.42,71.74
51.25,51.25,58.12,28.88,71.55
47.41,47.41,57.17,23.22,68.95
46.17,46.17,52.58,21.80,67.56
48.26,48.26,51.17,22.59,65.01
47.08,47.08,49.99,22.07,64.58
49.06,49.06,45.86,17.10,66.12
49.93,49.93,44.49,21.00,68.43
50.38,50.38,41.14,19.08,69.40
50.38,50.38,38.12,24.20,67.09
52.41,52.41,35.90,14.56,63.54
54.65,54.65,32.39,19.24,66.69
55.23,55.23,30.53,16.36,65.98
57.42,57.42,32.07,17.99,68.09
63.03,63.03,29.74,21.04,67.34
65.82,65.82,29.04,23.63,64.56
66.05,66.05,36.15,24.01,62.63
67.86,67.86,32.88,20.99,63.94
67.35,67.35,30.53,13.06,64.71
67.68,67.68,30.60,18.33,66.08
67.84,67.84,26.11,17.79,65.43
66.12,66.12,28.33,14.63,63.95
67.27,67.27,23.61,12.18,62.91
62.05,62.05,29.47,21.03,64.06
66.06,66.06,34.82,23.90,64.78
69.93,69.93,36.44,24.99,63.71
70.33,70.33,36.87,15.99,63.31
71.50,71.50,36.33,15.61,62.22
73.12,73.12,37.27,17.63,62.32
70.87,70.87,39.22,18.01,63.35
70.50,70.50,37.93,22.16,63.86
72.53,72.53,34.84,22.13,64.50
64.99,64.99,33.69,22.57,63.20
65.07,65.07,35.55,20.35,62.26
70.36,70.36,35.75,17.10,64.72
70.97,70.97,36.57,18.45,66.03
67.01,67.01,37.84,13.78,65.19
66.12,66.12,39.44,13.32,64.78
66.77,66.77,40.97,13.25,61.95
65.07,65.07,38.85,11.92,59.86
65.95,65.95,38.79,7.65,59.35
66.06,66.06,38.68,7.32,63.35
61.19,61.19,37.81,8.16,64.00
63.73,63.73,34.44,10.86,62.27
65.28,65.28,32.73,7.21,59.24
68.71,68.71,36.71,19.26,56.64
71.38,71.38,44.65,22.43,66.27
69.69,69.69,45.47,20.75,68.38
69.77,69.77,42.74,25.32,68.31
71.82,71.82,41.16,17.49,67.72
66.76,66.76,39.87,21.02,66.67
71.78,71.78,36.75,22.42,65.57
69.89,69.89,34.89,18.97,67.19
69.84,69.84,34.03,20.72,67.57
72.63,72.63,31.98,19.76,67.55
69.07,69.07,30.11,21.49,66.35
68.75,68.75,31.23,23.01,65.72
69.25,69.25,31.28,18.68,65.35
69.27,69.27,32.51,19.32,66.51
69.18,69.18,31.19,19.52,66.36
68.17,68.17,30.93,15.49,65.87
67.50,67.50,32.12,13.27,66.18
69.94,69.94,33.36,15.24,64.73
70.43,70.43,32.92,10.94,66.81
68.17,68.17,31.96,12.39,65.60
70.07,70.07,34.53,10.64,66.99
70.02,70.02,33.73,10.68,66.87
66.47,66.47,37.77,12.17,66.48
66.54,66.54,39.10,7.95,66.69
68.60,68.60,35.78,5.07,67.63
72.02,72.02,37.17,12.33,68.18
71.17,71.17,39.02,12.13,66.97
72.82,72.82,38.40,14.67,66.40
73.41,73.41,34.98,11.47,66.21
70.14,70.14,36.95,13.47,68.20
70.86,70.86,35.19,11.68,67.81
70.84,70.84,34.63,13.28,67.98
71.58,71.58,30.70,9.63,68.26
70.85,70.85,34.87,14.30,68.27
69.18,69.18,34.94,12.71,66.68
69.06,69.06,33.93,10.39,66.77
70.44,70.44,35.79,6.49,68.67
68.62,68.62,37.62,12.62,68.44
67.94,67.94,35.01,9.57,68.89
69.53,69.53,36.00,13.81,67.64
70.44,70.44,35.80,15.57,67.36
69.35,69.35,37.33,20.12,66.17
68.12,68.12,35.02,15.10,68.25
66.24,66.24,34.17,15.72,68.75
62.44,62.44,32.90,12.35,68.70
62.52,62.52,37.32,16.24,70.09
61.14,61.14,41.14,22.03,69.68
60.10,60.10,49.11,21.82,70.52
62.71,62.71,50.88,20.75,70.91
60.25,60.25,49.60,17.76,70.92
62.72,62.72,47.37,20.62,70.37
62.62,62.62,45.45,16.13,69.44
61.00,61.00,42.43,14.90,70.12
59.10,59.10,39.72,16.01,68.65
58.92,58.92,37.57,19.60,68.31
58.76,58.76,38.59,22.22,69.50
57.36,57.36,33.83,16.70,69.81
55.71,55.71,31.91,18.25,68.85
55.12,55.12,30.09,14.10,69.07
57.77,57.77,31.46,19.39,67.97
59.24,59.24,36.02,29.10,67.88
74.32,74.32,44.96,33.82,70.18
73.93,73.93,38.62,27.02,68.73
72.20,72.20,33.11,24.63,70.24
71.13,71.13,30.63,18.34,70.74
70.82,70.82,33.45,22.90,70.38
71.28,71.28,33.33,17.88,68.65
72.05,72.05,31.22,19.32,69.58
72.06,72.06,28.61,13.17,68.61
71.06,71.06,29.20,16.49,67.91
70.22,70.22,32.97,23.30,69.48
62.97,62.97,31.23,15.58,67.78
55.98,55.98,32.71,12.78,67.26
55.42,55.42,33.95,13.41,69.80
52.77,52.77,34.11,15.49,69.36
49.87,49.87,33.74,10.25,68.40
50.09,50.09,33.43,17.29,67.75
50.49,50.49,34.56,17.39,69.56
52.81,52.81,34.36,23.63,70.60
54.70,54.70,32.85,15.60,70.60
57.24,57.24,31.23,19.40,69.21
58.35,58.35,29.03,20.09,67.47
61.52,61.52,28.56,17.15,66.05
63.15,63.15,27.58,15.35,63.88
70.02,70.02,33.95,19.68,63.49
68.14,68.14,33.04,16.41,63.86
70.28,70.28,33.68,17.59,64.09
69.89,69.89,36.04,18.60,64.91
70.21,70.21,35.76,13.94,67.45
68.14,68.14,35.62,18.63,67.35
67.01,67.01,33.53,10.96,65.64
63.46,63.46,34.94,11.38,64.94
58.96,58.96,37.58,13.63,64.02
55.21,55.21,49.51,26.58,67.89
51.01,51.01,54.33,21.37,70.46
45.63,45.63,53.07,17.70,70.97
44.14,44.14,50.97,16.92,69.81
42.88,42.88,47.50,17.91,69.53
42.45,42.45,43.78,19.76,69.35
42.10,42.10,39.91,17.17,69.08
41.57,41.57,39.27,13.55,70.40
41.42,41.42,36.62,10.04,70.01
42.76,42.76,35.10,8.25,71.75
47.41,47.41,33.19,6.86,69.56
50.53,50.53,33.24,10.98,71.57
54.61,54.61,30.51,11.95,71.56
58.68,58.68,33.84,18.77,69.64
68.69,68.69,34.30,28.24,69.29
71.87,71.87,36.71,22.07,68.19
73.22,73.22,41.07,29.10,68.94
74.47,74.47,39.25,28.60,67.69
72.06,72.06,36.78,29.83,67.17
70.63,70.63,34.45,22.85,68.12
71.08,71.08,32.65,19.31,67.35
70.78,70.78,30.70,16.50,69.86
71.02,71.02,32.20,14.73,69.44
70.02,70.02,29.25,5.93,69.23
68.34,68.34,33.40,15.02,69.79
68.09,68.09,30.60,10.83,68.81
69.62,69.62,30.45,9.36,67.96
67.55,67.55,31.25,9.20,66.05
68.18,68.18,32.69,8.04,65.05
67.55,67.55,32.57,6.32,70.31
67.31,67.31,34.74,5.58,71.22
68.52,68.52,34.07,7.30,69.15
68.44,68.44,35.89,2.10,71.44
67.37,67.37,36.76,5.97,68.36
67.12,67.12,35.75,6.10,67.04
67.04,67.04,37.17,7.05,66.72
65.79,65.79,37.26,6.03,64.47
64.83,64.83,36.87,6.47,66.91
65.48,65.48,37.81,6.00,66.25
63.67,63.67,38.21,7.57,70.98
64.42,64.42,36.35,6.02,70.02
63.71,63.71,37.51,5.34,69.34
66.45,66.45,36.93,6.99,68.82
67.06,67.06,36.87,5.87,69.72
67.41,67.41,38.44,8.15,69.78
67.64,67.64,39.42,7.97,69.47
69.67,69.67,44.09,9.41,69.73
68.77,68.77,45.87,11.75,69.24
68.66,68.66,45.34,14.28,68.92
68.97,68.97,44.33,5.56,69.51
66.34,66.34,44.62,12.26,68.38
68.39,68.39,42.11,8.14,68.74
68.28,68.28,40.27,9.82,67.19
68.42,68.42,38.90,4.86,67.52
69.19,69.19,39.23,5.96,69.30
69.30,69.30,37.79,7.79,67.85
69.06,69.06,38.08,9.77,67.31
69.21,69.21,37.68,6.08,64.84
68.19,68.19,37.65,8.58,66.60
69.15,69.15,40.14,12.99,68.26
69.65,69.65,37.84,8.81,67.18
70.05,70.05,38.44,8.42,66.00
68.19,68.19,37.71,9.97,66.59
68.26,68.26,38.42,9.20,65.35
66.68,66.68,37.54,8.11,66.14
64.94,64.94,38.31,5.08,67.49
65.33,65.33,38.18,7.66,68.77
65.32,65.32,38.66,8.49,67.38
64.93,64.93,38.91,6.78,68.94
65.44,65.44,36.47,6.33,69.01
66.51,66.51,36.02,7.61,70.50
66.28,66.28,36.66,7.87,70.09
65.58,65.58,37.02,8.63,72.75
66.31,66.31,35.96,7.68,71.64
66.97,66.97,36.41,7.96,68.24
67.53,67.53,36.38,5.31,67.46
67.67,67.67,37.60,8.17,65.87
67.13,67.13,36.87,8.17,68.31
67.35,67.35,35.45,7.97,66.19
67.44,67.44,36.70,7.34,65.19
65.59,65.59,36.74,10.66,65.94
65.98,65.98,37.74,7.53,64.66
66.38,66.38,37.99,8.66,66.11
67.16,67.16,38.10,9.80,66.26
67.31,67.31,35.55,8.91,67.78
66.28,66.28,34.69,5.05,66.11
65.80,65.80,36.35,12.21,66.29
64.97,64.97,35.85,7.79,66.82
66.02,66.02,35.38,10.77,64.32
65.74,65.74,35.75,8.38,67.33
64.86,64.86,37.10,7.08,67.78
63.50,63.50,41.67,8.92,67.86
63.72,63.72,49.57,4.53,67.45
61.74,61.74,56.75,16.73,68.52
61.56,61.56,57.06,20.05,68.59
59.81,59.81,55.52,13.43,71.20
59.05,59.05,52.96,20.12,69.33
61.04,61.04,48.80,17.25,70.99
57.80,57.80,43.87,17.99,68.08
55.84,55.84,40.91,14.00,68.27
56.05,56.05,38.45,12.99,71.08
55.04,55.04,36.36,13.00,67.53
53.24,53.24,33.30,7.87,67.50
54.27,54.27,34.51,12.57,68.11
53.49,53.49,35.59,14.20,66.86
51.88,51.88,33.03,10.94,67.24
52.12,52.12,32.68,11.18,66.60
51.28,51.28,34.08,10.90,69.78
52.77,52.77,33.72,11.35,66.44
52.27,52.27,32.29,10.60,66.79
52.36,52.36,32.02,10.76,66.34
53.48,53.48,36.09,15.20,67.44
55.48,55.48,33.32,10.39,67.82
56.37,56.37,33.74,13.02,66.95
54.10,54.10,32.51,14.08,65.81
55.62,55.62,31.04,7.59,66.17
57.15,57.15,30.32,9.50,68.21
57.06,57.06,30.42,9.48,69.11
55.02,55.02,29.88,9.33,69.95
53.87,53.87,31.40,9.81,70.79
51.92,51.92,32.17,12.29,68.56
51.58,51.58,29.87,11.33,68.65
53.14,53.14,32.52,12.23,70.05
57.20,57.20,32.69,9.84,69.33
58.37,58.37,34.21,11.10,68.16
58.47,58.47,32.35,10.70,69.43
57.49,57.49,34.58,10.62,66.30
57.12,57.12,34.88,12.37,68.00
57.78,57.78,30.94,6.71,68.87
59.00,59.00,32.99,9.77,69.51
58.19,58.19,32.98,9.19,69.88
57.48,57.48,33.11,10.88,70.61
56.33,56.33,33.19,7.37,68.88
56.54,56.54,34.21,9.45,68.88
56.25,56.25,34.29,11.52,70.31
55.10,55.10,32.97,9.49,70.54
54.15,54.15,34.20,12.46,69.75
51.79,51.79,38.77,11.83,70.01
50.64,50.64,48.96,12.31,69.45
51.66,51.66,55.40,19.29,67.84
51.22,51.22,55.91,24.64,71.15
52.92,52.92,55.01,19.70,70.32
51.23,51.23,51.90,24.35,69.84
50.80,50.80,48.37,20.86,68.90
49.07,49.07,45.92,20.26,67.31
50.79,50.79,44.09,21.40,68.03
51.55,51.55,41.67,13.46,68.07
51.20,51.20,39.52,17.23,71.08
51.11,51.11,36.63,17.64,69.69
47.34,47.34,35.35,17.68,69.07
46.46,46.46,33.51,12.87,68.09
47.98,47.98,33.46,10.81,68.02
51.45,51.45,31.76,13.63,67.26
51.30,51.30,32.52,13.47,66.21
53.03,53.03,32.22,11.08,67.79
51.84,51.84,36.02,17.83,65.67
52.81,52.81,34.16,17.95,66.89
53.84,53.84,30.87,12.35,70.61
63.76,63.76,36.59,23.51,71.31
59.10,59.10,40.33,27.49,70.31
60.12,60.12,35.06,29.89,70.43
61.11,61.11,35.90,27.78,66.17
64.00,64.00,32.34,16.96,63.48
62.52,62.52,32.99,25.41,63.44
67.75,67.75,41.30,38.57,63.97
65.00,65.00,39.28,34.67,66.16
65.52,65.52,31.81,29.45,65.31
67.66,67.66,33.76,29.81,64.52
65.59,65.59,36.09,32.54,65.91
65.99,65.99,30.93,32.31,68.19
65.02,65.02,30.31,25.71,67.32
66.82,66.82,28.48,23.42,67.94
67.34,67.34,31.97,21.03,65.48
67.16,67.16,34.50,20.36,65.69
72.29,72.29,34.02,11.29,65.91
70.44,70.44,33.59,15.17,66.10
68.21,68.21,35.58,17.95,67.08
68.70,68.70,35.06,15.53,67.60
68.47,68.47,32.82,17.70,65.24
66.77,66.77,28.29,19.46,63.42
64.49,64.49,26.14,16.57,66.02
65.81,65.81,28.57,20.06,66.30
67.45,67.45,26.78,20.45,64.98
67.97,67.97,28.89,18.68,64.44
67.55,67.55,36.07,14.74,64.21
67.62,67.62,47.84,22.45,69.20
68.00,68.00,48.46,24.64,67.13
67.81,67.81,47.53,25.85,72.62
65.32,65.32,45.23,12.47,69.35
65.25,65.25,43.86,17.58,69.23
66.32,66.32,42.26,17.01,68.26
67.09,67.09,38.19,19.54,66.10
68.16,68.16,36.51,19.86,67.32
69.60,69.60,34.46,18.24,64.97
70.07,70.07,34.27,18.69,68.46
70.39,70.39,35.30,11.94,67.46
68.94,68.94,35.64,12.44,70.42
68.13,68.13,35.00,15.31,69.15
65.23,65.23,35.19,16.82,69.37
65.08,65.08,32.76,18.20,70.49
65.66,65.66,32.97,21.23,71.24
61.87,61.87,33.40,10.52,70.75
59.27,59.27,35.26,13.75,67.63
59.24,59.24,34.99,11.69,68.70
61.61,61.61,34.08,10.46,67.32
66.60,66.60,31.79,14.18,69.72
66.84,66.84,31.88,10.94,67.76
65.78,65.78,32.05,17.58,67.57
69.24,69.24,32.35,14.28,68.89
69.45,69.45,35.60,19.53,67.73
71.32,71.32,36.26,18.43,68.85
72.22,72.22,35.66,19.67,71.06
72.02,72.02,35.94,19.60,68.02
71.91,71.91,32.97,17.38,68.94
69.70,69.70,32.99,12.77,67.26
71.16,71.16,32.25,22.04,66.36
71.24,71.24,33.61,24.93,66.40
70.45,70.45,30.84,21.30,63.69
69.03,69.03,29.12,18.48,65.16
69.46,69.46,27.99,23.27,64.63
70.02,70.02,27.38,24.14,65.24
65.10,65.10,26.92,24.29,64.79
67.13,67.13,27.95,25.26,67.57
72.65,72.65,32.27,22.11,63.98
71.51,71.51,30.79,22.02,66.54
71.80,71.80,33.25,20.24,68.31
72.65,72.65,30.73,20.76,67.42
71.52,71.52,30.72,14.60,67.92
72.51,72.51,28.50,15.38,68.75
72.39,72.39,26.94,15.61,68.28
71.98,71.98,30.37,16.57,66.08
70.11,70.11,37.43,16.37,68.00
68.71,68.71,38.27,24.74,67.01
69.91,69.91,40.45,19.55,68.02
65.84,65.84,37.95,17.32,70.15
67.48,67.48,38.01,16.03,68.71
61.86,61.86,33.10,17.88,68.13
59.89,59.89,30.43,18.63,66.02
64.51,64.51,28.38,14.64,68.35
57.21,57.21,27.37,12.13,67.66
57.54,57.54,26.44,14.70,70.59
58.92,58.92,28.27,11.87,70.07
54.42,54.42,26.82,14.80,70.11
55.00,55.00,27.11,12.34,68.55
60.86,60.86,26.71,17.37,68.84
59.74,59.74,25.21,16.61,68.59
62.60,62.60,24.29,18.15,66.06
59.41,59.41,20.68,15.30,68.06
61.36,61.36,22.97,16.74,67.69
65.28,65.28,26.54,17.27,66.94
66.96,66.96,20.13,13.04,69.38
67.92,67.92,21.69,16.49,69.91
68.98,68.98,23.97,16.49,67.93
69.80,69.80,30.09,12.60,67.73
69.35,69.35,28.90,9.39,65.32
71.20,71.20,25.76,16.48,65.01
67.75,67.75,31.37,17.48,66.85
66.96,66.96,31.12,19.04,66.38
68.97,68.97,28.88,14.21,65.44
66.65,66.65,27.62,11.48,63.69
64.56,64.56,29.58,15.18,61.46
65.39,65.39,31.43,15.89,63.82
65.24,65.24,30.56,13.89,65.65
67.43,67.43,32.02,18.79,64.03
67.63,67.63,30.10,16.44,65.55
67.09,67.09,30.99,17.50,65.63
65.83,65.83,32.08,18.46,65.78
64.41,64.41,31.91,21.88,64.61
62.81,62.81,28.74,20.58,66.91
68.15,68.15,28.81,17.04,65.62
71.35,71.35,27.95,11.96,64.94
73.55,73.55,25.76,14.56,65.13
73.42,73.42,24.11,18.13,66.43
74.92,74.92,25.41,16.54,64.92
74.24,74.24,27.60,12.53,62.60
73.16,73.16,27.84,19.63,67.64
70.12,70.12,31.95,19.19,65.50
66.93,66.93,45.45,27.95,68.78
65.37,65.37,49.96,28.35,68.46
64.03,64.03,48.61,22.62,71.03
59.76,59.76,44.53,18.79,69.28
60.57,60.57,40.55,20.35,70.97
63.01,63.01,36.94,16.55,70.50
66.88,66.88,33.56,18.70,71.26
68.47,68.47,29.81,11.19,68.80
69.03,69.03,29.30,17.82,70.31
69.19,69.19,24.93,17.95,69.19
71.39,71.39,25.45,15.35,70.32
71.96,71.96,25.59,15.34,68.76
71.81,71.81,24.14,17.67,70.52
69.32,69.32,25.04,12.58,69.60
68.44,68.44,24.91,17.89,68.84
68.54,68.54,26.21,19.70,67.92
66.84,66.84,27.75,15.75,68.08
66.26,66.26,25.94,14.30,68.52
68.92,68.92,27.04,15.67,69.48
69.59,69.59,28.00,15.26,67.71
68.88,68.88,31.54,18.27,68.36
68.18,68.18,28.58,14.19,69.49
67.34,67.34,29.05,17.74,68.49
68.28,68.28,29.62,18.90,69.15
68.22,68.22,29.64,11.45,69.16
68.00,68.00,27.31,11.23,70.62
68.62,68.62,27.99,14.16,70.48
68.33,68.33,27.12,17.17,68.12
66.86,66.86,30.14,15.73,70.54
66.60,66.60,30.10,17.60,70.51
67.90,67.90,29.22,21.19,69.71
68.17,68.17,30.78,15.93,70.01
67.92,67.92,32.53,21.28,69.16
67.16,67.16,31.86,13.30,69.70
65.80,65.80,29.80,14.16,71.32
64.71,64.71,29.50,9.48,68.74
66.68,66.68,30.53,16.80,68.38
66.93,66.93,30.97,15.98,67.57
67.69,67.69,30.90,24.50,69.30
68.14,68.14,29.37,17.52,71.17
68.62,68.62,33.22,22.45,70.13
67.87,67.87,29.65,14.55,70.64
68.51,68.51,30.94,18.50,71.02
69.19,69.19,31.25,17.71,70.73
69.85,69.85,32.85,17.19,69.60
71.39,71.39,35.48,19.12,68.47
72.75,72.75,43.78,18.03,66.90
72.81,72.81,46.86,21.07,68.29
72.19,72.19,46.71,20.53,68.31
71.41,71.41,46.05,21.50,70.48
72.07,72.07,44.84,22.37,70.16
71.10,71.10,42.90,19.08,69.53
71.28,71.28,41.00,17.24,69.04
71.37,71.37,38.63,11.71,66.81
71.29,71.29,39.92,18.46,66.80
69.99,69.99,39.39,17.94,68.27
69.48,69.48,38.58,19.29,70.58
69.92,69.92,37.35,13.62,70.96
70.40,70.40,37.67,19.07,69.43
70.45,70.45,35.04,14.76,69.53
69.18,69.18,36.57,13.37,68.41
70.46,70.46,36.86,17.40,68.62
72.22,72.22,33.54,15.03,67.06
72.84,72.84,33.92,16.36,68.83
72.90,72.90,33.23,11.46,68.87
73.31,73.31,33.51,15.87,68.65
73.12,73.12,33.54,13.91,68.37
73.00,73.00,33.57,20.16,69.82
72.03,72.03,33.30,16.81,69.88
72.75,72.75,33.84,21.31,69.40
73.21,73.21,33.69,21.44,68.81
72.92,72.92,33.36,14.07,68.72
72.55,72.55,35.00,19.56,68.81
72.65,72.65,33.53,16.95,69.35
72.74,72.74,32.48,12.59,71.31
72.45,72.45,33.94,22.39,70.31
71.70,71.70,33.67,15.92,68.96
71.80,71.80,35.24,22.53,69.04
72.41,72.41,34.61,18.88,69.04
72.65,72.65,34.31,16.32,70.52
72.56,72.56,35.61,20.12,70.05
72.77,72.77,35.74,22.11,67.75
72.95,72.95,35.02,19.81,66.93
72.85,72.85,35.47,24.71,67.41
72.61,72.61,36.96,22.99,68.54
72.67,72.67,35.09,19.72,70.63
73.23,73.23,35.29,14.64,71.46
73.35,73.35,35.95,19.13,71.03
72.79,72.79,34.56,15.97,69.81
72.04,72.04,33.19,20.44,70.66
71.66,71.66,34.88,16.44,68.54
72.37,72.37,38.03,15.32,66.15
71.39,71.39,45.26,20.94,65.34
69.26,69.26,51.14,32.39,68.14
68.08,68.08,51.07,38.18,70.38
66.35,66.35,50.03,27.87,70.34
62.99,62.99,47.13,35.66,68.50
61.90,61.90,43.94,23.99,68.96
60.37,60.37,41.78,27.12,66.94
61.57,61.57,40.71,18.37,67.06
64.28,64.28,38.55,23.99,67.63
63.22,63.22,39.85,23.81,69.32
59.44,59.44,38.86,19.08,70.26
56.80,56.80,38.89,22.20,69.39
56.72,56.72,39.88,23.91,70.80
58.16,58.16,38.90,21.51,69.59
59.26,59.26,38.26,17.65,69.96
60.75,60.75,38.45,23.71,71.61
61.88,61.88,37.67,19.19,71.72
62.55,62.55,39.51,20.58,70.05
62.35,62.35,39.47,19.01,67.86
61.19,61.19,40.10,23.01,65.38
61.69,61.69,40.54,22.38,67.75
62.00,62.00,42.21,23.68,69.35
62.29,62.29,41.05,21.65,70.31
61.23,61.23,40.59,15.27,69.22
59.82,59.82,40.95,25.24,67.32
61.06,61.06,41.54,34.40,68.32
61.59,61.59,44.38,46.97,69.02
61.29,61.29,52.65,50.16,70.93
61.46,61.46,51.69,51.63,70.32
60.27,60.27,47.39,47.76,68.43
57.22,57.22,39.94,43.45,69.17
54.89,54.89,38.83,43.72,70.04
51.28,51.28,39.65,40.60,70.37
51.67,51.67,38.00,35.02,71.12
52.22,52.22,39.82,35.83,70.40
51.75,51.75,40.71,33.63,71.10
51.20,51.20,46.81,41.99,70.42
51.40,51.40,52.61,42.59,69.88
50.81,50.81,52.91,35.21,71.02
52.06,52.06,65.07,49.67,70.37
52.27,52.27,57.04,47.92,69.61
52.07,52.07,53.89,43.69,67.77
51.87,51.87,51.31,45.61,69.15
51.94,51.94,52.98,49.39,70.01
52.18,52.18,47.37,37.58,69.32
51.99,51.99,57.68,45.04,67.78
54.02,54.02,55.16,51.97,67.57
53.76,53.76,59.18,61.86,67.87
52.43,52.43,55.00,54.93,67.17
54.11,54.11,57.06,55.58,66.35
60.44,60.44,64.50,55.08,65.10
55.61,55.61,62.99,58.60,66.48
55.15,55.15,63.45,60.62,66.12
52.24,52.24,56.92,57.30,67.93
52.86,52.86,53.11,59.14,67.93
52.17,52.17,50.80,62.15,69.17
53.95,53.95,49.37,61.74,69.41
50.78,50.78,50.80,63.52,70.25
52.49,52.49,49.83,56.17,70.38
53.72,53.72,46.36,54.78,70.94
51.38,51.38,47.02,56.41,69.72
50.90,50.90,45.83,51.63,69.41
50.25,50.25,45.28,57.90,70.02
51.92,51.92,42.02,55.85,66.87
56.70,56.70,43.07,56.46,68.62
63.60,63.60,40.45,50.79,68.41
68.33,68.33,38.90,41.82,67.90
69.33,69.33,41.73,51.89,70.47
68.89,68.89,35.84,46.80,68.52
70.63,70.63,33.34,43.99,67.75
70.35,70.35,31.38,40.21,69.39
69.04,69.04,33.93,38.65,67.85
69.22,69.22,37.96,38.27,67.50
67.36,67.36,39.10,37.42,67.80
67.78,67.78,38.40,30.91,66.82
66.07,66.07,38.01,25.07,67.87
65.93,65.93,39.44,24.89,66.81
63.76,63.76,41.31,27.43,68.58
63.74,63.74,45.49,28.29,69.62
63.88,63.88,45.62,24.39,69.82
66.15,66.15,47.24,27.63,69.63
68.14,68.14,48.59,26.53,70.87
65.17,65.17,48.11,29.71,69.59
65.43,65.43,46.14,20.14,66.82
66.02,66.02,43.86,27.92,68.62
70.94,70.94,46.74,24.20,69.53
71.51,71.51,46.18,25.12,71.09
71.38,71.38,39.59,22.27,71.87
71.97,71.97,42.49,24.97,72.14
71.64,71.64,43.74,39.35,69.18
71.04,71.04,46.89,38.18,68.19
69.92,69.92,64.32,54.15,69.85
67.31,67.31,69.10,73.41,66.12
58.45,58.45,79.35,70.11,61.99
58.83,58.83,81.75,68.96,62.93
62.14,62.14,79.37,70.61,65.16
63.59,63.59,69.99,73.76,66.65
64.37,64.37,75.96,67.32,67.66
66.90,66.90,75.02,71.79,69.05
64.99,64.99,70.40,65.98,68.42
67.52,67.52,65.30,68.42,67.94
68.32,68.32,59.89,71.34,69.90
62.26,62.26,52.37,68.69,68.23
66.99,66.99,60.02,73.42,68.30
66.78,66.78,57.34,68.65,67.25
69.11,69.11,46.77,72.11,66.16
68.72,68.72,47.26,69.97,69.25
68.77,68.77,42.58,65.52,69.62
69.56,69.56,41.48,68.50,67.48
70.44,70.44,43.13,73.11,68.61
69.84,69.84,44.09,73.66,67.10
69.92,69.92,43.60,70.19,68.70
69.90,69.90,44.61,69.50,67.01
67.73,67.73,44.45,72.26,67.19
66.72,66.72,45.95,72.94,66.92
66.59,66.59,45.19,71.46,65.52
71.72,71.72,48.97,74.70,66.61
70.88,70.88,49.35,76.59,68.70
71.55,71.55,51.94,74.94,67.42
71.39,71.39,50.79,73.44,67.93
71.96,71.96,50.03,76.06,68.79
70.01,70.01,51.00,77.31,69.88
65.39,65.39,53.59,75.14,70.74
64.40,64.40,52.15,75.79,70.43
65.38,65.38,53.13,76.98,69.72
64.85,64.85,53.91,75.43,68.53
63.86,63.86,53.78,75.65,68.16
63.94,63.94,56.32,76.82,66.03
66.66,66.66,56.53,77.28,63.29
68.90,68.90,57.68,76.00,66.58
68.39,68.39,56.60,75.67,68.39
69.66,69.66,57.84,76.73,68.84
68.96,68.96,57.29,77.59,69.72
68.10,68.10,58.59,75.43,68.72
67.68,67.68,57.34,74.64,68.24
68.02,68.02,57.15,75.62,67.88
68.83,68.83,57.73,75.00,67.24
69.49,69.49,56.54,74.40,65.59
70.57,70.57,56.33,73.28,65.88
71.07,71.07,56.32,74.51,68.09
71.57,71.57,56.36,71.19,67.74
71.57,71.57,55.35,70.89,68.07
70.56,70.56,56.99,71.53,68.91
70.87,70.87,57.90,72.79,69.48
70.89,70.89,57.29,68.76,71.53
68.31,68.31,56.99,66.31,70.45
67.38,67.38,56.99,68.59,70.81
66.53,66.53,59.24,67.94,68.02
66.64,66.64,58.20,63.15,68.80
63.83,63.83,58.03,63.20,68.83
63.64,63.64,59.81,65.12,69.39
64.99,64.99,60.16,63.27,68.16
64.86,64.86,59.02,62.54,67.28
65.99,65.99,57.89,67.87,67.14
66.12,66.12,59.00,68.68,69.23
64.00,64.00,60.21,67.11,69.30
66.96,66.96,59.64,69.15,69.03
66.50,66.50,57.45,70.34,69.06
67.08,67.08,59.24,70.28,70.82
68.24,68.24,58.16,71.29,70.08
67.76,67.76,57.64,71.65,71.59
66.48,66.48,58.53,72.89,69.73
67.37,67.37,57.44,73.06,69.78
65.00,65.00,58.37,72.64,70.24
68.94,68.94,56.26,73.33,69.45
68.88,68.88,56.62,74.25,69.54
67.78,67.78,56.15,73.78,69.88
67.79,67.79,56.64,74.02,69.76
68.91,68.91,55.65,74.53,69.60
66.14,66.14,54.59,74.74,69.29
67.04,67.04,57.77,73.96,68.62
65.46,65.46,55.28,74.03,68.49
65.98,65.98,55.75,77.04,69.81
65.45,65.45,55.80,74.89,67.78
65.42,65.42,55.16,73.86,65.39
67.49,67.49,55.97,75.00,66.41
66.76,66.76,54.14,75.99,66.27
66.99,66.99,53.25,73.94,69.41
66.84,66.84,53.20,72.74,68.87
68.12,68.12,53.63,75.54,69.39
67.85,67.85,54.18,74.82,67.97
68.79,68.79,55.23,71.44,68.74
69.23,69.23,54.00,72.98,70.57
68.32,68.32,54.62,76.99,68.80
69.02,69.02,54.03,72.49,70.18
69.50,69.50,55.23,69.63,69.99
68.20,68.20,53.11,72.61,70.60
68.07,68.07,53.44,74.64,70.23
67.75,67.75,52.42,71.85,69.36
67.90,67.90,51.69,72.52,70.86
68.57,68.57,51.76,74.65,70.15
67.67,67.67,52.13,72.73,68.27
67.59,67.59,52.89,72.27,69.98
67.06,67.06,53.50,74.38,68.26
66.51,66.51,52.89,73.55,68.70
65.43,65.43,51.40,74.44,69.02
66.83,66.83,52.65,71.03,69.21
67.67,67.67,51.78,73.99,68.51
68.49,68.49,50.60,73.37,68.61
67.99,67.99,50.96,74.80,68.61
68.09,68.09,53.18,71.01,69.02
68.68,68.68,52.83,71.29,67.89
69.44,69.44,51.78,73.93,69.23
68.51,68.51,51.01,72.52,66.36
69.34,69.34,50.81,71.43,66.96
69.87,69.87,50.98,67.20,66.51
70.16,70.16,50.40,75.23,66.10
69.71,69.71,50.85,69.76,66.52
70.14,70.14,49.86,67.72,66.42
70.17,70.17,48.89,72.10,67.00
68.20,68.20,49.60,74.72,66.77
69.32,69.32,50.76,66.95,65.76
70.59,70.59,50.67,69.48,65.36
69.68,69.68,51.05,75.83,66.25
70.39,70.39,50.01,72.15,65.23
69.50,69.50,50.38,70.97,67.46
67.43,67.43,50.66,71.18,67.18
67.55,67.55,50.45,75.61,67.46
69.07,69.07,50.05,71.18,66.92
68.55,68.55,51.03,70.48,65.21
66.89,66.89,51.48,73.33,67.09
68.08,68.08,51.81,75.01,66.30
68.72,68.72,52.19,71.35,66.35
69.58,69.58,51.38,72.06,65.66
68.51,68.51,50.65,76.24,64.63
69.63,69.63,49.77,73.99,65.29
68.96,68.96,48.01,70.85,65.83
69.56,69.56,49.02,71.63,66.24
69.36,69.36,51.08,74.56,66.94
68.35,68.35,51.14,71.30,65.67
67.67,67.67,51.87,70.27,64.36
68.91,68.91,50.62,71.75,66.61
65.14,65.14,50.81,72.92,66.42
62.22,62.22,52.44,69.69,64.35
58.78,58.78,49.71,69.65,65.99
57.59,57.59,50.80,73.64,66.69
60.41,60.41,50.86,71.05,65.62
59.66,59.66,51.12,68.46,65.85
62.04,62.04,50.69,67.72,66.32
63.63,63.63,52.47,72.19,67.58
63.45,63.45,51.70,68.20,67.11
63.28,63.28,51.41,66.78,68.86
64.80,64.80,51.68,66.48,69.48
66.59,66.59,51.04,69.65,67.56
60.66,60.66,51.34,64.55,68.16
62.14,62.14,52.19,67.03,68.32
63.03,63.03,51.65,66.90,67.56
61.18,61.18,53.17,68.10,67.08
61.94,61.94,53.65,63.76,69.73
60.25,60.25,52.74,65.46,70.20
59.00,59.00,52.06,70.80,67.68
57.92,57.92,52.66,69.35,67.49
58.24,58.24,54.20,66.16,66.71
55.67,55.67,53.73,67.50,67.92
56.50,56.50,53.12,72.47,67.30
55.15,55.15,52.78,69.49,67.18
55.41,55.41,52.58,69.00,67.73
54.98,54.98,53.00,71.21,66.68
55.54,55.54,52.51,71.75,67.20
55.91,55.91,51.73,70.56,69.13
55.51,55.51,52.59,67.60,69.29
55.33,55.33,53.08,69.69,67.50
55.59,55.59,53.65,68.65,66.71
56.24,56.24,53.07,70.81,66.29
57.21,57.21,53.77,66.87,65.85
56.59,56.59,53.67,69.59,66.65
55.93,55.93,53.61,66.23,66.61
55.42,55.42,55.36,68.41,63.88
55.11,55.11,56.52,64.41,64.24
52.73,52.73,57.25,68.25,67.19
50.92,50.92,57.03,62.81,67.96
47.27,47.27,56.72,61.91,66.94
48.20,48.20,55.27,63.19,66.40
50.70,50.70,53.60,62.83,67.81
53.97,53.97,51.02,61.85,66.59
59.21,59.21,47.17,65.94,63.11
64.25,64.25,43.13,60.82,65.86
71.31,71.31,40.81,67.94,66.68
71.79,71.79,40.43,69.99,68.70
69.17,69.17,40.45,77.26,68.81
67.31,67.31,41.91,74.77,70.93
68.98,68.98,41.62,72.56,71.17
69.83,69.83,41.62,74.22,73.51
68.54,68.54,41.35,73.21,71.11
67.88,67.88,42.01,74.76,72.13
68.66,68.66,43.29,71.98,70.33
68.61,68.61,43.10,73.13,68.38
68.52,68.52,44.10,73.09,68.50
69.36,69.36,44.29,73.53,66.92
68.52,68.52,46.31,73.31,66.86
70.55,70.55,45.29,73.62,68.05
70.36,70.36,46.33,74.46,65.72
68.83,68.83,45.60,73.75,68.55
68.87,68.87,44.12,73.07,67.60
68.96,68.96,44.90,73.71,68.34
68.67,68.67,45.15,74.92,66.84
69.29,69.29,43.78,74.68,67.76
68.65,68.65,43.45,74.15,68.09
68.89,68.89,43.01,73.63,69.29
69.38,69.38,42.03,72.54,68.63
69.76,69.76,41.39,71.16,69.18
66.96,66.96,41.07,68.54,67.13
70.44,70.44,41.51,71.96,68.46
69.68,69.68,42.92,72.99,68.81
70.70,70.70,42.56,73.31,69.40
70.08,70.08,43.02,73.83,70.67
70.15,70.15,43.09,74.68,72.52
70.49,70.49,41.85,74.41,72.43
69.66,69.66,42.59,73.91,71.34
70.42,70.42,44.14,73.83,71.92
71.07,71.07,42.52,74.76,70.72
71.33,71.33,42.79,74.18,69.67
70.01,70.01,41.48,73.90,68.01
70.35,70.35,43.73,73.67,69.32
70.22,70.22,43.88,74.04,67.85
69.60,69.60,43.46,74.98,68.20
70.17,70.17,44.38,76.07,68.48
69.58,69.58,45.53,75.58,66.23
69.27,69.27,44.26,75.28,68.88
68.63,68.63,44.91,74.74,69.67
68.70,68.70,42.39,75.19,66.08
67.29,67.29,42.74,76.07,66.12
68.66,68.66,42.17,77.70,64.93
70.12,70.12,40.60,77.09,65.70
69.26,69.26,39.23,77.39,64.74
70.63,70.63,39.38,77.69,65.37
69.75,69.75,40.26,77.64,68.29
68.73,68.73,41.16,77.44,66.58
69.97,69.97,41.91,79.20,69.11
69.16,69.16,42.54,77.95,70.57
69.42,69.42,43.24,77.63,66.43
70.43,70.43,42.33,77.53,66.39
69.33,69.33,41.96,77.53,65.72
72.05,72.05,42.72,78.67,66.21
71.26,71.26,41.52,79.61,65.88
70.37,70.37,42.00,78.24,63.66
67.28,67.28,42.76,78.09,65.21
66.71,66.71,43.30,78.00,66.97
68.12,68.12,42.12,78.05,66.46
68.29,68.29,41.98,78.47,68.41
68.89,68.89,42.60,79.18,68.46
71.16,71.16,42.87,78.07,63.96
71.47,71.47,42.21,77.84,64.86
71.24,71.24,41.33,77.99,64.66
71.18,71.18,40.08,78.52,63.16
68.47,68.47,41.00,79.46,63.28
68.93,68.93,40.99,79.79,63.97
68.34,68.34,40.31,78.56,61.82
68.30,68.30,40.15,78.25,60.74
70.32,70.32,39.65,78.08,64.18
69.81,69.81,39.63,78.55,65.51
69.60,69.60,39.14,80.00,65.93
68.11,68.11,38.93,78.96,65.92
68.63,68.63,38.14,78.37,64.22
69.78,69.78,39.05,78.66,63.21
68.44,68.44,39.12,78.32,65.17
68.13,68.13,40.20,78.16,64.88
70.27,70.27,40.52,78.84,65.21
69.61,69.61,40.39,78.96,65.23
69.22,69.22,40.14,77.71,66.17
72.08,72.08,41.14,77.14,64.12
72.89,72.89,41.99,77.19,63.64
70.69,70.69,40.89,78.02,63.03
68.42,68.42,41.75,78.58,65.28
66.90,66.90,42.29,76.40,64.76
67.09,67.09,41.09,75.44,63.54
69.57,69.57,39.65,76.47,64.08
70.35,70.35,38.27,72.06,63.54
69.54,69.54,37.77,77.12,64.77
66.94,66.94,38.08,69.45,66.33
69.60,69.60,40.70,76.54,70.08
71.58,71.58,38.67,72.48,68.89
72.06,72.06,39.01,74.61,70.00
71.44,71.44,38.31,73.06,68.76
71.75,71.75,38.10,72.67,70.85
71.21,71.21,38.02,72.72,67.95
70.67,70.67,37.57,74.37,69.39
69.09,69.09,38.25,73.15,67.58
68.70,68.70,36.47,70.52,68.56
70.35,70.35,37.12,73.29,68.03
71.22,71.22,38.25,72.71,69.32
70.92,70.92,39.14,68.92,67.30
71.98,71.98,37.34,71.78,68.27
71.38,71.38,37.63,73.75,69.12
72.30,72.30,39.16,70.92,66.69
72.16,72.16,38.56,71.60,68.85
69.55,69.55,37.69,75.88,66.76
67.51,67.51,39.08,69.42,69.22
66.66,66.66,37.46,69.12,68.77
71.62,71.62,36.71,73.22,67.37
70.95,70.95,35.25,69.82,69.25
69.28,69.28,34.29,69.60,68.35
70.22,70.22,32.12,71.07,67.77
67.87,67.87,34.35,73.39,68.05
71.47,71.47,33.96,70.77,67.01
70.25,70.25,34.43,68.97,70.73
66.29,66.29,36.57,75.23,70.14
71.13,71.13,36.90,70.23,67.90
70.57,70.57,35.03,66.63,66.44
68.15,68.15,35.71,76.60,70.69
67.44,67.44,36.97,65.38,69.69
68.65,68.65,35.32,68.76,68.26
68.62,68.62,33.49,76.70,68.65
70.52,70.52,32.41,68.58,70.14
69.18,69.18,32.16,69.85,68.41
67.80,67.80,31.65,74.48,67.48
67.47,67.47,32.53,71.99,68.86
67.04,67.04,34.30,70.43,68.99
68.39,68.39,34.28,71.95,69.57
66.85,66.85,33.36,75.56,69.67
69.19,69.19,31.65,70.00,69.08
69.07,69.07,30.44,69.50,69.74
65.60,65.60,30.74,77.80,67.79
67.24,67.24,31.09,68.81,68.73
67.92,67.92,29.78,69.09,70.64
66.10,66.10,30.49,78.75,68.40
70.18,70.18,31.25,68.01,69.91
70.21,70.21,30.17,70.32,68.47
69.88,69.88,30.72,76.33,70.08
68.88,68.88,30.61,70.68,70.95
72.13,72.13,31.72,68.90,69.79
68.32,68.32,32.28,75.16,71.23
69.84,69.84,33.36,72.45,71.90
68.41,68.41,35.64,69.71,70.47
67.58,67.58,35.24,73.39,72.09
68.51,68.51,35.70,75.55,69.05
67.27,67.27,34.26,71.41,69.56
69.45,69.45,33.20,71.16,67.15
69.35,69.35,34.00,77.55,67.65
67.02,67.02,34.41,70.41,65.81
68.31,68.31,36.16,69.80,66.48
65.50,65.50,35.78,76.87,67.84
67.20,67.20,36.14,70.38,66.93
67.80,67.80,35.84,70.90,68.89
68.51,68.51,37.73,76.62,69.80
68.10,68.10,36.86,70.49,69.12
69.21,69.21,37.19,70.86,70.68
67.69,67.69,37.18,75.03,68.98
69.63,69.63,36.38,70.29,69.88
68.23,68.23,35.33,71.08,70.56
69.25,69.25,34.85,74.21,66.45
68.08,68.08,35.59,71.04,67.53
68.48,68.48,36.32,70.63,68.93
68.23,68.23,35.56,72.65,68.71
70.16,70.16,35.99,74.34,69.06
70.29,70.29,36.31,71.11,66.75
70.33,70.33,35.06,71.85,65.54
68.95,68.95,32.83,75.33,64.29
68.83,68.83,33.13,70.32,63.11
67.74,67.74,33.83,72.76,67.34
68.52,68.52,32.89,74.54,66.26
69.95,69.95,34.95,72.58,70.02
70.45,70.45,32.99,72.82,69.71
71.36,71.36,33.23,73.38,68.19
71.62,71.62,33.79,73.90,70.93
70.92,70.92,35.87,72.49,70.34
69.24,69.24,33.90,72.88,72.55
68.06,68.06,34.22,73.97,68.97
68.63,68.63,34.62,72.35,67.20
69.05,69.05,34.70,72.11,67.23
69.35,69.35,33.49,75.14,63.39
71.55,71.55,34.07,71.44,64.46
73.26,73.26,31.83,72.36,64.95
71.39,71.39,34.51,75.38,64.66
69.44,69.44,34.40,71.94,66.36
68.28,68.28,33.90,74.11,68.12
69.30,69.30,33.74,74.13,69.04
67.99,67.99,34.48,72.98,69.53
67.57,67.57,32.63,75.33,68.20
69.03,69.03,31.42,74.43,68.79
69.67,69.67,30.60,72.94,67.80
69.73,69.73,29.95,74.07,68.82
72.29,72.29,29.88,74.16,69.91
71.97,71.97,31.84,73.49,70.18
69.59,69.59,31.53,74.29,70.83
68.80,68.80,32.97,73.78,68.91
68.07,68.07,31.11,74.61,67.62
67.25,67.25,32.83,73.73,68.26
66.70,66.70,34.63,73.90,67.37
69.24,69.24,33.84,76.03,67.51
69.98,69.98,31.40,72.50,66.94
70.00,70.00,30.34,75.84,65.65
70.78,70.78,29.58,75.98,67.58
71.20,71.20,29.09,74.37,68.07
72.27,72.27,29.65,76.55,70.99
69.23,69.23,29.71,75.99,68.09
67.86,67.86,32.39,75.36,68.91
68.08,68.08,32.60,76.89,68.56
67.52,67.52,31.83,76.25,62.35
68.26,68.26,30.99,76.31,66.27
69.65,69.65,30.74,76.61,63.87
71.44,71.44,30.83,76.23,66.41
72.53,72.53,32.51,76.92,64.27
72.94,72.94,32.93,76.19,64.44
71.97,71.97,33.56,75.94,66.44
71.45,71.45,33.24,77.62,68.85
71.93,71.93,32.40,75.53,67.72
70.69,70.69,33.12,76.26,69.22
70.04,70.04,33.42,77.93,65.89
71.55,71.55,32.56,74.16,67.34
69.88,69.88,32.82,77.36,64.17
69.99,69.99,33.36,76.64,67.65
68.33,68.33,34.48,75.34,68.49
67.14,67.14,34.63,77.65,66.08
66.20,66.20,35.69,76.25,67.32
65.51,65.51,37.24,76.68,67.67
64.51,64.51,38.27,77.83,68.43
65.20,65.20,37.44,76.14,68.83
64.51,64.51,36.54,77.29,68.61
63.37,63.37,38.37,77.67,64.72
62.25,62.25,37.85,76.09,64.95
60.77,60.77,36.88,78.23,65.67
61.21,61.21,37.60,77.65,67.45
60.91,60.91,39.74,76.41,67.12
65.67,65.67,39.93,78.80,67.06
62.84,62.84,37.74,76.31,68.04
65.53,65.53,38.16,76.50,68.16
63.28,63.28,38.08,78.85,66.79
66.20,66.20,38.52,74.92,67.67
69.01,69.01,37.07,77.32,67.53
67.15,67.15,37.92,75.19,66.46
68.48,68.48,37.95,73.05,65.65
65.61,65.61,37.85,64.24,66.86
65.25,65.25,38.24,68.68,69.43
63.80,63.80,38.31,63.83,67.89
65.19,65.19,37.79,66.15,68.48
65.28,65.28,33.52,63.02,66.99
66.63,66.63,35.17,64.40,65.54
69.81,69.81,31.43,56.79,67.60
69.23,69.23,30.67,56.45,66.91
68.25,68.25,31.24,61.31,67.10
69.22,69.22,32.40,56.10,67.04
70.37,70.37,30.36,54.35,67.57
68.21,68.21,32.34,60.93,66.10
66.61,66.61,34.09,60.27,66.45
64.90,64.90,37.57,59.36,67.73
62.81,62.81,42.03,53.10,69.88
61.81,61.81,45.10,60.82,67.59
61.96,61.96,43.88,55.51,69.66
60.26,60.26,43.44,57.26,66.49
62.67,62.67,41.37,59.51,66.00
62.63,62.63,43.53,62.56,66.65
65.74,65.74,45.88,59.95,66.76
65.97,65.97,44.68,54.78,68.28
64.05,64.05,41.75,59.79,65.16
63.95,63.95,38.09,57.34,64.24
71.87,71.87,35.44,60.90,66.88
72.22,72.22,32.87,61.14,66.62
70.21,70.21,32.83,62.40,67.34
71.18,71.18,27.35,65.24,69.06
71.40,71.40,30.92,71.96,69.52
70.35,70.35,41.42,75.89,64.77
70.08,70.08,57.65,71.11,63.73
68.03,68.03,63.52,75.85,62.86
67.57,67.57,72.94,75.20,65.42
59.78,59.78,80.64,71.88,60.71
62.62,62.62,78.20,71.46,62.45
64.95,64.95,76.42,67.41,63.48
66.06,66.06,76.39,67.35,61.35
64.86,64.86,75.56,72.56,66.21
64.09,64.09,72.96,73.91,66.08
62.37,62.37,66.58,74.97,64.00
61.76,61.76,62.67,73.56,66.34
61.91,61.91,59.17,74.95,67.30
63.12,63.12,48.78,73.73,66.66
64.76,64.76,56.56,75.48,66.79
69.20,69.20,55.24,76.74,67.90
69.42,69.42,44.83,74.92,66.26
69.66,69.66,50.13,75.25,65.97
70.06,70.06,47.04,75.77,67.02
69.16,69.16,45.26,75.82,67.97
68.11,68.11,43.60,72.48,70.10
70.48,70.48,43.05,74.60,67.62
68.44,68.44,41.52,72.94,66.89
68.43,68.43,39.47,73.40,69.22
66.81,66.81,40.14,71.47,67.06
69.40,69.40,41.12,73.18,69.38
69.24,69.24,44.18,73.30,69.93
67.83,67.83,40.23,70.61,69.10
69.09,69.09,39.06,69.20,70.20
68.63,68.63,35.17,72.85,69.74
67.90,67.90,34.31,70.46,69.11
69.54,69.54,33.97,67.23,71.54
72.52,72.52,33.93,67.23,71.40
71.36,71.36,33.69,68.08,71.33
71.14,71.14,30.47,65.41,71.75
73.40,73.40,33.12,59.95,67.77
74.56,74.56,34.89,64.54,70.08
74.02,74.02,35.85,66.37,69.25
74.55,74.55,33.92,63.80,69.88
75.21,75.21,36.75,64.31,68.46
72.18,72.18,35.60,66.94,68.41
68.62,68.62,35.72,61.51,69.41
67.64,67.64,35.88,63.73,67.09
67.83,67.83,36.65,68.20,71.11
69.70,69.70,34.06,65.24,70.95
69.32,69.32,37.33,67.51,70.71
69.30,69.30,34.09,70.24,70.65
67.24,67.24,35.19,70.18,70.76
68.34,68.34,34.12,70.90,70.92
66.50,66.50,34.36,71.14,72.04
69.17,69.17,34.49,71.81,71.09
69.03,69.03,31.82,73.13,70.79
66.32,66.32,35.14,72.03,67.76
68.04,68.04,35.43,73.03,66.61
66.61,66.61,34.18,73.94,68.87
66.57,66.57,33.18,74.19,68.06
66.70,66.70,32.28,74.30,69.13
66.43,66.43,33.14,74.76,68.54
65.65,65.65,34.41,75.27,68.42
64.95,64.95,32.54,74.62,71.06
64.95,64.95,32.43,73.72,71.26
66.30,66.30,31.66,74.85,73.16
64.86,64.86,32.77,76.69,70.87
66.00,66.00,31.81,74.54,71.42
66.54,66.54,31.73,74.07,69.51
67.82,67.82,32.51,74.95,67.90
66.49,66.49,32.17,75.54,69.50
65.76,65.76,33.19,74.11,68.70
64.49,64.49,33.33,73.31,68.69
66.23,66.23,33.51,76.19,67.82
65.24,65.24,32.77,75.26,65.04
66.66,66.66,32.74,73.38,64.91
67.44,67.44,33.45,73.14,68.10
66.39,66.39,35.18,77.98,67.17
64.34,64.34,33.99,73.34,68.79
65.51,65.51,31.33,70.98,68.33
65.27,65.27,31.83,73.23,67.89
65.60,65.60,33.53,75.21,68.75
67.06,67.06,34.02,71.05,70.24
67.36,67.36,35.95,72.36,68.93
66.51,66.51,36.50,75.83,68.98
68.29,68.29,35.57,74.23,67.90
68.67,68.67,34.09,73.52,69.48
66.80,66.80,33.12,75.28,67.83
67.18,67.18,33.01,75.64,68.96
67.59,67.59,34.98,75.86,68.92
65.85,65.85,33.70,72.72,69.16
67.82,67.82,35.90,75.56,68.81
69.40,69.40,34.93,74.18,69.87
70.60,70.60,36.54,74.77,68.99
71.24,71.24,33.74,74.59,70.20
70.16,70.16,33.18,72.48,69.89
69.49,69.49,34.56,74.15,68.11
70.76,70.76,33.38,73.67,69.60
69.56,69.56,33.69,73.85,69.28
68.71,68.71,34.46,69.71,71.60
70.02,70.02,36.17,76.35,69.41
69.88,69.88,37.12,68.76,69.96
67.59,67.59,34.98,69.11,68.43
67.19,67.19,36.37,71.95,68.16
66.33,66.33,35.36,74.13,69.00
65.66,65.66,36.40,65.08,69.55
67.85,67.85,35.37,66.88,68.76
66.78,66.78,34.44,72.52,68.56
67.65,67.65,35.80,72.15,66.92
67.98,67.98,34.94,66.86,68.24
68.51,68.51,34.40,68.38,69.37
66.07,66.07,34.99,75.18,69.05
66.75,66.75,34.93,70.78,72.52
67.53,67.53,35.78,70.54,70.34
66.58,66.58,36.99,72.84,71.39
65.79,65.79,36.81,75.50,71.51
65.74,65.74,36.92,69.86,70.79
63.92,63.92,35.26,71.71,67.97
66.40,66.40,35.66,75.93,67.56
66.17,66.17,34.17,74.68,69.45
68.17,68.17,35.35,71.79,68.05
66.66,66.66,35.95,72.72,70.04
68.63,68.63,37.29,75.39,71.62
67.03,67.03,36.54,72.39,73.71
65.36,65.36,35.88,72.63,71.26
66.72,66.72,36.39,73.73,70.10
66.54,66.54,37.84,75.15,68.26
66.65,66.65,37.39,71.75,63.83
66.76,66.76,36.45,72.06,69.25
68.49,68.49,34.21,74.95,69.42
68.84,68.84,34.96,73.30,69.70
66.58,66.58,35.98,71.49,69.17
64.43,64.43,37.05,71.29,69.04
69.52,69.52,36.56,73.39,68.90
69.03,69.03,35.79,70.57,68.35
67.61,67.61,36.43,69.14,67.45
67.65,67.65,35.38,70.76,68.83
68.01,68.01,35.56,70.24,65.26
66.67,66.67,35.27,66.31,65.89
67.66,67.66,35.85,66.17,65.22
66.86,66.86,35.48,71.21,68.45
69.03,69.03,35.28,68.40,68.88
69.48,69.48,35.63,63.41,67.93
71.09,71.09,34.88,62.58,66.94
69.61,69.61,35.96,71.27,66.12
67.85,67.85,35.46,68.00,68.22
70.90,70.90,36.14,67.49,65.47
71.27,71.27,34.05,70.03,68.77
68.52,68.52,34.75,72.35,66.90
69.07,69.07,34.69,67.78,67.73
65.98,65.98,35.19,68.25,67.03
63.50,63.50,35.87,71.62,67.01
69.52,69.52,37.93,70.67,68.64
64.15,64.15,39.17,69.03,65.93
65.34,65.34,39.29,68.23,67.70
64.81,64.81,39.48,74.05,68.54
60.92,60.92,40.44,71.29,70.07
61.33,61.33,39.34,67.31,67.71
64.66,64.66,41.23,68.48,70.86
61.77,61.77,41.14,74.57,67.35
60.18,60.18,40.34,69.66,66.15
61.19,61.19,39.22,68.49,67.26
61.04,61.04,38.68,69.90,68.21
61.03,61.03,38.76,71.35,68.14
61.73,61.73,38.56,68.18,66.24
60.79,60.79,38.32,68.36,66.94
60.34,60.34,37.99,73.53,66.29
60.22,60.22,40.57,70.15,66.80
60.46,60.46,42.56,66.02,67.11
61.29,61.29,45.86,69.43,70.24
59.82,59.82,45.65,74.33,69.97
59.85,59.85,41.84,71.95,70.74
58.51,58.51,40.63,73.94,67.52
58.58,58.58,42.47,74.34,66.38
57.30,57.30,41.81,73.12,69.24
57.55,57.55,42.92,71.63,68.46
57.44,57.44,42.89,70.91,66.30
57.37,57.37,42.77,72.45,67.75
58.06,58.06,43.66,65.45,66.74
57.35,57.35,44.69,65.10,68.11
57.69,57.69,44.75,67.98,69.71
57.21,57.21,44.60,66.44,68.71
58.79,58.79,44.87,66.07,68.81
58.63,58.63,45.21,60.47,66.01
57.55,57.55,45.22,63.86,66.77
57.95,57.95,44.47,63.77,69.71
57.99,57.99,44.02,62.44,68.92
57.26,57.26,41.92,64.37,66.71
59.13,59.13,41.67,67.94,66.35
58.91,58.91,38.57,71.78,64.11
63.88,63.88,32.86,70.91,65.77
68.09,68.09,31.25,68.53,65.71
70.54,70.54,31.77,70.82,70.02
70.96,70.96,29.19,76.39,70.47
70.11,70.11,24.90,75.10,69.77
69.29,69.29,27.75,76.19,69.35
68.00,68.00,30.76,75.69,68.18
68.56,68.56,30.56,76.75,68.97
67.22,67.22,30.03,76.99,68.85
70.48,70.48,29.68,75.85,69.68
69.29,69.29,32.71,75.23,67.53
68.19,68.19,34.75,75.49,69.76
67.82,67.82,35.52,75.32,71.11
66.59,66.59,37.09,73.79,71.03
65.68,65.68,37.49,75.66,70.20
66.25,66.25,38.25,76.70,71.38
65.15,65.15,37.16,75.26,71.60
66.37,66.37,37.81,75.00,70.70
67.69,67.69,38.22,76.25,71.18
69.37,69.37,38.10,76.04,69.51
69.99,69.99,37.86,76.28,67.22
69.57,69.57,36.50,77.19,67.97
68.88,68.88,36.36,77.36,69.45
67.89,67.89,35.04,76.32,68.44
69.44,69.44,33.10,75.86,68.69
69.41,69.41,33.60,76.44,69.57
69.45,69.45,33.87,77.55,69.02
69.28,69.28,35.26,78.43,67.49
68.10,68.10,36.62,77.40,67.17
68.10,68.10,35.57,77.36,68.01
68.95,68.95,36.24,77.28,68.04
68.27,68.27,34.43,77.38,67.48
68.58,68.58,35.28,77.45,68.98
68.56,68.56,35.37,77.99,68.84
68.20,68.20,36.41,77.85,69.86
69.04,69.04,35.79,77.32,67.93
70.45,70.45,36.33,77.10,67.34
69.15,69.15,36.14,77.54,67.71
68.23,68.23,36.90,77.79,68.01
68.94,68.94,36.98,79.08,65.24
69.26,69.26,37.52,78.18,68.10
68.71,68.71,37.18,77.76,67.45
68.38,68.38,36.33,77.33,66.26
68.19,68.19,35.69,77.37,68.33
68.67,68.67,35.52,77.58,67.26
68.15,68.15,35.30,78.72,67.23
68.74,68.74,34.55,77.96,66.19
65.97,65.97,34.36,77.69,65.37
67.39,67.39,32.75,77.75,64.69
67.67,67.67,34.22,77.75,68.93
68.18,68.18,34.82,78.15,70.72
69.97,69.97,35.82,79.19,68.36
68.56,68.56,35.60,79.09,68.09
68.38,68.38,33.79,77.57,67.77
71.08,71.08,34.13,77.23,66.06
69.10,69.10,34.98,77.40,66.37
69.69,69.69,35.05,77.48,65.40
68.35,68.35,36.45,79.06,64.98
69.22,69.22,37.46,78.09,67.02
66.62,66.62,38.18,77.66,65.86
65.52,65.52,38.63,77.62,66.45
67.95,67.95,38.09,77.77,66.42
69.65,69.65,37.22,78.15,68.13
67.80,67.80,37.35,79.36,69.98
67.00,67.00,36.45,78.62,68.60
66.40,66.40,35.89,77.69,67.57
68.17,68.17,36.07,77.46,66.53
67.43,67.43,37.99,77.60,66.75
64.41,64.41,35.95,78.29,68.23
65.96,65.96,35.89,79.44,68.33
68.29,68.29,34.69,76.97,67.07
68.19,68.19,34.61,76.45,68.50
68.13,68.13,33.16,76.73,68.76
67.42,67.42,32.26,80.03,70.03
70.09,70.09,34.05,73.13,66.96
68.10,68.10,31.72,75.78,65.66
70.79,70.79,34.26,78.73,65.19
71.63,71.63,34.67,77.61,62.95
70.09,70.09,35.33,71.37,63.23
70.25,70.25,34.48,79.03,63.25
69.37,69.37,34.04,76.75,63.12
71.09,71.09,33.32,75.28,63.33
70.48,70.48,31.76,76.26,62.24
70.06,70.06,33.22,79.65,63.97
69.15,69.15,34.18,71.89,64.37
68.24,68.24,33.00,74.86,62.48
68.40,68.40,33.76,74.67,62.80
70.35,70.35,33.49,78.34,64.63
67.64,67.64,33.79,77.19,61.36
70.74,70.74,34.06,74.58,63.71
65.72,65.72,32.20,77.35,61.44
67.69,67.69,31.79,75.25,64.11
70.10,70.10,31.79,75.81,63.08
70.08,70.08,30.52,76.29,64.80
70.27,70.27,31.99,69.39,67.12
70.28,70.28,33.00,72.89,67.79
69.81,69.81,30.41,72.98,68.69
66.48,66.48,30.17,71.29,70.15
67.33,67.33,31.54,71.94,68.68
67.40,67.40,30.45,73.36,70.21
66.08,66.08,30.82,68.89,69.24
66.96,66.96,29.25,71.86,72.08
67.53,67.53,28.78,73.93,72.33
67.06,67.06,28.82,68.89,70.88
63.36,63.36,29.32,71.56,70.86
66.97,66.97,28.36,73.55,69.42
71.41,71.41,28.65,69.43,70.62
71.42,71.42,28.55,74.06,69.01
69.96,69.96,29.46,69.47,68.93
70.36,70.36,30.73,71.76,68.05
67.41,67.41,32.40,73.73,69.11
70.40,70.40,31.51,68.96,66.81
67.93,67.93,32.02,71.75,70.90
68.09,68.09,30.99,70.65,67.60
67.90,67.90,30.88,72.02,66.98
68.44,68.44,29.34,72.61,68.00
69.14,69.14,27.79,71.35,69.70
70.65,70.65,28.04,73.17,68.96
66.39,66.39,27.64,72.88,67.05
67.99,67.99,27.90,72.22,71.40
69.88,69.88,29.21,73.56,72.10
68.61,68.61,29.64,72.03,69.56
69.76,69.76,30.73,73.95,71.53
69.53,69.53,31.06,73.67,69.99
68.47,68.47,29.86,71.11,69.22
69.33,69.33,30.73,75.58,72.64
69.23,69.23,29.38,72.24,70.25
67.51,67.51,29.46,72.36,70.53
68.25,68.25,29.16,74.27,70.05
69.06,69.06,31.17,73.08,71.48
68.47,68.47,30.27,71.24,70.00
67.02,67.02,29.61,73.25,69.54
66.19,66.19,30.41,74.58,69.53
68.67,68.67,32.35,70.06,70.40
68.57,68.57,31.82,70.96,68.78
67.28,67.28,32.30,75.67,70.01
67.51,67.51,32.55,68.88,70.26
67.97,67.97,32.20,69.05,70.70
68.05,68.05,32.42,76.22,69.27
69.61,69.61,32.71,69.32,69.95
69.87,69.87,32.68,69.57,69.61
68.76,68.76,31.92,76.47,68.93
67.85,67.85,31.63,70.85,71.60
69.12,69.12,32.92,70.71,71.06
70.42,70.42,32.27,76.20,70.49
68.31,68.31,33.27,71.91,71.48
69.01,69.01,34.89,70.42,72.09
67.98,67.98,33.32,75.49,70.01
69.60,69.60,33.98,73.51,69.56
67.37,67.37,33.39,70.43,71.55
68.58,68.58,31.46,73.26,71.78
70.31,70.31,32.23,75.38,71.81
68.94,68.94,32.71,70.48,72.49
67.31,67.31,32.07,71.33,71.27
68.23,68.23,32.66,76.07,71.60
68.91,68.91,30.43,69.94,68.86
70.01,70.01,31.19,71.31,68.24
68.48,68.48,32.06,76.70,70.26
67.21,67.21,32.47,70.56,70.00
67.31,67.31,31.29,71.43,68.78
65.13,65.13,33.25,77.12,69.12
68.39,68.39,32.56,71.06,68.58
70.55,70.55,32.93,71.18,68.10
72.29,72.29,34.12,76.88,70.23
72.09,72.09,33.02,72.28,68.56
70.82,70.82,32.81,70.98,69.95
69.66,69.66,33.54,75.75,69.00
69.37,69.37,32.95,73.50,68.77
68.17,68.17,32.10,70.80,69.80
66.33,66.33,33.86,72.98,68.92
67.79,67.79,34.89,75.71,68.46
67.58,67.58,33.05,71.00,72.33
67.39,67.39,32.35,70.99,68.88
67.39,67.39,34.03,77.01,68.29
67.06,67.06,33.37,70.75,69.80
68.03,68.03,32.88,72.87,70.30
68.06,68.06,34.23,77.53,71.18
68.18,68.18,34.50,71.85,70.41
71.05,71.05,34.82,71.56,67.71
70.62,70.62,34.38,77.19,67.82
69.73,69.73,32.96,73.83,68.92
70.59,70.59,33.19,72.83,69.33
70.45,70.45,32.57,76.73,68.21
69.93,69.93,32.43,74.34,68.52
69.32,69.32,33.07,73.30,67.35
68.45,68.45,35.31,75.91,67.90
67.03,67.03,35.58,76.73,67.23
67.89,67.89,35.24,74.09,66.64
68.21,68.21,35.42,75.28,67.83
66.84,66.84,35.73,78.06,65.90
69.10,69.10,35.36,73.51,65.85
69.70,69.70,33.85,75.59,66.92
69.93,69.93,34.47,77.43,66.94
69.80,69.80,34.71,75.02,67.30
69.97,69.97,35.19,75.55,68.29
68.67,68.67,36.17,77.58,66.69
70.11,70.11,34.84,74.59,66.44
71.15,71.15,34.50,75.61,66.35
70.46,70.46,34.14,77.30,68.16
69.12,69.12,34.10,75.51,68.13
68.28,68.28,33.10,75.22,70.34
68.80,68.80,33.45,76.92,68.69
69.35,69.35,33.78,76.48,68.98
70.42,70.42,34.28,74.83,68.53
71.80,71.80,33.93,75.16,68.97
71.56,71.56,31.68,77.28,70.19
70.00,70.00,31.85,73.99,69.04
68.98,68.98,33.47,75.26,70.03
68.16,68.16,33.17,77.47,68.67
67.26,67.26,35.00,74.36,69.02
67.37,67.37,35.94,76.36,69.75
67.16,67.16,35.09,77.41,67.83
66.10,66.10,34.66,75.13,68.36
63.75,63.75,34.63,77.00,67.59
62.78,62.78,36.65,77.58,66.03
63.97,63.97,37.38,76.00,67.47
63.80,63.80,36.91,77.12,69.00
63.31,63.31,37.47,77.10,69.70
61.90,61.90,38.12,76.59,68.41
61.53,61.53,37.65,76.19,65.05
60.31,60.31,38.34,76.84,66.31
61.44,61.44,38.70,78.04,66.53
61.80,61.80,39.18,76.44,66.67
61.38,61.38,38.09,76.57,66.68
61.08,61.08,37.48,78.68,67.72
61.01,61.01,37.50,75.88,67.83
58.90,58.90,37.17,76.83,66.57
58.19,58.19,38.61,78.64,68.09
59.86,59.86,40.21,75.22,68.88
60.63,60.63,39.94,77.74,67.33
61.21,61.21,40.93,77.90,65.32
62.79,62.79,41.67,76.25,64.76
65.01,65.01,40.66,77.47,65.52
63.99,63.99,40.38,77.56,65.99
62.63,62.63,40.64,76.62,66.26
59.62,59.62,41.35,77.07,65.79
58.64,58.64,41.27,77.51,63.03
59.66,59.66,43.18,77.69,65.99
59.08,59.08,41.44,76.76,66.94
61.58,61.58,40.37,76.82,66.10
62.06,62.06,40.27,78.20,70.36
61.69,61.69,41.39,76.57,65.88
60.60,60.60,41.79,76.06,66.86
58.23,58.23,41.11,78.19,68.10
58.94,58.94,43.10,72.57,66.43
60.47,60.47,43.93,72.58,70.48
60.09,60.09,43.17,71.09,68.00
61.58,61.58,44.06,69.58,66.84
61.12,61.12,45.49,64.17,65.62
60.98,60.98,44.94,66.55,65.02
60.96,60.96,45.22,49.81,65.87
58.90,58.90,44.44,48.51,65.01
58.97,58.97,48.03,41.25,67.58
58.44,58.44,46.25,38.79,67.47
59.45,59.45,47.39,37.86,66.71
59.47,59.47,48.58,35.80,67.97
61.10,61.10,48.66,27.98,67.51
62.14,62.14,49.16,23.47,71.61
60.87,60.87,48.52,22.87,68.63
61.14,61.14,48.96,21.29,67.28
56.60,56.60,48.49,10.35,65.63
58.48,58.48,49.73,17.32,65.91
56.07,56.07,49.71,17.25,66.36
60.56,60.56,49.85,18.47,65.41
59.03,59.03,50.07,18.35,65.21
59.93,59.93,51.44,14.35,63.47
58.56,58.56,52.19,11.77,61.70
56.37,56.37,51.32,14.55,62.85
56.40,56.40,50.99,16.62,64.35
54.84,54.84,50.53,16.47,60.77
54.87,54.87,51.63,18.86,64.95
55.84,55.84,52.25,16.73,63.22
53.66,53.66,51.15,18.95,62.69
53.69,53.69,51.83,19.49,62.74
52.61,52.61,51.41,24.23,62.48
54.29,54.29,50.68,25.47,67.18
53.40,53.40,49.99,27.13,64.66
53.50,53.50,49.68,26.18,63.24
50.93,50.93,50.30,28.22,62.55
46.66,46.66,51.51,28.23,62.96
44.02,44.02,50.30,24.21,62.11
43.02,43.02,50.62,29.72,62.67
41.79,41.79,49.78,29.69,63.71
39.88,39.88,47.33,28.20,63.31
40.85,40.85,48.97,31.15,61.70
40.09,40.09,49.96,27.21,62.29
37.32,37.32,48.70,29.83,62.69
35.99,35.99,46.65,29.41,61.43
37.58,37.58,47.56,26.20,62.56
35.57,35.57,46.62,29.36,62.03
37.50,37.50,46.23,27.84,60.97
35.46,35.46,46.03,27.50,61.19
34.41,34.41,45.81,27.47,61.12
33.77,33.77,44.37,27.32,59.30
32.95,32.95,44.46,27.02,59.46
33.46,33.46,44.23,27.88,59.44
33.14,33.14,44.11,28.08,60.17
32.85,32.85,43.94,27.63,59.68
31.33,31.33,44.33,28.69,59.19
30.49,30.49,42.62,27.98,59.63
29.71,29.71,42.10,26.20,60.10
31.80,31.80,43.03,29.51,59.46
31.72,31.72,43.85,30.12,60.98
32.63,32.63,42.91,24.93,61.08
32.74,32.74,42.19,29.86,60.83
30.63,30.63,39.90,25.61,60.74
28.95,28.95,39.21,23.67,58.44
30.73,30.73,38.99,22.41,61.26
30.66,30.66,38.58,25.62,60.40
29.14,29.14,38.26,26.89,60.77
27.74,27.74,36.78,21.56,59.47
28.35,28.35,36.70,21.75,59.58
27.42,27.42,36.88,22.31,58.36
26.22,26.22,35.37,20.88,57.68
25.91,25.91,35.34,21.94,59.42
28.62,28.62,35.48,23.46,60.45
31.84,31.84,35.97,23.16,59.78
29.96,29.96,35.27,22.88,59.37
28.81,28.81,33.70,21.12,59.39
29.34,29.34,34.70,23.73,58.89
28.01,28.01,34.14,24.79,61.13
26.97,26.97,33.28,22.22,61.40
24.78,24.78,32.43,20.00,59.74
22.73,22.73,32.39,17.83,58.36
22.35,22.35,34.04,22.07,59.27
33.96,33.96,38.81,20.93,60.06
32.97,32.97,38.96,24.30,61.98
32.43,32.43,36.12,19.86,60.35
34.15,34.15,35.00,16.21,62.58
32.22,32.22,34.19,17.06,60.39
29.01,29.01,32.82,18.13,59.79
29.69,29.69,33.63,15.92,61.11
31.52,31.52,31.98,18.79,62.11
29.38,29.38,30.88,19.15,61.02
25.75,25.75,31.14,16.95,62.05
25.10,25.10,31.81,16.34,59.48
27.86,27.86,30.71,11.77,59.42
28.96,28.96,28.72,14.63,59.88
30.42,30.42,30.32,17.06,60.05
29.29,29.29,28.61,16.59,61.11
27.71,27.71,29.06,11.66,59.78
25.42,25.42,28.25,12.11,57.38
27.50,27.50,28.60,15.11,58.95
24.92,24.92,24.80,16.08,58.74
23.62,23.62,23.12,14.58,60.87
14.59,14.59,19.42,19.53,60.44
8.44,8.44,24.67,33.13,62.65
12.09,12.09,29.14,33.82,67.81
22.89,22.89,29.02,23.66,67.00
25.81,25.81,26.51,17.22,64.98
18.87,18.87,24.24,21.81,66.20
21.34,21.34,22.79,13.95,64.14
21.78,21.78,23.97,15.61,63.57
27.38,27.38,28.40,11.67,63.94
27.34,27.34,27.71,14.47,60.19
24.52,24.52,26.53,14.78,62.14
22.67,22.67,23.96,14.92,63.10
23.43,23.43,24.14,16.82,62.55
24.24,24.24,24.22,14.55,62.98
23.63,23.63,23.23,10.81,64.34
25.79,25.79,21.72,18.78,62.82
27.53,27.53,22.31,19.99,62.51
25.43,25.43,23.04,25.64,63.64
23.99,23.99,23.20,20.54,63.72
26.11,26.11,21.81,21.82,62.54
26.55,26.55,20.63,18.09,64.99
26.48,26.48,21.81,20.88,63.61
23.78,23.78,20.79,17.73,64.26
23.72,23.72,23.52,23.56,65.07
36.42,36.42,32.45,32.95,65.01
36.79,36.79,31.60,21.64,63.86
31.53,31.53,30.73,23.51,65.09
32.42,32.42,28.04,16.35,64.55
37.09,37.09,27.43,16.92,63.99
33.32,33.32,26.80,22.17,63.50
30.40,30.40,25.52,24.34,62.82
28.37,28.37,24.88,20.22,63.08
29.47,29.47,24.16,21.65,63.17
30.22,30.22,24.15,19.29,63.27
28.70,28.70,22.91,25.73,66.56
28.12,28.12,23.02,18.07,64.03
30.06,30.06,23.49,17.84,65.44
29.16,29.16,22.57,19.15,65.39
27.43,27.43,20.00,20.75,62.77
27.31,27.31,18.73,18.48,65.87
28.84,28.84,20.25,20.52,65.48
27.51,27.51,20.06,16.11,63.83
25.61,25.61,20.11,16.93,63.77
23.14,23.14,17.54,13.70,62.57
21.73,21.73,16.73,15.28,63.47
22.85,22.85,16.02,14.01,65.15
23.69,23.69,15.77,18.81,65.36
21.96,21.96,19.86,23.70,64.80
31.83,31.83,31.83,31.65,66.51
36.44,36.44,34.58,30.67,65.92
31.82,31.82,30.54,28.91,67.30
32.82,32.82,27.50,23.94,65.06
35.76,35.76,31.48,21.63,64.91
32.78,32.78,29.30,17.64,64.62
29.60,29.60,25.69,17.28,63.92
28.38,28.38,25.95,20.35,65.36
31.07,31.07,24.25,24.29,64.63
31.25,31.25,22.85,15.66,65.65
28.23,28.23,21.87,22.24,66.54
25.97,25.97,21.73,19.31,63.60
25.13,25.13,20.73,17.93,64.99
27.61,27.61,21.11,16.28,64.39
28.01,28.01,19.44,21.69,62.71
28.25,28.25,20.19,21.21,65.83
28.60,28.60,22.80,28.28,63.67
26.62,26.62,24.16,27.24,62.28
25.70,25.70,22.60,25.67,64.51
26.11,26.11,21.21,26.71,63.92
27.26,27.26,18.19,19.20,63.99
24.35,24.35,15.14,18.29,65.87
20.33,20.33,16.79,24.35,63.83
27.85,27.85,27.11,36.09,63.32
30.09,30.09,27.39,28.59,67.49
36.20,36.20,25.68,26.59,67.78
35.20,35.20,24.18,25.70,64.75
29.28,29.28,25.48,20.52,67.76
31.22,31.22,25.84,20.56,66.00
31.75,31.75,24.42,16.96,64.27
29.60,29.60,25.26,22.59,66.67
29.26,29.26,23.14,27.22,66.50
29.16,29.16,23.34,27.55,64.60
30.76,30.76,23.66,21.67,66.55
28.15,28.15,25.02,21.32,63.19
23.38,23.38,22.80,19.62,62.66
23.98,23.98,20.93,24.46,64.10
27.14,27.14,20.86,23.07,63.26
27.62,27.62,21.16,23.74,64.67
25.29,25.29,19.98,22.52,64.47
23.17,23.17,19.92,17.29,62.55
23.95,23.95,22.94,25.80,62.60
24.33,24.33,20.33,21.40,66.42
24.38,24.38,19.75,23.58,64.61
25.51,25.51,19.93,23.47,64.06
25.13,25.13,25.67,21.30,64.93
37.10,37.10,31.60,26.18,64.65
30.73,30.73,32.05,29.44,65.00
30.57,30.57,29.60,22.90,67.15
34.31,34.31,27.32,23.04,66.21
34.69,34.69,26.20,23.16,65.91
30.33,30.33,25.01,30.61,66.25
29.42,29.42,24.61,23.04,61.93
29.93,29.93,27.60,20.41,61.53
29.36,29.36,27.25,24.28,64.79
27.52,27.52,22.61,21.11,64.75
28.04,28.04,23.16,25.49,66.67
29.16,29.16,24.33,26.77,64.62
26.27,26.27,23.20,25.33,62.05
23.07,23.07,23.93,24.23,64.91
24.67,24.67,23.55,23.49,66.99
27.76,27.76,22.89,23.35,64.92
26.54,26.54,24.04,18.57,64.72
23.32,23.32,22.48,18.96,63.17
23.96,23.96,24.62,17.38,61.26
26.36,26.36,23.54,15.24,61.51
24.79,24.79,19.46,22.55,66.14
22.66,22.66,17.47,23.97,64.45
20.98,20.98,24.31,30.51,64.63
18.55,18.55,24.09,33.76,63.63
33.07,33.07,24.98,32.20,65.09
37.70,37.70,24.52,27.29,66.66
34.50,34.50,23.76,21.99,65.61
31.12,31.12,22.30,22.81,66.44
31.43,31.43,21.58,23.42,64.92
25.53,25.53,20.48,20.96,64.19
30.36,30.36,21.32,26.27,65.30
31.39,31.39,23.50,21.34,64.52
30.13,30.13,23.00,26.85,65.11
27.08,27.08,19.27,18.42,65.13
27.79,27.79,21.67,18.75,65.88
29.48,29.48,21.81,22.14,62.69
30.20,30.20,20.09,17.65,64.30
31.49,31.49,20.89,20.47,64.25
30.46,30.46,23.04,26.32,65.86
28.93,28.93,22.05,22.08,65.54
28.15,28.15,23.82,23.56,64.96
28.03,28.03,24.85,23.88,64.61
28.10,28.10,22.94,16.16,62.99
27.66,27.66,20.91,18.20,65.31
26.14,26.14,19.73,21.39,66.95
25.50,25.50,18.74,20.80,65.64
26.60,26.60,20.89,25.41,63.55
34.60,34.60,27.99,32.41,64.30
32.97,32.97,27.05,26.36,65.00
37.57,37.57,26.95,22.53,65.83
37.27,37.27,24.15,26.03,67.31
33.77,33.77,21.69,21.02,66.19
32.36,32.36,24.46,26.01,64.86
33.79,33.79,24.26,24.05,62.58
35.19,35.19,24.19,24.96,65.20
32.45,32.45,23.66,24.17,66.73
29.76,29.76,22.89,25.09,64.77
29.53,29.53,23.36,18.11,65.23
27.58,27.58,25.26,19.80,61.90
25.19,25.19,19.92,13.54,63.09
24.79,24.79,20.98,19.79,65.33
27.80,27.80,22.09,23.93,66.29
29.13,29.13,22.83,23.16,66.43
26.35,26.35,23.78,18.98,65.10
24.53,24.53,24.88,17.57,61.58
25.52,25.52,26.40,21.11,61.79
25.37,25.37,22.69,16.07,63.47
27.03,27.03,24.10,25.41,65.35
25.47,25.47,21.79,24.59,66.60
23.02,23.02,18.15,17.69,64.61
27.79,27.79,24.40,24.72,63.00
35.71,35.71,26.64,25.53,64.61
34.34,34.34,28.31,26.78,66.49
35.97,35.97,26.96,23.40,66.58
35.11,35.11,24.39,25.98,65.37
31.41,31.41,23.25,21.73,66.32
31.02,31.02,25.82,23.21,64.12
32.47,32.47,24.69,22.16,63.58
30.65,30.65,23.85,20.53,66.03
26.71,26.71,22.76,21.96,65.01
25.99,25.99,26.61,26.32,64.04
24.61,24.61,25.00,21.32,61.56
23.71,23.71,24.97,12.19,60.68
24.04,24.04,22.74,21.71,62.96
24.59,24.59,23.57,24.33,67.14
22.82,22.82,23.79,18.01,66.89
20.33,20.33,23.94,18.51,65.71
21.00,21.00,23.45,19.83,64.35
22.72,22.72,21.87,22.00,61.38
23.95,23.95,20.48,21.84,65.75
24.59,24.59,19.79,22.40,66.45
24.09,24.09,18.49,25.65,66.88
30.65,30.65,23.39,31.31,66.25
33.21,33.21,21.29,25.44,67.88
34.92,34.92,18.61,22.86,67.69
32.79,32.79,18.93,20.42,69.01
27.97,27.97,16.84,21.72,68.52
25.97,25.97,13.48,21.27,67.99
27.55,27.55,18.25,22.38,67.52
29.29,29.29,19.96,24.23,64.65
25.31,25.31,18.21,14.90,65.60
25.16,25.16,18.16,21.90,66.31
26.49,26.49,18.41,19.60,66.48
25.91,25.91,20.32,25.09,66.89
22.96,22.96,18.86,16.33,65.69
21.09,21.09,19.47,20.89,62.89
23.34,23.34,21.67,17.84,64.93
25.46,25.46,24.70,21.05,66.10
24.46,24.46,20.31,20.90,67.17
22.77,22.77,19.59,19.38,67.17
23.86,23.86,16.76,20.12,65.42
23.11,23.11,15.21,21.14,64.51
20.47,20.47,16.01,22.74,65.27
19.31,19.31,16.82,22.63,66.80
23.58,23.58,20.35,21.78,68.83
35.57,35.57,24.96,25.10,68.06
26.87,26.87,24.13,27.62,67.52
22.37,22.37,20.35,23.17,65.74
27.94,27.94,20.27,21.29,66.20
29.94,29.94,21.33,25.04,68.49
27.23,27.23,21.37,23.60,66.55
23.76,23.76,20.66,21.23,66.71
24.33,24.33,19.98,24.66,64.26
24.27,24.27,19.14,26.65,63.64
24.72,24.72,19.44,26.44,66.30
22.68,22.68,21.33,24.39,68.28
22.72,22.72,19.77,21.07,66.53
21.78,21.78,21.82,27.22,66.81
21.73,21.73,20.81,20.31,62.74
22.06,22.06,21.16,21.11,65.82
20.88,20.88,20.17,21.81,67.94
22.43,22.43,21.94,19.87,66.64
22.28,22.28,23.13,25.98,68.35
20.90,20.90,20.35,24.64,65.27
18.53,18.53,18.75,24.19,64.42
16.94,16.94,17.93,19.64,65.59
18.32,18.32,18.67,20.91,68.41
18.14,18.14,19.12,21.38,66.68
19.56,19.56,22.58,27.66,67.33
32.21,32.21,27.44,21.30,65.55
26.31,26.31,27.10,27.02,65.34
22.24,22.24,22.00,21.11,64.76
24.87,24.87,21.19,24.16,69.09
30.64,30.64,24.85,23.61,66.53
25.23,25.23,24.61,22.21,66.71
20.80,20.80,20.16,21.94,63.15
21.87,21.87,19.67,18.54,65.26
21.69,21.69,19.73,22.53,67.11
20.79,20.79,22.45,22.27,68.57
18.23,18.23,21.04,23.29,68.37
18.24,18.24,22.08,23.18,63.58
18.52,18.52,21.56,22.82,62.71
19.65,19.65,22.85,25.49,63.16
18.88,18.88,24.27,24.33,67.40
19.15,19.15,24.50,25.58,68.11
18.18,18.18,23.62,25.39,67.53
17.21,17.21,24.90,22.15,62.70
16.00,16.00,24.63,21.24,62.15
19.28,19.28,24.47,22.38,64.14
19.55,19.55,24.32,23.30,66.99
15.39,15.39,22.74,25.03,68.40
16.35,16.35,21.01,24.55,67.69
22.78,22.78,26.26,29.54,65.90
21.81,21.81,23.42,20.94,67.85
23.68,23.68,23.61,22.40,66.02
24.33,24.33,24.39,24.01,69.15
18.05,18.05,24.57,26.68,68.69
20.30,20.30,25.43,25.36,65.48
16.70,16.70,26.41,23.94,64.59
16.88,16.88,26.50,23.30,63.59
16.79,16.79,27.20,21.16,65.84
18.80,18.80,28.77,28.93,67.88
17.75,17.75,27.98,29.22,66.05
15.61,15.61,27.34,21.90,65.07
14.94,14.94,26.56,22.68,62.46
15.34,15.34,25.34,24.68,63.63
15.19,15.19,27.58,22.65,65.95
18.02,18.02,28.44,27.81,66.46
17.68,17.68,27.93,28.55,65.40
19.77,19.77,28.97,20.34,64.32
17.50,17.50,29.43,27.11,60.88
18.67,18.67,28.54,21.11,62.96
17.21,17.21,28.56,25.71,66.58
15.70,15.70,26.28,28.47,67.88
29.80,29.80,29.32,26.17,66.21
32.32,32.32,29.73,28.08,65.69
20.86,20.86,30.22,32.13,63.65
20.66,20.66,27.39,27.95,66.25
27.76,27.76,32.94,32.59,66.77
27.34,27.34,32.04,31.24,67.48
18.43,18.43,33.21,31.04,66.15
17.96,17.96,32.67,28.65,63.14
17.77,17.77,33.65,28.40,61.63
18.67,18.67,36.22,29.14,65.08
19.19,19.19,34.85,30.88,65.65
20.43,20.43,34.95,27.86,65.37
19.48,19.48,34.78,28.69,66.61
16.74,16.74,33.70,25.29,60.01
21.09,21.09,36.38,25.86,62.81
20.80,20.80,36.70,24.85,64.29
20.43,20.43,37.61,25.78,67.33
19.13,19.13,37.94,26.72,65.40
19.71,19.71,36.35,26.50,64.30
20.41,20.41,35.64,27.18,61.38
18.19,18.19,33.36,24.41,62.34
14.58,14.58,31.63,25.97,64.67
10.63,10.63,28.83,23.41,65.09
9.02,9.02,26.25,20.85,65.23
9.99,9.99,20.35,23.38,69.16
14.47,14.47,26.87,25.73,72.22
12.69,12.69,25.61,20.03,70.63
15.01,15.01,18.14,17.70,69.72
19.20,19.20,17.22,23.11,69.98
24.76,24.76,19.29,19.04,69.09
30.24,30.24,19.54,25.55,66.88
31.30,31.30,18.36,22.76,70.44
26.39,26.39,17.96,22.10,66.42
20.34,20.34,16.65,16.57,66.86
22.06,22.06,16.28,18.47,67.54
24.72,24.72,20.67,19.04,69.81
24.99,24.99,19.63,19.21,66.95
26.80,26.80,23.75,23.86,67.18
25.22,25.22,25.78,23.82,66.63
24.63,24.63,26.60,19.96,68.49
28.85,28.85,29.66,24.11,68.09
30.24,30.24,30.06,27.19,66.03
27.59,27.59,28.34,24.56,67.38
23.84,23.84,23.46,27.91,63.48
23.09,23.09,22.54,30.26,68.93
25.97,25.97,24.28,31.60,66.47
25.18,25.18,23.77,24.61,64.95
42.00,42.00,29.39,31.00,68.91
40.96,40.96,25.23,31.84,66.65
35.54,35.54,22.04,31.28,66.49
29.80,29.80,22.49,31.26,66.22
34.92,34.92,24.68,31.24,66.24
33.64,33.64,25.01,28.35,64.02
29.50,29.50,24.39,27.04,64.68
23.48,23.48,23.12,27.09,64.38
22.83,22.83,23.19,21.17,64.00
25.61,25.61,25.37,26.32,67.71
26.61,26.61,26.08,25.75,67.15
26.45,26.45,24.82,26.75,66.35
26.40,26.40,28.37,23.25,66.78
25.12,25.12,28.00,26.47,64.88
27.50,27.50,29.92,31.52,68.51
30.08,30.08,30.54,30.59,67.47
30.06,30.06,32.83,30.00,67.43
31.22,31.22,32.73,28.98,67.08
28.45,28.45,31.29,28.43,66.33
27.59,27.59,29.62,29.45,66.43
27.91,27.91,28.62,25.92,64.42
23.86,23.86,24.58,20.81,66.32
23.49,23.49,26.74,23.25,67.53
25.14,25.14,25.39,32.15,73.83
24.30,24.30,23.73,32.90,73.33
23.47,23.47,21.74,25.61,71.55
21.34,21.34,24.61,18.68,70.67
21.90,21.90,24.52,16.52,70.01
24.98,24.98,26.32,17.10,69.35
24.41,24.41,26.68,23.09,68.39
23.52,23.52,24.67,21.14,68.39
23.47,23.47,27.18,22.01,67.28
24.56,24.56,26.09,25.80,68.08
24.61,24.61,27.31,27.50,66.64
26.57,26.57,31.77,28.73,64.60
28.07,28.07,31.17,27.38,66.40
29.99,29.99,33.89,31.68,64.74
29.22,29.22,33.74,30.68,64.36
30.49,30.49,36.49,31.09,65.27
28.34,28.34,35.49,22.90,66.59
29.53,29.53,34.13,32.75,66.07
28.85,28.85,33.88,22.98,66.44
30.64,30.64,35.12,27.75,64.49
32.30,32.30,35.56,24.74,64.93
32.41,32.41,35.16,30.66,64.89
30.23,30.23,32.35,26.47,64.76
28.46,28.46,31.11,26.70,64.25
25.74,25.74,29.17,23.64,70.10
23.17,23.17,27.70,24.22,71.24
24.73,24.73,29.62,26.69,71.42
25.35,25.35,30.46,22.62,71.23
26.62,26.62,30.19,25.32,69.06
27.85,27.85,30.26,24.91,70.82
27.07,27.07,29.50,29.04,67.09
27.51,27.51,32.18,23.46,68.03
27.43,27.43,32.80,30.08,68.13
30.30,30.30,35.95,29.74,69.05
30.12,30.12,35.00,31.07,67.51
30.88,30.88,37.86,29.91,67.54
30.31,30.31,37.11,33.47,67.37
30.80,30.80,35.89,30.49,67.78
31.46,31.46,35.43,34.89,66.20
32.83,32.83,35.48,30.01,66.83
33.25,33.25,37.68,31.50,67.64
30.11,30.11,36.59,31.30,64.48
30.10,30.10,35.23,27.95,65.30
29.10,29.10,34.39,26.09,66.85
29.67,29.67,35.96,23.57,68.12
30.48,30.48,35.42,21.64,67.46
31.59,31.59,36.43,24.75,68.58
37.76,37.76,37.56,25.60,67.53
33.17,33.17,37.80,19.03,67.80
30.80,30.80,36.74,25.44,66.95
34.66,34.66,35.88,21.31,67.52
36.11,36.11,36.65,21.74,68.36
31.29,31.29,35.78,24.61,66.46
27.94,27.94,34.58,24.81,66.51
29.23,29.23,34.03,24.71,64.71
30.98,30.98,34.42,25.00,65.80
30.29,30.29,34.95,29.28,66.60
30.49,30.49,34.37,25.22,66.84
28.68,28.68,33.21,33.16,65.54
31.90,31.90,36.97,29.69,66.84
30.54,30.54,37.38,28.09,63.71
31.55,31.55,36.77,29.90,64.47
33.47,33.47,40.00,28.24,66.97
33.06,33.06,39.42,31.75,65.08
30.87,30.87,35.90,28.70,65.19
31.18,31.18,37.55,30.84,63.58
32.31,32.31,37.00,30.55,64.93
30.93,30.93,36.43,26.77,64.89
31.63,31.63,36.65,27.11,63.93
34.52,34.52,35.83,27.42,66.67
42.37,42.37,37.17,30.41,66.90
37.26,37.26,37.29,27.30,66.97
29.51,29.51,37.71,27.68,66.85
29.38,29.38,37.93,27.16,66.82
34.37,34.37,37.21,19.03,64.71
35.18,35.18,36.23,26.74,66.07
31.17,31.17,35.08,30.51,62.72
29.89,29.89,35.75,23.81,65.34
29.97,29.97,35.30,21.88,64.23
30.37,30.37,36.23,27.33,67.15
30.24,30.24,36.27,21.84,65.03
30.95,30.95,37.30,21.65,66.49
30.61,30.61,38.39,22.10,63.93
30.24,30.24,37.94,28.64,65.58
28.86,28.86,36.78,21.81,62.85
29.25,29.25,37.81,21.86,67.13
30.70,30.70,40.48,19.21,65.59
31.93,31.93,41.97,20.83,68.37
32.29,32.29,42.16,21.77,65.53
30.86,30.86,39.89,20.06,64.95
30.36,30.36,39.23,18.71,64.56
29.60,29.60,39.29,21.51,66.47
35.84,35.84,42.21,24.56,67.57
34.46,34.46,45.14,25.72,68.10
31.10,31.10,43.14,23.36,66.54
31.98,31.98,45.74,23.11,66.14
27.81,27.81,41.34,25.35,65.42
28.82,28.82,43.50,24.66,66.52
27.78,27.78,43.92,27.37,66.24
28.22,28.22,42.46,24.35,65.09
27.74,27.74,40.60,27.93,63.63
27.37,27.37,42.83,29.10,64.96
28.79,28.79,41.72,27.85,64.10
30.05,30.05,43.59,27.50,66.74
27.27,27.27,40.85,28.01,66.12
27.22,27.22,41.09,33.38,63.62
27.95,27.95,40.94,27.00,64.54
32.94,32.94,44.45,30.83,64.20
31.10,31.10,41.76,26.11,65.87
29.70,29.70,40.87,28.51,65.55
29.26,29.26,40.87,21.32,66.31
26.67,26.67,39.78,26.62,66.01
25.42,25.42,39.12,17.86,64.63
24.69,24.69,39.38,24.41,67.73
28.44,28.44,41.97,19.81,67.26
29.10,29.10,40.85,24.11,67.48
28.44,28.44,40.71,20.69,66.28
24.94,24.94,40.19,25.17,65.88
25.44,25.44,40.18,24.68,64.41
29.46,29.46,43.75,24.18,66.46
31.94,31.94,44.88,26.42,67.59
29.87,29.87,43.98,24.97,65.55
28.34,28.34,43.26,28.83,65.15
27.85,27.85,41.84,22.76,61.54
28.39,28.39,43.12,26.97,63.81
30.67,30.67,45.15,17.81,66.02
27.85,27.85,41.92,21.74,64.08
26.14,26.14,40.93,22.15,65.20
26.13,26.13,41.54,23.56,62.11
26.09,26.09,40.65,23.06,59.82
24.55,24.55,40.81,26.86,61.74
25.10,25.10,38.58,20.86,64.80
26.52,26.52,41.16,25.97,65.62
27.28,27.28,40.96,23.48,66.17
26.50,26.50,41.20,27.45,65.30
25.56,25.56,40.54,22.33,64.62
25.61,25.61,39.36,29.77,65.65
24.46,24.46,38.92,25.56,67.02
24.13,24.13,37.83,30.75,68.57
23.67,23.67,35.70,26.18,66.47
22.54,22.54,33.20,26.70,67.63
18.71,18.71,31.00,18.49,69.22
18.94,18.94,31.36,14.48,73.41
16.78,16.78,29.68,9.61,71.71
17.09,17.09,30.48,12.74,71.51
19.54,19.54,33.04,11.19,71.27
25.14,25.14,38.14,13.71,69.54
23.59,23.59,36.02,15.84,71.16
23.18,23.18,34.60,18.96,66.41
26.20,26.20,37.96,17.16,71.68
26.96,26.96,38.92,17.48,66.76
25.86,25.86,38.95,18.91,71.01
25.94,25.94,39.51,19.12,66.69
25.23,25.23,37.14,13.45,68.38
25.06,25.06,38.28,16.90,68.34
28.05,28.05,41.19,21.14,66.60
27.47,27.47,39.85,23.43,70.75
23.74,23.74,36.22,22.60,66.54
22.00,22.00,35.36,24.05,68.94
22.44,22.44,35.80,29.95,68.24
22.31,22.31,33.93,28.13,68.66
26.27,26.27,34.62,30.81,70.82
23.63,23.63,34.09,27.10,65.26
17.56,17.56,31.28,32.00,65.94
17.79,17.79,31.72,24.35,68.98
19.24,19.24,32.09,29.79,68.67
21.68,21.68,33.07,28.64,68.57
21.44,21.44,33.72,31.90,69.48
22.97,22.97,33.59,32.98,68.18
21.35,21.35,33.73,29.91,67.62
23.36,23.36,34.18,33.89,65.73
25.14,25.14,37.04,29.83,66.30
25.83,25.83,37.10,35.91,67.26
26.60,26.60,35.43,31.17,67.41
24.46,24.46,35.11,36.38,65.01
25.57,25.57,37.09,35.04,63.41
27.93,27.93,40.22,34.69,67.00
30.32,30.32,41.71,35.39,66.48
29.35,29.35,39.94,28.83,66.97
28.76,28.76,39.47,34.07,66.86
28.31,28.31,40.02,28.74,66.85
26.41,26.41,38.74,28.15,65.91
25.10,25.10,37.82,20.66,66.10
26.28,26.28,37.67,21.61,69.48
24.37,24.37,34.30,20.39,68.89
22.78,22.78,30.74,9.80,70.13
21.96,21.96,29.92,13.84,73.91
20.37,20.37,29.69,13.30,71.94
22.19,22.19,29.00,12.71,71.39
23.17,23.17,29.75,20.58,68.03
24.55,24.55,28.64,15.32,69.54
24.86,24.86,29.06,26.00,69.89
23.16,23.16,31.44,19.10,67.18
24.21,24.21,32.14,27.59,63.67
21.62,21.62,32.81,26.38,64.60
21.00,21.00,30.22,31.85,65.49
20.65,20.65,30.42,32.00,66.13
22.84,22.84,32.17,33.70,64.43
22.62,22.62,34.29,33.00,60.57
23.35,23.35,37.55,32.00,61.62
24.20,24.20,39.74,31.59,63.23
24.60,24.60,40.19,30.32,64.10
26.67,26.67,40.08,27.81,63.04
28.13,28.13,41.02,28.16,62.36
28.09,28.09,39.78,25.54,61.16
28.49,28.49,42.76,35.18,60.39
26.49,26.49,36.43,31.16,64.01
25.97,25.97,33.75,24.51,65.06
21.59,21.59,30.22,23.45,69.74
19.61,19.61,29.46,31.34,71.84
20.44,20.44,29.30,26.32,69.74
20.14,20.14,28.09,23.58,70.50
24.16,24.16,33.20,25.89,68.23
23.09,23.09,31.78,22.05,69.08
24.76,24.76,30.89,17.36,69.39
21.03,21.03,28.46,20.16,69.28
21.70,21.70,28.76,23.80,66.86
22.66,22.66,28.27,23.61,67.48
25.00,25.00,29.58,20.34,66.88
24.12,24.12,31.19,23.43,68.70
24.95,24.95,30.75,22.88,68.24
28.11,28.11,35.67,18.46,68.52
27.07,27.07,32.61,17.79,68.96
30.87,30.87,35.22,22.23,66.83
31.01,31.01,35.22,24.38,67.00
30.40,30.40,33.85,24.64,68.72
28.12,28.12,32.18,23.55,66.15
29.59,29.59,34.33,21.61,67.28
30.38,30.38,34.14,20.15,64.94
30.10,30.10,35.41,21.99,66.68
28.21,28.21,33.12,17.88,66.63
33.30,33.30,35.71,19.27,68.90
28.97,28.97,34.55,17.47,66.82
30.37,30.37,33.36,17.23,67.71
33.18,33.18,36.10,19.52,63.90
30.56,30.56,34.23,18.65,64.58
27.65,27.65,32.13,21.28,66.14
30.84,30.84,32.03,16.94,65.94
29.62,29.62,31.81,15.47,66.38
27.46,27.46,30.83,14.29,65.94
26.01,26.01,31.09,17.15,65.99
27.06,27.06,32.12,17.47,67.59
28.14,28.14,31.97,20.06,65.32
27.39,27.39,30.33,16.09,66.60
26.05,26.05,31.13,23.28,66.89
26.40,26.40,33.08,21.97,65.83
27.41,27.41,34.09,17.85,67.00
28.31,28.31,34.03,16.77,67.31
28.81,28.81,35.22,21.03,67.90
29.84,29.84,35.65,22.52,66.61
31.43,31.43,38.46,21.84,64.89
30.97,30.97,38.58,23.46,66.90
32.38,32.38,36.90,23.87,65.51
32.20,32.20,38.20,19.01,65.82
31.81,31.81,37.40,27.59,66.03
32.54,32.54,37.84,18.52,66.08
30.30,30.30,37.80,18.49,66.05
28.57,28.57,37.34,24.37,65.80
29.23,29.23,36.14,27.30,66.43
30.96,30.96,35.04,22.88,66.33
30.37,30.37,34.75,20.63,66.66
30.92,30.92,35.17,23.98,65.09
30.22,30.22,34.67,22.27,65.62
31.66,31.66,34.63,27.71,66.37
27.92,27.92,32.63,26.25,65.02
28.03,28.03,31.81,29.56,66.02
29.92,29.92,32.63,30.46,67.07
32.49,32.49,36.14,34.88,66.27
33.59,33.59,37.51,32.73,65.51
33.55,33.55,36.09,34.29,65.81
32.05,32.05,34.23,32.51,65.66
34.80,34.80,36.35,35.22,67.78
34.37,34.37,35.08,30.98,64.81
32.07,32.07,34.98,32.87,64.62
30.49,30.49,32.29,31.25,64.18
30.53,30.53,34.11,31.36,64.32
32.32,32.32,31.62,30.33,68.12
27.44,27.44,31.48,30.45,67.99
27.50,27.50,30.91,32.36,67.79
29.22,29.22,33.55,31.36,65.42
31.16,31.16,38.03,32.75,66.50
32.21,32.21,41.70,31.18,64.91
28.07,28.07,35.77,31.35,68.64
27.59,27.59,33.75,31.27,67.15
25.34,25.34,32.93,28.41,67.01
26.47,26.47,35.36,31.18,63.45
28.46,28.46,36.58,28.79,65.00
29.41,29.41,35.74,31.96,66.35
29.55,29.55,36.34,31.05,66.25
26.26,26.26,34.39,33.97,65.71
28.04,28.04,33.93,33.53,64.60
26.17,26.17,32.96,35.73,63.18
26.41,26.41,33.27,36.37,63.95
26.78,26.78,32.74,36.92,66.99
26.52,26.52,32.21,36.98,63.84
26.92,26.92,32.78,35.59,66.92
27.84,27.84,35.29,40.36,65.42
28.19,28.19,35.25,36.80,64.79
27.12,27.12,34.80,41.28,61.44
28.85,28.85,36.42,34.39,64.36
31.70,31.70,36.76,42.03,64.39
30.05,30.05,36.49,38.92,65.23
27.65,27.65,35.10,42.95,62.75
29.31,29.31,34.96,38.87,62.66
29.93,29.93,34.16,43.98,64.41
29.19,29.19,35.23,39.00,65.07
31.25,31.25,36.49,41.71,66.05
33.11,33.11,38.63,41.90,63.31
31.79,31.79,38.88,38.48,63.47
27.72,27.72,38.03,43.18,61.84
26.81,26.81,39.82,38.06,63.55
27.79,27.79,35.60,42.97,63.95
29.79,29.79,35.85,37.65,63.81
31.58,31.58,38.52,41.79,61.90
30.59,30.59,37.60,35.25,61.38
29.14,29.14,37.15,35.84,61.98
29.38,29.38,37.72,38.49,61.84
29.40,29.40,38.25,38.29,63.28
30.12,30.12,35.52,32.63,62.40
30.32,30.32,37.92,38.19,61.67
30.21,30.21,34.90,34.42,59.49
26.53,26.53,36.88,34.45,59.03
27.04,27.04,31.44,29.38,62.06
27.16,27.16,33.79,35.79,61.51
30.44,30.44,28.26,29.88,67.93
23.21,23.21,28.52,31.79,66.72
21.30,21.30,26.97,31.56,67.18
19.92,19.92,27.12,33.06,68.04
18.56,18.56,25.43,33.49,65.83
19.64,19.64,27.36,31.33,68.45
16.52,16.52,26.48,30.62,67.14
17.39,17.39,27.53,29.11,66.89
16.81,16.81,27.72,27.22,67.16
17.56,17.56,28.26,24.80,66.50
19.88,19.88,29.84,24.39,64.74
18.34,18.34,28.30,28.44,64.93
18.53,18.53,27.77,27.54,64.88
15.73,15.73,25.93,27.33,63.28
17.78,17.78,28.46,26.82,64.00
17.43,17.43,26.94,30.05,65.72
17.12,17.12,26.90,31.19,65.55
17.49,17.49,26.12,27.35,66.08
17.09,17.09,28.38,31.61,64.39
18.75,18.75,27.71,29.20,63.88
16.56,16.56,26.40,28.58,63.99
19.02,19.02,27.28,27.06,63.95
19.37,19.37,28.75,29.75,64.34
20.94,20.94,29.04,29.57,63.04
23.17,23.17,30.52,26.37,64.06
25.94,25.94,31.41,29.37,64.09
27.72,27.72,31.51,28.39,65.03
26.69,26.69,31.42,28.02,64.48
23.71,23.71,29.38,28.45,62.57
23.61,23.61,29.63,27.94,62.11
23.36,23.36,29.28,29.19,60.90
21.48,21.48,27.89,27.57,62.19
20.47,20.47,28.78,27.55,64.22
20.59,20.59,28.71,30.51,64.80
22.98,22.98,29.79,35.37,64.69
21.67,21.67,28.21,28.79,63.78
23.27,23.27,28.95,21.93,62.25
22.55,22.55,28.92,29.09,61.16
24.33,24.33,31.31,23.16,62.19
24.88,24.88,30.55,31.39,62.53
25.33,25.33,30.66,33.69,65.55
26.65,26.65,30.58,23.18,61.52
28.38,28.38,31.82,25.52,62.94
28.16,28.16,30.70,27.33,63.20
27.29,27.29,30.26,32.15,64.35
27.02,27.02,29.66,34.35,65.01
34.88,34.88,29.92,33.24,69.24
31.55,31.55,30.64,30.69,68.42
33.89,33.89,28.87,19.69,67.82
30.21,30.21,30.25,19.90,66.96
28.03,28.03,30.26,28.25,67.07
27.81,27.81,30.96,32.38,67.70
28.20,28.20,31.17,30.87,66.20
27.28,27.28,32.00,25.54,64.65
27.21,27.21,32.86,24.25,64.67
25.01,25.01,30.66,22.45,64.65
25.53,25.53,30.65,29.45,65.61
26.40,26.40,31.64,32.95,65.37
28.15,28.15,32.42,31.66,64.70
27.33,27.33,32.58,23.89,64.98
25.97,25.97,32.01,23.39,65.83
27.81,27.81,34.29,20.69,65.07
27.52,27.52,33.22,29.99,64.97
26.59,26.59,31.99,33.89,65.53
29.38,29.38,33.65,31.61,66.02
30.35,30.35,34.54,29.96,66.24
27.45,27.45,30.73,26.09,65.31
27.03,27.03,30.04,21.69,64.52
27.83,27.83,32.92,24.69,64.41
29.85,29.85,35.03,38.80,67.95
29.44,29.44,36.20,30.16,67.58
30.77,30.77,35.73,24.13,67.12
30.22,30.22,34.34,22.18,67.18
30.44,30.44,35.85,23.65,64.86
29.12,29.12,35.16,34.26,65.95
28.89,28.89,35.04,33.59,66.27
31.51,31.51,38.01,27.41,66.29
31.03,31.03,37.22,18.85,66.33
30.65,30.65,37.89,15.89,65.91
27.14,27.14,35.04,21.08,66.77
28.28,28.28,36.79,27.62,65.46
30.06,30.06,38.10,23.97,65.63
27.17,27.17,34.86,22.41,64.17
27.91,27.91,35.07,21.13,64.49
27.25,27.25,35.51,21.36,64.62
29.01,29.01,36.03,21.51,65.08
28.63,28.63,34.40,21.16,64.98
27.77,27.77,34.13,22.78,64.55
27.19,27.19,33.39,21.48,63.70
25.35,25.35,32.36,20.31,64.18
24.90,24.90,31.47,28.67,67.65
25.49,25.49,33.07,24.80,67.99
26.87,26.87,33.72,27.05,66.66
28.03,28.03,35.04,21.45,66.70
28.94,28.94,34.89,24.60,66.38
26.86,26.86,31.33,27.27,64.77
29.59,29.59,36.24,18.66,65.50
28.58,28.58,36.33,24.60,65.23
29.16,29.16,34.48,23.48,66.42
29.49,29.49,34.62,17.67,65.56
28.53,28.53,33.52,21.48,65.01
28.74,28.74,33.14,22.87,64.96
30.21,30.21,36.00,26.05,66.13
32.45,32.45,37.47,19.14,64.40
31.61,31.61,35.30,23.39,64.81
30.52,30.52,33.52,17.14,65.60
27.93,27.93,32.52,21.55,64.60
29.03,29.03,33.71,19.62,66.17
31.88,31.88,36.70,15.43,66.60
30.83,30.83,34.38,21.90,65.12
29.67,29.67,31.98,22.81,66.13
30.31,30.31,33.25,23.52,62.67
32.16,32.16,36.33,16.27,63.52
28.29,28.29,31.08,20.88,62.65
26.79,26.79,29.54,24.63,65.24
30.77,30.77,31.36,36.08,69.01
34.40,34.40,30.01,23.51,68.77
36.94,36.94,31.16,19.97,67.95
32.03,32.03,32.61,21.30,67.25
27.60,27.60,30.78,22.23,67.24
28.20,28.20,32.87,19.79,67.98
27.42,27.42,31.83,18.40,66.34
27.59,27.59,32.39,20.10,66.64
25.32,25.32,30.72,20.37,65.28
23.82,23.82,31.08,22.66,63.69
28.24,28.24,34.79,21.07,64.73
28.58,28.58,35.74,24.11,65.13
26.16,26.16,32.55,25.42,63.32
27.12,27.12,33.87,26.09,65.09
26.74,26.74,35.36,18.36,64.38
27.62,27.62,36.13,17.74,65.00
27.19,27.19,35.46,25.59,64.90
26.88,26.88,32.69,23.74,66.64
25.79,25.79,31.47,17.00,67.11
28.61,28.61,36.00,17.86,63.95
27.63,27.63,33.27,19.57,64.67
24.56,24.56,30.51,27.29,63.45
26.21,26.21,30.12,29.29,65.17
34.99,34.99,33.68,35.09,67.88
30.53,30.53,31.46,25.78,68.45
30.52,30.52,30.89,25.21,67.07
29.69,29.69,30.83,22.02,67.05
28.76,28.76,31.11,16.80,66.37
28.36,28.36,32.65,20.02,66.50
28.48,28.48,34.27,17.55,67.10
29.22,29.22,35.33,21.41,66.13
28.47,28.47,35.35,21.97,66.13
25.02,25.02,31.80,19.48,64.15
26.74,26.74,33.48,18.12,63.59
26.00,26.00,32.75,17.12,66.10
28.59,28.59,33.88,19.23,66.05
28.25,28.25,34.50,18.39,63.30
26.27,26.27,32.21,15.64,64.37
24.72,24.72,31.51,21.49,64.61
27.21,27.21,33.54,20.27,67.35
27.83,27.83,33.92,17.14,66.72
26.90,26.90,32.73,18.31,68.24
27.17,27.17,32.36,24.11,66.27
26.40,26.40,32.31,19.96,65.61
25.27,25.27,30.18,21.36,65.78
30.56,30.56,34.34,26.67,65.50
29.21,29.21,34.72,17.11,67.03
28.90,28.90,32.82,18.13,66.31
31.90,31.90,35.72,26.32,64.30
29.75,29.75,34.19,14.47,59.51
24.58,24.58,32.86,18.21,61.15
27.34,27.34,34.48,19.16,63.16
29.15,29.15,34.72,19.43,64.70
28.50,28.50,33.89,21.19,64.56
25.21,25.21,32.51,15.92,63.01
25.38,25.38,32.22,13.47,65.08
25.88,25.88,32.38,17.70,66.89
28.58,28.58,33.67,20.96,67.04
30.00,30.00,35.35,19.40,64.45
27.33,27.33,33.41,16.69,64.31
26.44,26.44,34.00,14.11,62.92
28.10,28.10,36.21,15.72,60.79
24.40,24.40,32.59,16.32,63.42
26.24,26.24,32.01,18.90,64.60
25.89,25.89,30.24,20.11,64.74
27.21,27.21,31.23,14.70,63.13
28.15,28.15,31.87,16.04,62.43
24.38,24.38,28.85,19.49,63.46
28.25,28.25,29.55,27.41,66.05
31.40,31.40,30.53,30.80,69.28
29.81,29.81,32.59,30.91,69.36
27.03,27.03,32.29,24.42,67.17
25.59,25.59,30.69,22.57,67.29
26.19,26.19,30.58,20.05,65.83
27.79,27.79,33.23,19.81,67.17
27.48,27.48,33.62,19.53,67.61
26.81,26.81,31.74,22.52,66.27
28.15,28.15,32.92,19.88,64.40
31.11,31.11,35.92,19.36,63.47
29.52,29.52,34.96,17.68,64.07
29.12,29.12,33.39,18.38,63.96
27.46,27.46,32.42,19.29,65.89
28.07,28.07,31.91,21.72,65.59
25.68,25.68,31.24,24.67,65.23
23.60,23.60,29.45,20.27,67.88
23.87,23.87,28.80,19.70,66.71
26.53,26.53,31.09,20.59,67.33
26.67,26.67,30.40,21.54,65.09
26.20,26.20,29.55,20.70,64.34
25.63,25.63,29.55,20.61,63.82
27.47,27.47,32.54,25.27,61.68
26.14,26.14,31.35,19.59,62.31
28.12,28.12,30.69,25.46,64.54
31.94,31.94,36.60,23.64,66.58
30.38,30.38,33.86,27.09,64.01
28.48,28.48,33.45,22.51,64.37
26.36,26.36,31.06,20.06,64.22
28.51,28.51,32.33,20.32,64.54
28.86,28.86,32.47,22.89,63.42
29.07,29.07,33.23,20.13,65.43
27.53,27.53,32.75,22.47,66.74
27.23,27.23,33.18,20.27,64.75
26.00,26.00,30.94,18.32,65.22
25.77,25.77,30.30,20.69,65.90
25.25,25.25,30.20,23.30,66.10
26.27,26.27,30.54,19.25,66.69
27.03,27.03,31.28,22.33,64.49
26.87,26.87,32.11,20.21,63.54
24.85,24.85,29.42,22.08,62.26
24.91,24.91,29.85,21.59,62.68
28.67,28.67,33.05,18.93,62.30
28.41,28.41,33.23,21.91,65.26
26.73,26.73,32.87,24.60,62.91
29.40,29.40,35.80,28.77,65.63
30.36,30.36,34.73,22.14,65.38
28.53,28.53,32.87,23.16,66.09
27.48,27.48,31.85,14.24,65.89
27.47,27.47,33.42,17.61,65.42
27.29,27.29,32.21,17.29,64.20
28.09,28.09,34.33,19.02,63.30
32.02,32.02,35.31,21.45,65.18
30.09,30.09,33.12,14.75,65.25
29.43,29.43,32.32,19.86,65.71
27.62,27.62,30.86,20.56,64.41
28.10,28.10,30.70,20.82,65.92
27.80,27.80,31.42,19.73,64.15
28.09,28.09,31.71,20.56,65.40
29.99,29.99,34.08,21.96,64.39
29.12,29.12,33.84,21.69,66.48
28.42,28.42,31.01,18.00,64.87
29.77,29.77,31.78,16.37,64.78
31.27,31.27,33.43,16.70,65.46
32.69,32.69,34.78,15.49,64.77
31.05,31.05,32.28,17.62,64.87
29.75,29.75,31.59,22.41,64.71
32.47,32.47,34.07,22.84,66.08
32.85,32.85,34.46,16.25,66.69
29.93,29.93,32.82,21.65,67.82
30.11,30.11,33.43,21.51,69.22
29.18,29.18,32.02,30.86,69.56
31.72,31.72,34.45,28.11,69.52
31.37,31.37,34.03,27.03,68.32
28.98,28.98,32.36,24.94,67.04
29.35,29.35,33.85,22.88,66.01
29.10,29.10,33.20,27.74,66.38
29.04,29.04,32.83,25.71,66.15
28.56,28.56,33.45,25.21,67.25
27.28,27.28,33.16,24.81,64.45
28.26,28.26,33.65,26.86,64.54
27.71,27.71,31.34,25.19,65.63
27.80,27.80,30.79,21.97,65.72
29.37,29.37,32.54,25.75,63.75
30.30,30.30,33.49,26.14,65.33
29.31,29.31,33.93,23.74,64.14
28.20,28.20,32.61,25.18,65.33
28.17,28.17,33.02,24.54,65.79
30.22,30.22,33.83,24.79,66.67
29.36,29.36,33.28,25.40,66.76
28.73,28.73,31.77,23.44,65.66
29.44,29.44,33.08,26.29,66.41
29.14,29.14,31.94,24.30,65.07
30.44,30.44,32.83,24.23,64.92
33.24,33.24,35.19,23.44,64.26
31.81,31.81,33.60,22.65,64.58
30.71,30.71,32.51,22.57,62.97
28.37,28.37,32.92,23.36,66.83
27.00,27.00,30.88,23.20,65.69
26.46,26.46,30.43,18.23,66.47
26.62,26.62,30.06,19.98,63.91
27.06,27.06,32.42,22.13,65.21
27.25,27.25,32.15,19.93,65.46
28.39,28.39,33.16,18.75,65.47
27.67,27.67,33.52,21.62,66.10
28.64,28.64,33.16,17.39,66.38
29.75,29.75,32.47,21.41,65.35
31.70,31.70,33.77,23.96,65.42
28.89,28.89,31.58,17.08,65.89
29.35,29.35,31.55,18.89,65.87
32.41,32.41,35.09,17.08,64.31
32.19,32.19,34.19,15.80,64.18
29.85,29.85,33.00,18.01,63.25
29.20,29.20,33.35,18.75,63.97
28.66,28.66,33.50,16.61,64.70
29.94,29.94,34.96,17.86,66.09
27.83,27.83,32.50,21.81,65.95
28.84,28.84,33.38,29.20,67.33
29.94,29.94,32.22,25.75,66.50
27.27,27.27,31.03,17.64,65.29
28.55,28.55,32.06,24.03,65.39
29.04,29.04,33.08,17.86,65.01
28.55,28.55,31.59,17.71,65.18
29.56,29.56,32.61,19.24,67.66
28.46,28.46,31.94,18.34,65.63
27.94,27.94,30.51,22.87,67.30
26.21,26.21,28.34,21.30,66.03
26.99,26.99,29.95,18.51,64.74
30.38,30.38,33.44,21.78,67.15
31.09,31.09,33.39,16.89,66.23
28.09,28.09,30.77,20.09,66.81
25.59,25.59,30.20,20.15,66.02
27.26,27.26,31.44,17.51,63.31
27.47,27.47,30.31,17.73,65.74
27.43,27.43,29.21,21.71,65.14
29.85,29.85,30.23,24.25,65.86
32.81,32.81,31.98,24.07,65.73
30.59,30.59,31.39,24.29,64.18
27.73,27.73,30.87,25.21,65.22
27.51,27.51,30.63,25.55,66.16
30.29,30.29,32.69,28.45,69.18
25.76,25.76,28.77,25.34,69.94
27.05,27.05,29.85,23.51,70.39
25.10,25.10,28.07,15.81,68.81
28.53,28.53,30.97,23.59,67.71
28.16,28.16,30.44,21.14,67.63
27.48,27.48,29.40,22.54,69.15
28.84,28.84,31.76,18.35,67.28
29.80,29.80,33.99,14.99,68.43
28.14,28.14,33.57,19.50,66.20
25.37,25.37,31.31,25.75,66.94
26.46,26.46,31.54,21.79,67.77
25.59,25.59,30.82,23.37,67.52
25.37,25.37,30.62,23.12,65.87
25.23,25.23,29.25,19.60,66.01
25.77,25.77,31.31,19.50,64.60
29.31,29.31,33.03,22.81,65.54
29.67,29.67,32.45,20.92,67.22
29.05,29.05,32.06,20.27,67.14
28.51,28.51,33.06,22.83,66.28
29.14,29.14,34.17,22.02,65.67
30.02,30.02,33.19,26.99,65.28
27.96,27.96,32.76,28.63,66.04
27.99,27.99,32.31,31.54,67.25
27.44,27.44,33.45,26.10,67.55
27.12,27.12,32.46,23.84,65.05
28.51,28.51,34.43,19.75,65.50
28.10,28.10,33.93,22.07,64.53
29.07,29.07,34.49,23.37,64.29
29.55,29.55,33.97,20.59,65.78
28.06,28.06,34.60,24.74,63.29
28.71,28.71,35.85,20.19,62.43
27.82,27.82,37.64,16.24,62.13
25.77,25.77,36.12,14.37,61.65
28.67,28.67,36.21,16.66,64.69
30.19,30.19,39.83,17.66,66.64
31.04,31.04,39.20,18.75,65.46
30.18,30.18,38.69,16.28,64.23
27.42,27.42,41.06,20.05,62.92
28.24,28.24,39.38,15.18,62.53
27.83,27.83,38.66,12.98,63.83
27.00,27.00,40.10,22.64,64.07
27.01,27.01,34.74,19.53,64.29
26.62,26.62,30.58,18.75,62.75
23.03,23.03,29.19,12.77,60.84
23.49,23.49,33.03,20.55,70.38
24.14,24.14,33.80,28.97,70.99
24.70,24.70,31.66,23.16,70.11
27.48,27.48,31.63,17.19,71.37
26.23,26.23,29.42,13.63,69.55
27.74,27.74,31.35,20.39,68.64
27.35,27.35,30.03,18.40,67.37
29.24,29.24,30.12,14.15,68.93
31.23,31.23,31.88,16.32,67.33
31.07,31.07,32.66,18.54,66.90
29.86,29.86,30.38,12.99,67.48
27.99,27.99,30.91,12.06,66.85
31.39,31.39,36.28,12.67,66.08
29.64,29.64,33.27,15.94,67.60
28.93,28.93,31.99,17.75,67.64
29.40,29.40,31.26,15.31,68.42
28.76,28.76,30.98,16.75,66.31
27.51,27.51,29.38,17.02,68.46
29.05,29.05,32.18,12.31,66.99
29.39,29.39,31.14,18.55,67.98
28.57,28.57,30.30,14.03,66.25
27.54,27.54,28.74,21.59,68.59
28.60,28.60,29.32,19.50,65.55
31.85,31.85,30.82,22.64,68.67
31.17,31.17,31.02,21.60,67.17
31.08,31.08,33.62,17.94,68.87
30.59,30.59,32.45,22.51,66.31
30.85,30.85,31.67,21.84,68.50
30.36,30.36,30.96,23.47,65.04
30.04,30.04,32.07,19.85,66.84
31.21,31.21,32.00,19.55,65.34
30.99,30.99,32.58,20.95,69.00
30.03,30.03,32.39,21.52,66.22
28.39,28.39,28.79,20.90,68.07
29.99,29.99,28.84,22.11,66.69
31.19,31.19,29.89,26.06,66.96
31.03,31.03,29.54,22.45,66.69
29.78,29.78,28.49,15.28,67.21
29.37,29.37,30.42,15.14,64.17
30.05,30.05,31.76,20.45,65.90
29.69,29.69,31.33,22.46,64.61
30.18,30.18,29.78,21.76,65.34
31.04,31.04,29.73,23.24,64.91
29.43,29.43,27.34,26.38,65.58
28.37,28.37,25.75,16.70,65.20
30.20,30.20,26.72,20.99,63.92
31.33,31.33,29.55,24.50,71.76
27.15,27.15,27.51,27.40,72.69
27.82,27.82,24.94,17.67,71.87
32.17,32.17,26.41,20.35,68.47
37.95,37.95,27.54,19.45,67.88
43.31,43.31,28.28,20.76,67.86
44.52,44.52,29.55,25.69,67.43
44.74,44.74,30.04,15.33,68.75
44.01,44.01,27.52,22.70,67.15
39.01,39.01,27.89,25.49,66.52
36.05,36.05,30.37,35.27,65.24
30.68,30.68,29.90,28.00,66.81
30.96,30.96,28.75,32.08,66.59
30.51,30.51,29.04,33.73,65.65
32.53,32.53,31.81,40.50,66.43
33.09,33.09,33.31,39.18,64.40
31.80,31.80,33.58,36.40,66.54
31.93,31.93,31.67,27.89,63.74
32.78,32.78,30.98,22.17,68.04
32.86,32.86,31.09,18.22,64.59
31.67,31.67,34.49,32.13,68.08
29.93,29.93,35.15,39.62,63.16
26.54,26.54,29.02,27.82,65.57
26.91,26.91,28.82,33.50,67.39
25.47,25.47,28.13,35.14,71.39
27.29,27.29,29.01,30.26,69.81
27.46,27.46,29.46,25.85,69.66
29.43,29.43,29.98,20.69,67.66
28.12,28.12,29.33,21.13,69.94
29.04,29.04,29.03,22.74,68.97
27.69,27.69,28.98,13.01,69.03
28.45,28.45,30.43,15.83,68.11
27.42,27.42,30.26,16.32,68.46
29.13,29.13,31.04,22.95,68.24
28.97,28.97,32.28,21.10,68.18
29.22,29.22,32.29,32.23,67.78
27.57,27.57,30.98,26.46,68.67
28.22,28.22,31.58,32.43,66.40
27.68,27.68,31.60,22.68,67.82
27.24,27.24,29.48,18.93,68.20
27.79,27.79,30.34,21.46,66.86
28.72,28.72,31.62,23.64,67.01
29.93,29.93,32.89,26.49,68.09
29.42,29.42,32.32,24.65,66.19
29.65,29.65,33.49,25.63,68.49
29.02,29.02,33.29,28.97,66.54
29.09,29.09,32.82,25.16,67.23
29.12,29.12,33.63,22.94,68.18
26.55,26.55,30.71,20.75,69.54
28.25,28.25,32.14,21.27,67.81
29.18,29.18,31.88,19.65,69.32
25.91,25.91,29.91,20.98,66.49
25.00,25.00,29.72,25.25,66.24
26.34,26.34,31.14,25.26,67.46
26.74,26.74,31.65,23.70,67.20
26.49,26.49,30.59,21.11,66.42
25.47,25.47,29.08,22.67,66.44
25.89,25.89,29.94,25.84,66.97
27.09,27.09,32.12,28.82,64.44
25.73,25.73,29.07,27.64,66.87
26.54,26.54,30.11,29.68,65.43
29.41,29.41,32.72,30.22,66.30
27.32,27.32,29.73,25.45,65.54
26.99,26.99,29.84,27.56,64.11
29.63,29.63,32.32,30.92,65.41
30.07,30.07,32.06,24.85,65.29
30.50,30.50,32.86,27.75,66.69
29.71,29.71,32.19,29.65,64.33
28.29,28.29,31.30,29.10,64.03
26.06,26.06,30.92,29.67,62.37
33.21,33.21,36.14,31.24,63.66
32.89,32.89,35.09,28.77,65.82
31.32,31.32,33.72,29.76,66.15
28.71,28.71,32.80,30.43,65.22
29.53,29.53,31.69,30.23,62.79
27.68,27.68,31.04,27.92,63.62
28.82,28.82,31.70,30.55,64.48
30.31,30.31,32.48,29.79,65.37
30.66,30.66,33.03,29.12,65.76
29.02,29.02,32.08,28.68,66.32
28.17,28.17,31.27,27.82,64.05
28.92,28.92,32.64,27.56,65.03
28.71,28.71,32.48,29.86,65.50
27.87,27.87,31.66,27.07,65.52
27.41,27.41,31.68,29.19,63.89
26.81,26.81,29.70,27.90,63.68
27.14,27.14,30.10,28.20,64.60
27.82,27.82,30.59,26.26,64.00
29.87,29.87,30.92,25.95,66.37
28.87,28.87,29.77,24.93,66.17
31.21,31.21,33.04,26.76,64.93
29.86,29.86,32.21,27.00,62.88
25.95,25.95,30.97,27.21,61.14
27.25,27.25,33.28,26.17,66.36
30.05,30.05,33.52,25.76,67.98
30.12,30.12,31.45,23.25,67.44
28.60,28.60,32.52,22.14,66.08
29.14,29.14,34.79,24.98,65.30
31.70,31.70,38.70,29.72,62.79
30.06,30.06,39.01,28.63,64.59
29.03,29.03,34.23,21.64,65.36
28.08,28.08,34.86,25.50,65.46
26.58,26.58,41.20,29.86,61.23
28.87,28.87,46.28,35.25,61.89
30.82,30.82,45.21,33.85,61.87
28.15,28.15,43.10,33.78,63.33
28.16,28.16,44.16,33.90,65.67
30.77,30.77,44.01,34.93,64.33
31.90,31.90,42.90,32.48,62.45
30.89,30.89,41.83,31.76,61.84
28.64,28.64,40.34,30.00,63.36
30.71,30.71,39.74,29.93,66.69
30.62,30.62,41.19,29.22,65.94
28.44,28.44,40.03,29.94,65.48
27.40,27.40,36.41,26.28,61.96
27.22,27.22,38.93,27.34,60.96
30.84,30.84,39.70,28.63,62.45
29.91,29.91,38.36,27.13,63.96
29.51,29.51,37.48,25.66,65.42
28.36,28.36,36.56,24.87,63.62
30.89,30.89,37.75,26.76,64.79
31.04,31.04,38.82,24.47,63.53
29.15,29.15,37.40,25.23,66.05
26.86,26.86,34.99,23.73,65.24
28.93,28.93,37.01,21.82,66.77
31.82,31.82,39.02,23.09,64.59
33.18,33.18,38.75,23.82,62.92
31.18,31.18,37.09,16.78,62.40
31.62,31.62,37.42,22.01,64.45
29.82,29.82,35.73,22.44,66.78
28.28,28.28,35.10,22.61,65.70
27.48,27.48,35.70,19.18,64.00
26.50,26.50,34.60,19.27,63.71
29.47,29.47,36.67,18.43,62.45
30.32,30.32,36.27,17.56,66.18
27.98,27.98,33.60,16.14,63.95
26.37,26.37,31.62,14.73,65.33
25.51,25.51,30.65,13.34,64.87
20.64,20.64,26.45,16.11,60.99
20.69,20.69,25.27,16.50,65.41
20.81,20.81,30.26,24.26,72.24
24.78,24.78,29.62,25.57,71.29
25.96,25.96,26.19,13.09,69.89
28.39,28.39,27.46,13.27,68.44
28.17,28.17,25.47,9.46,67.08
28.55,28.55,25.08,10.83,67.88
26.71,26.71,22.79,13.85,66.57
30.00,30.00,24.74,17.06,67.91
31.15,31.15,27.07,19.45,67.77
29.16,29.16,26.78,17.55,68.05
29.05,29.05,28.08,19.31,64.82
30.60,30.60,29.63,18.80,66.12
31.96,31.96,29.87,12.12,66.69
30.17,30.17,28.28,15.53,66.07
26.72,26.72,26.66,12.01,64.39
25.00,25.00,26.06,11.76,62.87
25.27,25.27,26.33,17.66,62.69
24.09,24.09,23.81,11.37,66.75
24.49,24.49,24.04,10.36,66.52
23.95,23.95,25.18,14.53,67.06
22.89,22.89,24.59,12.56,66.35
25.45,25.45,25.96,13.87,64.95
26.87,26.87,25.43,14.10,66.20
26.03,26.03,24.00,19.79,66.08
26.07,26.07,21.94,16.78,64.98
27.97,27.97,22.65,22.18,69.25
27.57,27.57,27.07,24.36,66.85
27.46,27.46,26.14,21.45,66.07
25.09,25.09,23.16,16.29,64.11
26.60,26.60,23.82,27.68,64.76
26.22,26.22,24.93,28.70,62.55
25.35,25.35,23.88,26.52,63.35
25.00,25.00,24.09,23.06,61.77
22.01,22.01,23.05,15.75,61.01
22.10,22.10,22.42,14.17,61.09
23.63,23.63,23.69,20.84,62.84
24.43,24.43,24.84,20.28,63.48
24.71,24.71,24.49,16.12,63.40
23.98,23.98,24.34,20.46,61.49
24.27,24.27,24.88,22.52,61.52
24.54,24.54,26.37,22.39,60.94
24.89,24.89,23.05,16.02,64.74
23.12,23.12,25.73,10.90,62.25
21.53,21.53,25.35,12.78,63.47
22.38,22.38,27.12,10.04,64.00
23.19,23.19,25.09,16.42,62.98
27.09,27.09,23.47,14.12,64.24
41.39,41.39,19.98,13.19,67.82
54.30,54.30,27.66,18.46,69.62
57.23,57.23,23.60,8.76,68.21
56.55,56.55,15.78,9.46,66.20
57.08,57.08,14.89,14.17,64.18
56.31,56.31,16.60,7.66,64.36
55.50,55.50,18.19,10.46,63.32
53.72,53.72,20.08,5.55,62.40
51.91,51.91,21.88,11.46,60.61
41.66,41.66,28.16,14.30,55.34
28.23,28.23,30.57,15.11,56.04
23.47,23.47,27.93,16.28,60.14
24.93,24.93,28.77,15.14,61.53
24.96,24.96,29.56,13.13,58.63
24.95,24.95,30.68,11.88,56.64
25.52,25.52,32.18,13.82,56.93
25.80,25.80,26.47,13.48,55.69
25.80,25.80,28.56,13.55,60.50
26.80,26.80,31.13,11.15,60.07
23.92,23.92,38.95,16.87,57.72
19.55,19.55,46.97,27.61,49.02
13.00,13.00,55.82,33.71,45.59
9.39,9.39,82.32,53.05,51.85
6.65,6.65,82.49,65.77,53.49
5.48,5.48,77.67,72.91,55.70
9.22,9.22,74.79,79.63,55.30
9.89,9.89,70.10,78.15,56.61
14.17,14.17,72.23,78.31,57.08
16.24,16.24,70.56,77.68,57.89
24.76,24.76,68.77,79.62,59.61
22.12,22.12,70.48,78.20,59.75
14.33,14.33,69.11,80.58,60.10
15.85,15.85,69.35,79.31,60.56
16.73,16.73,71.00,80.68,60.24
21.79,21.79,70.28,79.83,59.97
21.71,21.71,69.25,80.47,62.47
19.42,19.42,71.17,80.59,62.16
20.66,20.66,70.79,79.70,62.64
18.47,18.47,68.68,80.18,63.98
22.16,22.16,68.74,77.99,62.12
25.81,25.81,68.38,79.75,62.11
28.75,28.75,68.03,78.31,61.11
25.66,25.66,68.24,80.37,61.22
27.18,27.18,67.85,78.02,60.35
28.23,28.23,67.66,80.01,60.68
28.41,28.41,67.08,79.41,57.52
29.40,29.40,66.23,80.83,56.02
27.71,27.71,66.98,78.67,58.93
33.37,33.37,67.92,79.17,57.03
27.77,27.77,67.73,79.95,58.26
23.66,23.66,67.75,79.08,56.97
26.58,26.58,68.55,80.12,59.25
27.00,27.00,66.36,77.67,59.18
24.56,24.56,66.30,80.35,56.47
27.61,27.61,65.28,78.68,57.82
29.96,29.96,66.67,80.41,57.72
24.69,24.69,65.26,78.27,58.26
26.60,26.60,65.22,80.13,58.40
28.41,28.41,63.83,79.37,58.40
31.57,31.57,64.04,80.10,57.46
27.24,27.24,65.48,79.54,57.94
23.56,23.56,64.50,78.75,58.71
22.15,22.15,66.01,80.36,56.49
30.18,30.18,64.25,78.72,59.41
41.98,41.98,63.75,80.16,58.69
50.12,50.12,63.25,78.17,57.37
62.84,62.84,63.46,80.13,56.60
63.11,63.11,62.28,78.73,57.10
66.00,66.00,64.04,80.33,56.07
65.56,65.56,63.61,78.67,55.59
64.49,64.49,62.31,79.54,55.45
64.56,64.56,61.36,79.40,55.39
65.33,65.33,60.77,78.60,55.87
67.96,67.96,59.43,79.57,55.68
67.80,67.80,60.24,77.79,56.04
67.59,67.59,58.01,79.85,58.42
67.95,67.95,56.79,77.94,58.25
64.25,64.25,52.59,79.67,58.49
66.37,66.37,50.22,77.42,55.98
69.45,69.45,46.99,79.16,53.57
69.52,69.52,44.40,78.11,56.50
70.03,70.03,42.85,78.91,56.66
70.71,70.71,44.64,78.80,57.25
70.10,70.10,43.00,77.36,57.37
70.92,70.92,43.55,78.92,56.54
69.50,69.50,42.57,77.12,54.20
69.46,69.46,41.55,78.84,55.94
69.72,69.72,42.12,76.25,55.87
69.60,69.60,41.93,78.36,56.20
69.72,69.72,48.71,76.71,52.35
68.14,68.14,58.14,78.24,46.54
67.99,67.99,68.04,76.07,42.81
60.37,60.37,81.80,72.16,46.79
61.23,61.23,78.07,67.16,46.63
62.35,62.35,74.28,55.95,45.95
67.43,67.43,75.22,58.21,41.92
69.34,69.34,67.84,43.65,37.31
67.84,67.84,60.99,35.53,33.43
70.20,70.20,63.03,41.95,33.84
71.19,71.19,60.24,38.26,33.47
70.18,70.18,59.65,36.88,38.97
70.63,70.63,53.14,39.12,37.24
68.08,68.08,55.44,34.20,36.64
65.81,65.81,51.48,36.82,36.31
69.07,69.07,50.97,32.52,39.54
65.39,65.39,51.86,35.41,40.39
60.96,60.96,47.10,32.78,36.79
62.19,62.19,44.30,31.57,37.53
59.04,59.04,49.63,34.61,38.51
58.35,58.35,45.61,31.67,38.21
59.46,59.46,47.11,37.44,40.00
58.96,58.96,47.00,36.66,44.07
58.06,58.06,45.00,37.92,43.12
57.91,57.91,46.94,37.94,42.32
59.16,59.16,46.63,35.11,39.27
57.79,57.79,45.00,33.71,37.43
63.33,63.33,52.83,33.77,37.99
66.43,66.43,51.34,34.55,41.29
66.37,66.37,49.18,40.48,40.59
72.62,72.62,49.53,39.16,39.70
74.45,74.45,48.71,28.22,39.41
75.48,75.48,46.48,27.23,39.63
74.24,74.24,45.47,28.76,37.96
69.66,69.66,47.20,35.80,36.80
65.47,65.47,47.46,36.74,37.62
63.35,63.35,43.41,30.56,36.92
59.85,59.85,40.10,31.20,39.66
61.13,61.13,42.17,31.48,39.44
62.90,62.90,42.32,32.41,38.51
55.06,55.06,43.32,28.53,35.70
53.76,53.76,44.12,30.07,35.18
52.38,52.38,44.44,32.46,36.05
48.84,48.84,41.95,31.01,38.63
47.53,47.53,42.19,27.30,39.17
47.84,47.84,45.86,35.51,41.42
49.37,49.37,52.91,44.60,40.88
52.28,52.28,62.90,58.94,37.86
69.96,69.96,66.24,62.10,38.76
70.94,70.94,65.83,65.65,36.55
71.98,71.98,50.87,54.44,39.25
70.93,70.93,41.33,49.59,40.33
71.32,71.32,35.87,34.35,43.71
70.75,70.75,39.53,31.98,45.46
72.09,72.09,36.83,29.68,45.17
74.39,74.39,42.12,29.37,48.78
74.63,74.63,39.39,29.38,48.84
73.77,73.77,40.14,31.00,43.89
73.36,73.36,41.70,30.95,41.48
71.72,71.72,41.95,29.96,39.19
70.50,70.50,42.61,33.25,35.53
71.80,71.80,39.96,29.51,39.46
71.77,71.77,39.09,31.34,32.65
73.18,73.18,40.74,22.37,30.98
72.28,72.28,38.21,30.55,30.51
70.13,70.13,37.60,34.22,29.73
71.38,71.38,37.56,34.60,29.37
72.71,72.71,38.32,32.24,30.05
71.59,71.59,35.94,28.69,30.06
72.07,72.07,38.46,25.85,31.15
72.20,72.20,44.79,25.37,35.90
73.60,73.60,53.56,37.58,45.13
67.74,67.74,79.90,56.56,58.87
65.18,65.18,84.54,64.97,58.59
69.05,69.05,76.14,67.53,62.33
70.84,70.84,78.12,71.38,62.82
71.26,71.26,73.38,74.60,62.39
68.74,68.74,65.69,73.76,64.69
67.27,67.27,61.70,72.92,63.33
68.03,68.03,59.99,75.14,63.85
68.06,68.06,58.53,75.31,63.03
68.68,68.68,55.47,74.47,63.13
70.57,70.57,53.79,74.85,64.00
70.25,70.25,46.77,75.49,64.02
72.19,72.19,40.02,75.02,65.29
71.65,71.65,40.05,73.69,65.53
69.75,69.75,36.55,74.55,65.74
69.63,69.63,36.87,75.22,65.05
69.65,69.65,35.06,74.71,65.06
70.62,70.62,33.21,73.97,62.80
67.84,67.84,33.18,75.15,63.63
67.83,67.83,46.43,74.81,63.47
68.14,68.14,57.81,74.92,61.94
68.53,68.53,63.52,73.16,51.54
64.87,64.87,80.93,71.47,48.59
67.35,67.35,78.06,68.00,47.21
66.43,66.43,79.15,53.88,45.34
66.31,66.31,77.19,47.29,45.94
68.02,68.02,75.08,39.89,44.01
65.22,65.22,72.69,33.59,39.93
65.82,65.82,68.71,35.25,43.67
68.40,68.40,66.26,39.27,44.99
71.21,71.21,61.60,31.58,43.05
71.16,71.16,62.03,33.07,41.16
70.46,70.46,57.89,35.97,38.05
70.70,70.70,58.13,38.29,40.42
70.79,70.79,58.84,33.57,43.21
71.49,71.49,60.91,33.57,43.09
71.02,71.02,55.53,30.08,40.34
71.81,71.81,53.38,34.56,42.14
71.34,71.34,49.50,37.31,47.56
71.21,71.21,43.62,29.16,48.36
71.00,71.00,46.94,26.57,45.05
69.79,69.79,48.49,32.43,51.00
68.84,68.84,46.75,30.75,48.30
67.32,67.32,46.93,32.80,46.53
68.98,68.98,51.70,33.99,45.59
70.22,70.22,57.83,39.26,52.74
59.96,59.96,82.32,59.14,60.97
62.76,62.76,82.41,66.94,59.67
65.50,65.50,78.27,68.34,62.24
67.79,67.79,75.13,71.08,62.74
67.93,67.93,72.44,71.18,61.57
68.28,68.28,62.30,71.92,61.26
67.19,67.19,63.97,73.76,64.50
68.56,68.56,57.21,73.33,64.19
68.98,68.98,51.81,73.03,62.12
68.34,68.34,48.78,73.29,63.29
67.88,67.88,46.35,74.95,62.84
69.13,69.13,48.57,73.92,62.79
69.25,69.25,47.56,74.09,64.27
69.17,69.17,46.15,74.01,63.10
70.79,70.79,40.39,74.13,64.24
71.38,71.38,36.41,74.16,63.56
70.46,70.46,36.59,73.74,63.27
70.37,70.37,36.36,74.04,63.47
70.51,70.51,37.36,73.47,64.25
68.98,68.98,36.56,73.52,64.34
67.35,67.35,39.97,73.17,62.89
67.07,67.07,44.79,74.30,62.67
66.40,66.40,52.12,74.17,59.67
71.09,71.09,64.92,74.18,63.49
72.21,72.21,69.00,73.53,64.45
72.60,72.60,68.08,73.20,61.93
70.90,70.90,65.56,73.82,63.24
73.27,73.27,62.03,73.72,62.68
71.93,71.93,57.98,73.34,62.75
71.41,71.41,54.62,73.29,61.62
72.01,72.01,50.71,73.01,63.24
72.25,72.25,46.37,73.12,63.88
71.57,71.57,42.18,73.45,61.82
71.85,71.85,42.16,73.11,61.20
72.24,72.24,40.84,73.22,62.44
71.85,71.85,40.90,73.10,61.71
71.69,71.69,39.70,73.54,62.88
71.52,71.52,36.20,73.74,62.37
70.39,70.39,35.73,73.29,63.10
70.28,70.28,36.99,73.06,62.64
71.25,71.25,37.06,72.50,63.58
68.60,68.60,36.11,72.91,64.36
67.93,67.93,36.61,72.94,63.51
68.65,68.65,46.15,72.95,64.01
69.95,69.95,57.34,71.86,62.09
70.84,70.84,67.31,69.23,61.47
66.17,66.17,80.88,68.74,58.75
63.13,63.13,81.84,68.84,59.57
65.69,65.69,72.45,67.53,61.45
66.54,66.54,78.03,65.66,62.39
67.26,67.26,75.92,63.27,64.57
67.88,67.88,72.21,65.16,62.69
67.25,67.25,76.92,69.95,62.85
65.47,65.47,72.65,70.72,63.76
65.59,65.59,66.41,69.28,63.13
65.23,65.23,61.04,70.97,63.23
68.46,68.46,54.94,73.05,60.72
68.89,68.89,53.69,71.80,62.82
69.30,69.30,53.04,71.27,63.09
70.84,70.84,51.05,72.02,64.29
72.26,72.26,49.51,71.54,63.41
71.48,71.48,47.88,71.92,63.34
70.30,70.30,46.54,71.06,64.01
69.00,69.00,46.21,70.85,62.13
69.75,69.75,46.24,70.76,64.32
69.00,69.00,48.90,70.72,64.33
69.79,69.79,52.67,71.02,63.85
70.73,70.73,57.95,71.18,61.72
66.90,66.90,68.98,67.94,62.12
57.49,57.49,80.05,61.61,59.59
55.65,55.65,79.65,64.33,57.95
61.45,61.45,77.52,63.42,59.25
61.85,61.85,76.85,65.52,59.26
57.05,57.05,71.93,66.06,60.83
55.05,55.05,70.51,66.26,60.92
53.47,53.47,67.89,67.43,62.92
53.66,53.66,64.54,68.86,64.56
50.63,50.63,58.84,68.59,65.35
50.39,50.39,57.51,69.13,64.97
52.34,52.34,54.13,68.88,64.87
52.64,52.64,52.37,69.14,64.58
51.00,51.00,51.00,70.63,64.90
51.40,51.40,49.12,69.77,65.83
51.02,51.02,44.29,69.47,65.73
48.19,48.19,43.43,70.33,63.83
47.26,47.26,41.36,69.32,64.85
48.62,48.62,41.20,69.48,64.12
48.25,48.25,38.41,68.96,65.12
55.01,55.01,40.36,69.56,65.29
58.38,58.38,42.33,69.66,65.50
60.42,60.42,44.47,69.46,64.18
61.13,61.13,51.07,69.79,63.38
63.38,63.38,61.87,69.39,67.20
63.96,63.96,69.21,68.16,65.26
64.76,64.76,68.63,67.80,65.83
61.95,61.95,66.98,68.80,65.05
63.32,63.32,64.13,68.18,65.60
60.12,60.12,59.37,67.96,65.19
59.44,59.44,56.24,67.78,64.48
58.03,58.03,53.14,68.56,64.20
56.56,56.56,49.17,68.03,66.23
51.34,51.34,46.22,68.03,65.36
45.99,45.99,43.75,68.33,65.66
42.27,42.27,47.64,67.87,63.92
40.84,40.84,58.04,64.33,64.47
40.71,40.71,69.10,49.99,65.08
37.11,37.11,84.79,49.98,61.94
37.99,37.99,82.12,45.61,63.58
33.30,33.30,76.71,44.71,63.08
29.13,29.13,69.50,48.78,63.84
28.84,28.84,65.28,49.55,64.42
32.45,32.45,64.26,49.68,64.91
38.30,38.30,59.19,52.63,66.00
43.89,43.89,54.72,51.92,62.86
43.84,43.84,59.24,39.35,62.11
49.69,49.69,65.71,45.28,63.02
61.65,61.65,77.16,41.76,64.32
55.23,55.23,83.75,38.32,59.97
67.22,67.22,81.54,36.75,64.09
71.00,71.00,78.79,40.10,65.57
71.26,71.26,76.08,42.42,63.83
68.00,68.00,71.37,46.66,64.98
67.88,67.88,67.82,51.88,66.69
69.81,69.81,59.09,53.96,67.69
68.49,68.49,56.74,54.19,67.78
66.48,66.48,52.54,53.34,67.46
66.97,66.97,50.21,53.43,68.81
67.51,67.51,53.31,53.73,65.46
68.62,68.62,53.35,52.54,67.77
65.21,65.21,50.94,52.78,68.79
63.30,63.30,48.86,50.55,66.98
55.92,55.92,43.55,49.73,67.93
52.71,52.71,39.87,48.62,68.30
51.79,51.79,40.72,48.69,65.94
51.27,51.27,38.49,47.96,66.31
49.40,49.40,38.89,50.06,70.99
50.56,50.56,47.52,47.68,63.93
46.96,46.96,53.24,41.92,64.88
44.88,44.88,57.74,28.96,63.09
52.31,52.31,79.37,26.66,66.35
52.17,52.17,85.31,23.82,61.39
58.93,58.93,78.43,27.00,63.65
66.07,66.07,79.99,32.02,64.40
71.19,71.19,74.62,37.92,64.71
71.13,71.13,69.81,43.35,65.27
69.57,69.57,67.94,43.47,64.80
67.61,67.61,61.02,41.32,67.42
72.82,72.82,56.93,46.27,66.75
73.07,73.07,57.66,41.88,68.44
66.72,66.72,58.23,42.97,66.52
60.76,60.76,56.71,44.16,67.42
65.38,65.38,51.85,43.62,67.33
64.86,64.86,47.96,35.46,65.63
64.85,64.85,44.83,39.37,67.35
66.60,66.60,45.28,42.67,64.38
70.14,70.14,46.09,40.26,65.11
71.83,71.83,42.15,41.77,65.54
68.96,68.96,41.01,40.94,65.10
60.71,60.71,41.80,38.90,66.25
51.38,51.38,51.59,37.95,65.71
51.60,51.60,59.83,31.38,61.08
56.76,56.76,71.30,28.10,59.41
51.33,51.33,81.38,32.16,58.42
58.09,58.09,77.80,27.83,56.74
54.90,54.90,76.82,25.21,57.16
58.98,58.98,74.25,32.77,60.36
59.72,59.72,73.40,34.23,60.51
68.78,68.78,70.49,32.73,60.03
71.95,71.95,71.57,31.23,65.65
70.87,70.87,65.96,29.53,66.26
71.87,71.87,60.62,32.81,66.60
71.63,71.63,54.54,29.93,67.92
72.15,72.15,51.87,25.70,66.58
72.46,72.46,51.28,20.86,66.01
71.93,71.93,59.83,12.22,65.68
70.81,70.81,78.19,27.58,66.16
68.31,68.31,72.96,22.15,67.08
67.74,67.74,67.09,26.38,66.86
67.43,67.43,59.05,35.10,66.60
68.33,68.33,56.45,29.29,66.84
69.98,69.98,47.88,30.68,64.76
69.96,69.96,54.10,33.08,66.53
64.51,64.51,54.60,36.09,66.61
70.08,70.08,58.89,29.52,63.85
70.31,70.31,68.74,33.86,64.06
64.39,64.39,83.75,37.77,63.79
63.17,63.17,83.38,34.61,63.65
67.26,67.26,80.19,39.43,67.77
68.31,68.31,79.82,49.71,66.67
67.43,67.43,75.92,56.76,64.10
65.99,65.99,71.69,58.28,67.76
67.48,67.48,66.58,60.60,66.76
69.00,69.00,60.77,60.88,69.60
68.49,68.49,51.83,61.91,68.90
67.86,67.86,51.13,58.88,67.93
68.32,68.32,59.88,55.48,67.03
70.33,70.33,49.41,55.79,66.29
70.04,70.04,37.35,52.50,66.74
69.25,69.25,41.85,51.61,66.66
70.15,70.15,46.03,52.52,67.22
70.45,70.45,43.70,49.79,67.20
70.55,70.55,38.80,51.11,65.81
69.69,69.69,37.50,50.32,65.85
66.24,66.24,42.79,49.77,66.55
59.06,59.06,39.60,49.00,68.58
57.32,57.32,39.53,47.52,68.80
58.39,58.39,40.33,48.48,67.54
60.63,60.63,45.33,49.40,68.09
68.82,68.82,59.82,48.93,70.45
70.06,70.06,64.39,52.69,68.62
69.40,69.40,62.02,50.77,70.48
69.47,69.47,59.50,46.74,69.86
67.46,67.46,54.21,45.75,66.31
62.51,62.51,51.35,46.55,65.05
68.34,68.34,49.14,47.92,66.11
73.97,73.97,48.47,48.37,67.34
74.85,74.85,44.63,46.82,69.10
74.58,74.58,48.09,43.85,66.57
73.13,73.13,48.25,41.34,63.91
70.77,70.77,54.24,37.93,65.24
70.62,70.62,63.20,39.41,66.31
73.11,73.11,78.18,42.34,68.96
72.02,72.02,74.51,43.23,69.92
70.74,70.74,68.31,40.21,68.35
68.97,68.97,61.77,39.90,64.53
70.28,70.28,50.81,46.47,65.28
70.81,70.81,44.37,49.22,67.37
69.45,69.45,42.96,49.49,67.75
70.01,70.01,57.44,60.14,67.42
70.87,70.87,55.96,52.01,65.55
69.21,69.21,64.74,51.15,60.83
65.28,65.28,76.86,52.07,63.88
62.34,62.34,83.86,58.99,64.26
64.93,64.93,80.14,62.10,64.68
67.60,67.60,75.45,64.77,69.20
71.58,71.58,74.63,64.36,67.77
71.47,71.47,75.10,64.07,67.43
70.82,70.82,75.31,67.63,64.99
72.04,72.04,77.36,68.60,68.70
72.93,72.93,69.53,69.49,68.26
71.49,71.49,63.94,69.27,67.48
73.99,73.99,57.95,69.14,66.46
75.65,75.65,57.25,69.80,66.07
73.93,73.93,52.69,69.28,66.12
71.09,71.09,51.92,69.76,68.17
72.17,72.17,51.03,69.83,69.03
73.31,73.31,48.98,68.58,67.83
70.76,70.76,47.60,69.27,68.94
67.63,67.63,47.56,69.54,66.24
69.69,69.69,46.38,68.06,65.53
72.93,72.93,48.05,68.51,67.90
71.04,71.04,49.55,68.54,67.35
65.61,65.61,57.34,68.32,67.60
55.54,55.54,64.63,66.58,62.30
60.29,60.29,75.86,62.47,61.27
51.17,51.17,79.61,59.93,58.74
50.18,50.18,79.95,61.88,58.55
52.45,52.45,77.21,61.79,60.58
57.74,57.74,75.35,61.98,63.02
59.07,59.07,72.38,61.80,62.24
60.11,60.11,67.81,63.81,63.27
62.98,62.98,63.71,66.41,62.84
64.48,64.48,60.24,65.68,64.98
63.02,63.02,54.48,64.86,65.29
71.44,71.44,56.17,65.62,63.68
70.16,70.16,48.51,64.76,61.08
70.80,70.80,49.07,65.94,62.58
70.09,70.09,51.33,65.65,64.93
68.19,68.19,49.51,64.38,65.49
69.70,69.70,49.12,65.22,66.26
70.40,70.40,44.19,64.92,63.25
69.76,69.76,46.23,63.59,60.68
71.74,71.74,44.87,64.76,62.89
70.55,70.55,40.89,64.19,64.30
70.17,70.17,39.22,63.97,66.49
70.53,70.53,39.91,64.33,65.53
71.77,71.77,46.86,63.22,62.97
68.61,68.61,53.77,63.26,61.14
69.80,69.80,67.43,62.96,63.81
69.62,69.62,68.72,60.96,65.80
69.51,69.51,66.33,62.63,66.35
67.85,67.85,65.71,62.50,65.96
70.18,70.18,61.64,61.40,63.79
70.11,70.11,57.76,62.14,60.15
71.81,71.81,53.91,62.27,63.81
71.07,71.07,49.09,60.66,65.33
70.59,70.59,46.16,61.37,64.88
69.61,69.61,45.61,60.02,64.91
68.24,68.24,46.17,60.61,61.44
68.19,68.19,44.61,60.79,63.28
69.31,69.31,43.59,59.78,64.16
70.07,70.07,43.59,60.14,66.39
69.62,69.62,44.41,60.16,64.16
70.14,70.14,43.23,58.34,65.70
71.61,71.61,43.07,59.50,63.31
72.65,72.65,42.66,58.12,64.02
72.50,72.50,41.55,58.09,64.00
71.83,71.83,41.04,53.78,64.10
72.11,72.11,54.56,50.19,62.43
70.38,70.38,60.46,60.65,59.60
65.04,65.04,77.01,59.63,64.14
58.96,58.96,81.36,65.21,61.11
65.13,65.13,80.50,67.21,61.12
63.25,63.25,79.16,73.31,61.72
65.91,65.91,74.18,75.75,64.16
68.46,68.46,67.74,77.71,65.33
68.99,68.99,62.60,78.32,65.17
68.56,68.56,60.43,78.08,69.38
69.08,69.08,56.83,78.70,69.45
67.87,67.87,55.59,77.20,70.78
66.69,66.69,43.72,75.65,70.44
67.80,67.80,44.80,76.50,66.11
69.01,69.01,42.91,77.47,66.08
70.13,70.13,43.70,77.37,67.32
70.64,70.64,38.15,77.35,68.42
69.24,69.24,36.50,75.86,67.00
68.91,68.91,37.51,76.70,70.26
67.89,67.89,36.31,76.77,68.28
68.98,68.98,36.86,76.64,67.11
69.81,69.81,35.05,76.71,67.50
67.38,67.38,41.67,76.78,67.46
68.64,68.64,54.04,75.36,69.29
68.03,68.03,63.83,76.38,66.81
63.64,63.64,75.69,75.17,63.61
61.21,61.21,80.07,69.62,60.17
66.43,66.43,78.94,67.59,66.76
69.10,69.10,67.84,67.23,68.02
68.49,68.49,74.44,77.27,69.17
67.76,67.76,60.38,77.95,69.18
69.18,69.18,59.70,77.20,69.17
69.94,69.94,55.16,79.13,67.74
69.96,69.96,53.24,79.68,70.14
68.54,68.54,49.84,79.00,70.99
70.18,70.18,48.62,79.27,71.40
68.90,68.90,47.31,78.71,69.26
68.42,68.42,38.21,79.01,68.69
69.21,69.21,40.78,79.77,71.79
68.98,68.98,32.13,80.01,67.97
68.90,68.90,34.71,79.29,69.05
71.59,71.59,33.91,78.64,68.11
71.28,71.28,31.22,78.36,67.13
70.92,70.92,31.89,78.01,68.97
68.49,68.49,43.87,77.35,69.04
68.40,68.40,53.67,77.14,66.99
68.16,68.16,63.22,76.35,65.50
69.22,69.22,74.69,73.62,65.99
63.74,63.74,77.56,66.55,63.51
62.37,62.37,79.20,71.66,62.61
63.12,63.12,76.89,73.83,62.75
60.88,60.88,75.18,73.83,63.48
59.54,59.54,71.03,76.88,66.31
61.31,61.31,67.92,77.37,67.76
62.65,62.65,62.80,77.74,69.01
66.61,66.61,60.16,77.92,69.94
69.00,69.00,54.77,78.48,69.13
68.71,68.71,51.95,77.73,69.39
67.88,67.88,48.71,76.58,71.87
67.59,67.59,46.35,75.77,72.49
67.39,67.39,42.45,76.56,72.44
67.87,67.87,40.35,76.84,74.14
67.77,67.77,37.55,76.38,72.85
68.63,68.63,37.62,76.15,72.10
68.30,68.30,38.33,75.47,71.57
67.33,67.33,39.64,77.60,72.98
65.09,65.09,39.20,77.73,72.73
66.80,66.80,38.27,78.37,73.10
67.57,67.57,43.30,79.95,72.07
67.51,67.51,53.98,76.65,73.06
67.98,67.98,65.68,72.26,71.53
65.92,65.92,76.11,74.39,68.42
64.17,64.17,80.67,70.77,65.05
67.80,67.80,77.57,68.42,70.12
68.99,68.99,79.34,71.66,69.69
70.99,70.99,70.78,73.23,71.37
70.87,70.87,66.19,72.75,71.99
69.35,69.35,66.27,75.45,71.20
68.19,68.19,54.16,77.30,70.87
67.57,67.57,48.96,75.41,70.69
68.37,68.37,49.84,75.01,71.01
68.84,68.84,43.45,77.68,72.93
68.82,68.82,43.51,77.96,70.01
69.26,69.26,41.22,75.22,69.55
69.44,69.44,42.12,76.39,71.09
67.13,67.13,42.93,78.40,69.19
66.06,66.06,40.32,75.68,71.49
64.82,64.82,40.47,75.46,68.75
64.32,64.32,39.82,76.75,68.62
66.79,66.79,37.44,77.82,69.90
68.36,68.36,36.73,75.35,67.42
70.13,70.13,36.25,76.07,67.05
71.59,71.59,38.22,76.67,66.62
71.33,71.33,46.56,76.71,67.71
70.48,70.48,58.62,75.86,67.00
70.19,70.19,68.65,75.15,66.64
68.78,68.78,66.64,74.44,66.23
67.10,67.10,64.29,75.11,65.99
67.36,67.36,63.20,75.67,68.00
66.10,66.10,58.45,75.45,68.34
69.77,69.77,53.64,75.27,68.11
71.06,71.06,50.75,75.40,66.57
70.33,70.33,45.95,76.03,69.05
69.62,69.62,42.45,75.30,69.51
67.65,67.65,38.83,74.85,68.29
68.56,68.56,37.05,75.54,68.36
68.44,68.44,37.68,75.62,71.51
68.04,68.04,34.65,74.46,70.55
68.96,68.96,32.24,74.19,71.83
71.20,71.20,34.38,75.10,71.56
71.23,71.23,32.55,74.84,74.20
72.28,72.28,30.61,73.94,72.38
71.88,71.88,29.54,73.88,75.48
71.39,71.39,32.05,74.61,71.14
70.58,70.58,40.73,74.27,75.02
68.87,68.87,57.43,73.28,72.12
66.58,66.58,67.55,68.63,69.51
62.30,62.30,80.27,59.70,66.10
57.63,57.63,80.63,62.64,65.79
61.65,61.65,74.08,56.58,70.32
64.88,64.88,76.58,56.97,71.95
67.11,67.11,75.43,69.46,70.05
66.28,66.28,74.80,72.82,72.13
64.05,64.05,75.48,72.04,70.55
61.43,61.43,71.93,71.01,70.99
62.90,62.90,66.82,71.40,72.11
66.12,66.12,61.81,72.85,73.41
67.56,67.56,56.10,73.16,74.23
68.77,68.77,52.71,72.28,70.80
67.38,67.38,49.92,71.98,70.65
65.03,65.03,49.92,71.96,69.41
62.95,62.95,48.95,71.39,67.85
66.07,66.07,47.29,72.23,67.03
64.26,64.26,44.40,72.98,69.09
65.10,65.10,42.41,73.17,69.63
66.55,66.55,42.93,72.96,70.70
68.64,68.64,45.38,72.33,68.32
69.41,69.41,47.80,72.98,71.22
69.87,69.87,57.25,72.27,70.96
70.49,70.49,62.40,70.67,69.73
66.09,66.09,77.50,64.92,66.29
57.19,57.19,77.85,62.82,63.26
57.63,57.63,77.12,65.73,64.79
59.81,59.81,75.43,66.68,63.97
62.27,62.27,74.08,66.70,66.90
62.83,62.83,72.09,68.88,69.39
62.52,62.52,66.25,70.38,68.49
67.64,67.64,63.88,68.56,69.20
66.05,66.05,57.86,68.18,67.86
66.28,66.28,58.81,69.32,68.69
66.36,66.36,53.27,70.55,68.44
66.56,66.56,52.36,69.20,67.98
68.43,68.43,55.68,69.28,69.59
67.42,67.42,49.64,69.33,68.51
67.15,67.15,44.32,70.22,67.86
66.04,66.04,39.76,68.58,67.69
65.70,65.70,42.65,67.32,69.02
66.36,66.36,38.08,67.51,68.62
66.18,66.18,38.23,68.82,70.11
67.46,67.46,32.72,67.73,70.94
68.05,68.05,32.73,67.32,69.42
65.74,65.74,41.70,67.24,71.47
65.20,65.20,48.31,67.86,70.28
66.02,66.02,55.85,64.47,71.00
62.04,62.04,70.71,63.91,70.03
63.68,63.68,70.28,63.93,71.79
60.71,60.71,67.34,60.62,70.60
51.92,51.92,64.18,59.19,69.27
48.71,48.71,59.74,58.41,69.38
48.41,48.41,58.37,59.53,68.10
50.49,50.49,55.13,58.59,68.90
54.85,54.85,52.37,58.65,68.52
52.12,52.12,49.39,55.61,69.67
52.66,52.66,46.84,58.59,70.63
57.17,57.17,48.00,55.25,72.42
51.88,51.88,52.37,53.42,71.25
50.55,50.55,62.72,46.84,71.44
44.02,44.02,82.75,45.90,65.49
45.75,45.75,80.78,45.26,68.26
47.34,47.34,80.08,39.29,66.24
46.53,46.53,73.80,45.53,68.00
48.90,48.90,69.21,50.85,67.06
47.93,47.93,60.22,55.89,68.22
51.55,51.55,57.24,58.55,69.86
50.39,50.39,54.63,54.86,70.12
44.93,44.93,57.13,50.26,70.51
36.03,36.03,63.87,72.17,68.75
37.35,37.35,72.77,78.91,66.31
31.21,31.21,79.89,73.56,60.59
34.83,34.83,82.03,77.00,60.40
35.13,35.13,76.14,76.42,65.23
30.75,30.75,71.09,77.14,68.77
31.24,31.24,62.78,76.90,67.23
35.28,35.28,58.52,79.16,69.99
35.34,35.34,49.75,79.85,70.48
39.51,39.51,54.47,79.07,71.24
38.16,38.16,47.59,79.11,72.26
35.73,35.73,45.65,77.79,72.23
33.33,33.33,43.53,78.78,73.09
34.41,34.41,40.42,79.08,66.78
30.62,30.62,39.11,78.85,69.64
33.11,33.11,38.78,78.55,70.70
35.07,35.07,36.91,78.31,71.40
30.79,30.79,34.99,77.35,73.55
30.50,30.50,34.31,78.32,71.23
32.42,32.42,34.91,78.59,71.82
32.35,32.35,34.42,78.45,73.39
32.07,32.07,41.75,78.24,74.98
28.16,28.16,51.47,78.15,72.93
25.26,25.26,61.86,77.42,74.11
23.50,23.50,72.65,68.93,72.99
17.90,17.90,83.02,62.40,67.14
19.83,19.83,80.86,66.19,70.62
21.82,21.82,73.15,64.61,73.36
21.87,21.87,68.47,69.44,74.46
21.95,21.95,64.93,73.97,73.22
22.26,22.26,62.20,76.17,73.14
21.95,21.95,61.18,75.07,73.65
21.64,21.64,56.77,75.57,75.14
19.43,19.43,54.56,74.98,73.47
22.19,22.19,54.03,75.12,72.81
22.94,22.94,51.09,75.98,72.53
23.35,23.35,50.17,76.78,72.50
23.80,23.80,46.52,76.67,72.69
21.82,21.82,42.57,77.49,72.58
19.06,19.06,38.35,77.31,72.36
17.87,17.87,37.01,76.91,70.69
17.21,17.21,36.90,74.82,71.49
16.24,16.24,36.72,73.11,72.44
16.26,16.26,37.53,72.60,75.29
16.00,16.00,45.56,73.79,76.60
12.04,12.04,58.14,74.84,75.29
6.60,6.60,66.03,74.53,71.24
5.96,5.96,79.62,65.07,69.74
8.96,8.96,78.67,64.35,66.02
21.94,21.94,78.09,71.35,65.36
14.04,14.04,76.38,72.70,63.57
14.27,14.27,73.08,75.22,64.58
16.33,16.33,70.44,76.20,67.07
12.43,12.43,66.74,76.23,66.62
12.15,12.15,61.79,76.28,68.29
13.62,13.62,57.23,75.85,69.70
17.33,17.33,55.31,75.20,71.17
16.71,16.71,49.96,73.82,74.40
16.94,16.94,54.59,69.89,73.69
19.51,19.51,60.32,71.90,72.54
19.19,19.19,72.79,73.19,71.43
20.84,20.84,69.53,71.22,71.38
22.24,22.24,55.64,67.58,73.01
23.04,23.04,52.60,70.61,72.91
23.96,23.96,50.23,72.15,72.96
24.80,24.80,48.16,71.24,73.38
26.79,26.79,40.36,71.63,74.18
25.89,25.89,48.66,71.19,73.25
22.14,22.14,54.65,73.68,72.39
20.12,20.12,67.86,72.54,71.68
12.70,12.70,81.56,68.57,63.58
11.53,11.53,81.46,67.10,64.74
10.52,10.52,78.22,64.03,68.17
13.73,13.73,75.06,67.18,70.34
16.01,16.01,67.19,68.51,71.86
14.61,14.61,62.20,68.84,71.79
17.49,17.49,64.87,71.61,71.86
19.89,19.89,59.42,77.93,72.80
20.88,20.88,56.52,76.98,72.28
28.25,28.25,54.38,77.88,70.97
21.87,21.87,54.23,79.25,69.49
19.03,19.03,50.87,77.95,68.15
20.10,20.10,47.23,79.85,68.30
25.80,25.80,45.58,77.21,68.45
24.64,24.64,43.17,78.52,69.72
22.89,22.89,40.34,76.76,70.46
25.23,25.23,37.32,78.67,69.86
27.41,27.41,36.67,78.69,69.55
27.20,27.20,34.41,78.93,66.76
25.78,25.78,34.51,80.13,68.36
25.96,25.96,33.20,77.92,68.87
24.44,24.44,38.25,79.22,71.60
15.79,15.79,45.26,77.15,73.31
18.14,18.14,60.99,79.02,75.60
21.11,21.11,68.51,76.64,75.48
25.87,25.87,67.47,77.29,74.95
24.19,24.19,63.11,77.14,74.87
24.18,24.18,60.59,76.51,74.63
21.09,21.09,55.11,77.51,72.72
17.57,17.57,49.68,75.86,71.50
22.40,22.40,45.22,78.01,72.50
31.26,31.26,41.27,76.09,73.31
38.62,38.62,37.92,77.72,72.78
46.38,46.38,42.37,76.44,73.62
58.15,58.15,52.12,77.64,72.15
59.84,59.84,63.36,74.82,74.58
60.99,60.99,71.37,68.99,72.22
62.27,62.27,62.89,64.81,72.30
69.45,69.45,68.06,72.09,73.84
70.25,70.25,59.71,77.96,72.93
65.50,65.50,50.90,75.43,72.61
65.22,65.22,46.50,76.89,71.17
64.85,64.85,40.72,75.50,72.89
67.51,67.51,38.53,76.69,71.32
67.88,67.88,49.14,75.87,72.38
62.79,62.79,59.27,75.75,69.67
63.24,63.24,68.96,75.35,68.50
58.43,58.43,79.87,73.49,65.23
59.76,59.76,80.89,75.29,65.14
65.18,65.18,72.30,72.91,68.56
67.77,67.77,71.23,75.03,69.03
64.21,64.21,71.08,74.19,68.94
65.46,65.46,66.35,77.26,69.70
66.39,66.39,71.26,76.48,68.98
69.19,69.19,66.48,77.20,69.73
67.14,67.14,60.60,76.23,69.49
66.44,66.44,56.82,73.42,70.79
64.77,64.77,55.91,76.44,72.38
57.74,57.74,55.26,74.32,71.58
51.93,51.93,55.14,76.69,72.70
53.20,53.20,55.84,74.55,72.19
57.37,57.37,56.16,76.20,70.42
57.92,57.92,55.88,75.08,71.47
54.53,54.53,53.74,75.08,68.91
55.03,55.03,56.43,76.06,69.65
56.05,56.05,56.17,74.31,69.83
57.89,57.89,55.42,75.56,69.77
54.30,54.30,57.67,73.63,69.70
50.15,50.15,61.57,75.67,68.92
54.28,54.28,73.15,71.37,68.48
55.57,55.57,78.20,64.22,68.40
55.47,55.47,77.38,65.37,70.71
64.25,64.25,75.12,69.07,71.82
66.13,66.13,74.26,66.52,70.46
66.71,66.71,69.50,69.63,68.75
67.54,67.54,66.87,70.65,69.58
70.62,70.62,61.63,68.72,72.77
69.96,69.96,55.97,70.91,73.29
69.52,69.52,52.49,69.62,73.12
70.89,70.89,48.16,71.77,74.70
71.87,71.87,53.76,69.84,73.22
70.45,70.45,53.84,71.39,73.69
70.53,70.53,47.63,70.06,70.59
69.82,69.82,42.12,70.82,71.10
71.53,71.53,41.43,70.21,68.94
72.33,72.33,35.67,69.61,69.04
71.42,71.42,38.76,70.10,66.60
71.32,71.32,36.53,68.87,68.82
71.17,71.17,32.19,69.40,68.80
72.89,72.89,30.49,67.34,67.13
73.76,73.76,34.85,69.06,71.92
69.61,69.61,42.52,65.99,70.24
67.24,67.24,48.87,67.50,71.59
68.31,68.31,65.51,70.06,73.03
69.07,69.07,69.71,60.02,73.05
70.24,70.24,68.31,63.13,71.11
71.51,71.51,65.79,60.20,72.21
73.26,73.26,63.02,59.04,71.65
73.14,73.14,57.96,51.54,70.06
71.77,71.77,52.81,47.12,70.45
66.13,66.13,50.16,51.66,70.06
66.51,66.51,43.16,45.92,71.29
69.45,69.45,40.34,46.60,69.33
69.91,69.91,39.88,43.39,70.53
69.69,69.69,42.49,44.65,71.86
68.01,68.01,49.87,47.40,69.34
64.76,64.76,59.61,44.86,68.74
57.99,57.99,75.62,44.01,67.35
53.01,53.01,82.25,34.49,62.84
55.57,55.57,79.74,39.51,66.29
56.25,56.25,77.52,45.95,68.57
56.56,56.56,72.79,45.98,69.62
55.52,55.52,63.27,46.38,71.13
51.74,51.74,60.43,49.11,68.41
45.20,45.20,62.22,48.39,69.20
46.87,46.87,68.88,49.88,66.33
41.34,41.34,82.25,64.16,62.58
47.29,47.29,80.39,69.77,62.73
50.97,50.97,78.65,70.80,65.88
62.12,62.12,71.15,70.66,68.23
70.23,70.23,71.03,72.62,68.81
68.51,68.51,65.13,72.89,70.40
68.49,68.49,62.53,72.17,73.11
67.72,67.72,51.11,73.07,68.62
69.42,69.42,55.76,74.85,70.62
68.42,68.42,56.25,74.46,65.97
69.35,69.35,50.26,74.30,68.04
70.82,70.82,47.93,73.65,67.89
69.68,69.68,45.60,73.92,68.96
73.09,73.09,41.96,73.33,69.12
71.90,71.90,39.24,72.05,70.57
69.22,69.22,39.73,73.32,72.66
70.88,70.88,37.61,73.92,72.32
72.19,72.19,37.87,73.19,72.39
69.84,69.84,38.26,72.72,70.32
70.07,70.07,39.79,73.61,70.44
69.69,69.69,52.43,73.43,71.39
68.93,68.93,63.73,68.88,71.54
59.21,59.21,74.93,58.50,71.73
56.42,56.42,83.66,55.06,66.93
55.93,55.93,81.28,48.35,69.34
68.99,68.99,78.74,58.42,69.42
70.77,70.77,70.84,64.55,68.95
74.39,74.39,68.49,67.84,69.66
70.90,70.90,63.15,71.49,68.67
70.99,70.99,57.25,70.28,68.53
72.13,72.13,59.11,71.92,69.33
70.76,70.76,56.83,71.64,70.00
72.59,72.59,52.97,71.68,69.91
73.78,73.78,47.02,70.32,67.45
71.94,71.94,41.71,72.55,69.07
73.25,73.25,39.65,73.00,68.87
73.54,73.54,39.16,71.05,70.81
72.35,72.35,39.75,72.10,71.11
72.91,72.91,39.07,72.61,69.90
72.01,72.01,37.56,72.43,68.65
69.86,69.86,37.28,70.79,69.33
68.78,68.78,39.50,71.25,71.38
69.23,69.23,49.83,71.41,70.80
69.59,69.59,58.60,71.48,68.99
66.84,66.84,70.91,67.88,66.20
64.60,64.60,79.57,62.86,63.47
63.33,63.33,78.61,63.38,63.57
64.60,64.60,77.70,65.05,65.18
64.73,64.73,76.48,65.68,67.47
67.19,67.19,72.01,66.95,67.88
68.26,68.26,70.58,68.03,69.73
68.89,68.89,65.37,67.22,70.13
70.04,70.04,58.15,68.15,69.45
69.79,69.79,55.87,70.26,68.05
69.09,69.09,51.86,70.00,68.09
68.64,68.64,49.68,69.19,69.51
65.51,65.51,49.08,70.46,70.27
65.33,65.33,50.40,71.09,69.02
69.14,69.14,47.11,69.11,71.19
70.17,70.17,45.78,72.33,70.13
74.08,74.08,48.09,68.80,69.14
75.53,75.53,46.62,63.04,71.22
74.62,74.62,35.09,53.27,70.43
75.07,75.07,33.29,49.39,67.21
74.17,74.17,33.81,49.07,69.12
75.60,75.60,36.60,64.03,69.66
75.59,75.59,47.07,71.79,69.03
75.63,75.63,61.65,66.24,68.72
74.03,74.03,72.66,60.50,68.09
68.90,68.90,84.13,58.61,63.76
70.02,70.02,77.00,59.81,62.27
68.41,68.41,77.46,62.16,66.17
70.39,70.39,73.41,67.16,69.69
72.02,72.02,68.62,69.44,70.40
68.21,68.21,65.68,70.55,69.15
71.42,71.42,57.25,71.88,71.15
71.72,71.72,53.18,71.37,69.40
70.42,70.42,47.38,72.51,71.13
71.12,71.12,46.98,71.32,72.22
70.89,70.89,45.44,70.36,73.50
69.58,69.58,42.82,71.10,74.32
73.08,73.08,40.17,72.29,73.66
71.56,71.56,34.79,71.82,71.81
71.30,71.30,33.07,71.08,69.84
72.48,72.48,35.86,70.77,68.78
72.49,72.49,35.28,70.37,70.16
71.74,71.74,35.11,71.24,68.80
74.74,74.74,31.80,70.09,70.32
76.06,76.06,29.44,69.62,70.82
75.15,75.15,34.02,69.60,70.04
72.85,72.85,44.45,69.39,69.99
70.69,70.69,55.35,61.93,70.85
70.33,70.33,67.75,65.39,72.09
70.77,70.77,67.27,63.79,73.25
69.57,69.57,66.47,60.18,71.94
69.90,69.90,64.16,61.46,72.13
72.23,72.23,58.27,60.49,70.10
70.27,70.27,53.87,57.31,71.09
71.24,71.24,50.22,60.41,72.57
71.39,71.39,45.98,56.82,69.92
72.05,72.05,42.52,58.37,69.34
70.13,70.13,39.58,59.20,71.57
66.28,66.28,39.47,57.84,72.63
68.86,68.86,38.28,56.18,72.86
66.53,66.53,37.33,55.00,73.31
69.27,69.27,37.43,56.90,70.93
71.90,71.90,37.14,57.99,69.86
70.18,70.18,37.94,59.21,69.79
71.20,71.20,35.76,60.07,70.44
70.93,70.93,33.96,60.03,69.98
68.37,68.37,33.10,61.42,71.23
70.75,70.75,41.08,60.99,71.09
71.12,71.12,53.06,60.24,74.14
68.29,68.29,63.41,55.92,74.34
66.13,66.13,73.62,43.85,73.08
62.03,62.03,82.69,35.36,65.86
65.39,65.39,79.29,40.99,70.25
66.91,66.91,73.68,46.42,71.56
67.57,67.57,74.19,49.19,68.78
68.34,68.34,74.45,54.50,68.27
67.48,67.48,75.93,52.32,69.15
67.30,67.30,76.85,54.70,71.10
69.05,69.05,66.04,51.27,68.63
69.63,69.63,66.04,60.75,70.48
69.11,69.11,57.32,60.13,72.40
70.07,70.07,53.97,60.56,69.67
69.96,69.96,49.29,57.41,73.37
70.51,70.51,47.95,55.66,74.67
69.65,69.65,46.32,61.14,73.12
67.07,67.07,45.50,60.67,74.03
68.92,68.92,44.03,58.59,77.06
67.10,67.10,42.29,60.12,74.11
70.95,70.95,41.91,62.88,75.19
68.93,68.93,40.30,58.86,75.16
68.87,68.87,45.85,60.80,73.63
69.58,69.58,57.39,56.53,72.90
66.68,66.68,64.01,58.08,69.00
63.33,63.33,74.69,55.19,69.10
55.88,55.88,77.51,54.45,62.26
57.09,57.09,79.43,56.68,63.23
58.32,58.32,76.90,53.95,65.25
57.72,57.72,74.01,53.70,66.62
62.12,62.12,71.98,57.81,69.10
61.88,61.88,66.67,55.69,70.90
61.38,61.38,62.31,57.34,72.61
63.62,63.62,58.85,58.08,73.41
66.30,66.30,55.04,60.34,73.71
62.85,62.85,52.88,58.37,71.74
55.80,55.80,48.97,60.13,70.54
58.40,58.40,49.75,58.21,69.49
59.54,59.54,54.14,59.56,69.81
59.68,59.68,54.38,60.51,70.23
61.31,61.31,52.78,56.16,72.74
60.32,60.32,49.34,59.60,71.98
60.21,60.21,48.30,61.16,72.05
59.93,59.93,48.11,56.01,69.90
59.25,59.25,49.56,60.10,71.11
56.31,56.31,49.02,55.08,71.81
55.81,55.81,44.57,55.86,71.61
54.09,54.09,43.18,60.57,72.36
54.83,54.83,48.30,54.73,71.35
66.49,66.49,62.81,58.22,71.90
66.46,66.46,63.70,63.09,70.40
68.52,68.52,62.17,59.41,68.11
71.78,71.78,60.77,58.50,67.73
70.92,70.92,57.66,57.79,69.34
68.23,68.23,54.35,56.41,68.15
73.03,73.03,51.50,56.61,69.18
73.03,73.03,45.84,58.89,67.62
70.72,70.72,43.20,55.23,68.42
72.40,72.40,41.24,63.46,69.90
71.80,71.80,43.45,58.18,70.30
71.63,71.63,50.99,58.49,71.78
72.39,72.39,59.31,58.63,71.91
68.27,68.27,74.12,45.46,68.76
68.31,68.31,83.45,41.55,67.51
70.29,70.29,78.23,41.49,71.67
71.94,71.94,74.15,40.67,70.67
71.05,71.05,68.51,46.85,71.18
69.35,69.35,60.26,48.83,69.92
69.33,69.33,60.00,47.25,68.95
65.93,65.93,59.34,45.93,69.72
67.46,67.46,53.03,48.25,69.05
68.85,68.85,60.55,49.70,70.98
70.51,70.51,72.17,45.19,71.33
62.74,62.74,79.73,45.53,68.89
64.18,64.18,82.87,38.43,66.18
68.81,68.81,78.65,38.56,68.10
70.42,70.42,75.16,43.49,68.30
71.40,71.40,72.42,50.97,69.31
72.53,72.53,68.64,56.85,69.80
73.68,73.68,67.13,59.49,70.67
72.43,72.43,51.88,59.68,70.59
70.98,70.98,55.60,59.51,70.93
70.01,70.01,49.37,59.76,71.19
68.20,68.20,55.66,60.71,73.55
68.30,68.30,45.09,60.45,71.03
68.92,68.92,40.22,59.75,73.05
72.23,72.23,43.39,59.22,74.14
70.84,70.84,42.74,55.10,71.53
70.65,70.65,41.83,56.36,75.63
70.60,70.60,38.32,52.61,73.75
71.87,71.87,35.95,50.24,72.30
71.86,71.86,40.63,54.56,74.41
70.76,70.76,43.39,47.83,73.53
68.66,68.66,51.87,48.45,75.12
63.92,63.92,58.04,50.75,76.98
65.89,65.89,63.74,46.34,74.37
59.78,59.78,82.85,33.63,71.21
67.98,67.98,80.08,38.09,70.53
63.48,63.48,77.03,42.06,69.86
70.66,70.66,74.60,42.89,70.45
71.41,71.41,72.60,42.61,69.80
69.21,69.21,66.68,42.64,71.34
70.18,70.18,60.83,46.12,69.68
68.96,68.96,56.77,44.80,71.04
69.57,69.57,57.30,46.34,69.69
71.50,71.50,53.69,47.27,71.49
70.29,70.29,51.99,46.09,70.25
70.20,70.20,51.01,46.79,69.27
70.16,70.16,44.08,46.28,69.36
69.81,69.81,42.94,45.27,70.55
71.74,71.74,43.29,45.80,68.93
64.80,64.80,44.75,46.29,71.49
61.84,61.84,43.14,45.94,71.45
62.57,62.57,41.18,46.13,71.63
62.38,62.38,42.00,46.55,70.47
63.84,63.84,45.43,47.30,70.22
64.06,64.06,56.56,43.77,69.77
62.25,62.25,63.33,40.87,67.41
60.68,60.68,78.16,44.08,64.26
57.42,57.42,79.03,48.62,63.21
57.18,57.18,78.50,44.89,60.72
61.39,61.39,76.49,42.60,64.22
64.75,64.75,72.49,44.39,66.10
64.34,64.34,70.82,46.62,66.41
64.04,64.04,65.96,51.17,65.21
68.52,68.52,62.43,46.65,66.61
66.99,66.99,56.89,48.61,68.74
66.09,66.09,56.84,49.97,70.38
64.61,64.61,54.27,48.47,69.03
66.24,66.24,53.67,50.67,70.56
69.20,69.20,57.22,49.18,71.17
67.36,67.36,75.03,50.08,69.54
62.71,62.71,77.05,52.78,70.89
59.07,59.07,68.43,51.63,69.77
56.05,56.05,64.83,46.16,69.18
56.51,56.51,62.39,48.81,69.43
57.93,57.93,45.84,46.55,68.54
61.78,61.78,50.81,50.14,71.74
62.22,62.22,54.70,53.43,70.72
54.23,54.23,58.46,51.10,71.05
51.81,51.81,65.34,46.98,69.68
51.07,51.07,79.98,50.29,66.69
51.24,51.24,83.16,41.56,65.49
54.49,54.49,79.74,51.06,69.68
54.34,54.34,81.81,48.98,69.26
59.26,59.26,76.14,58.31,71.70
60.22,60.22,73.22,57.28,72.21
61.05,61.05,69.21,58.20,70.87
56.15,56.15,59.99,61.70,70.47
51.46,51.46,59.66,60.84,68.90
48.76,48.76,54.25,55.95,69.40
46.56,46.56,58.59,51.18,70.16
46.35,46.35,50.10,57.33,74.22
46.21,46.21,47.34,58.57,73.52
47.22,47.22,47.29,59.59,73.64
50.97,50.97,47.73,59.07,75.04
60.63,60.63,41.12,56.04,74.23
68.49,68.49,39.77,53.07,73.15
68.97,68.97,40.70,54.73,71.23
71.44,71.44,37.74,56.86,70.48
70.01,70.01,34.10,59.63,70.19
69.86,69.86,41.28,55.33,71.13
68.99,68.99,38.03,55.05,71.84
69.82,69.82,44.80,54.74,72.86
68.57,68.57,52.83,55.93,70.93
68.85,68.85,63.68,60.13,72.31
66.49,66.49,65.33,55.50,70.68
63.68,63.68,61.71,53.21,68.18
67.07,67.07,58.88,53.51,71.85
68.97,68.97,54.29,54.95,71.06
66.96,66.96,51.28,57.84,74.61
67.92,67.92,48.61,55.39,71.64
71.66,71.66,45.42,53.04,74.27
71.87,71.87,43.56,49.58,72.97
70.19,70.19,44.36,55.04,74.99
69.71,69.71,52.61,54.84,72.51
70.87,70.87,60.40,56.37,72.63
68.13,68.13,73.04,51.00,69.96
64.96,64.96,75.46,49.92,68.68
67.17,67.17,71.54,44.80,69.65
68.31,68.31,61.69,40.38,69.90
67.04,67.04,59.96,45.92,70.94
66.08,66.08,52.17,51.10,70.37
67.96,67.96,49.80,54.15,70.93
70.01,70.01,49.24,52.24,72.16
67.92,67.92,49.55,50.37,71.26
66.88,66.88,64.47,60.88,68.57
65.91,65.91,69.39,48.95,68.52
61.24,61.24,82.48,48.75,64.55
60.42,60.42,83.40,52.47,62.61
62.03,62.03,69.17,59.90,67.56
64.42,64.42,76.85,62.27,68.21
62.86,62.86,75.43,62.30,69.52
62.92,62.92,73.99,62.25,72.86
64.01,64.01,77.89,65.18,73.33
65.05,65.05,71.28,68.33,72.41
65.71,65.71,66.48,70.41,70.55
66.23,66.23,59.36,71.51,71.32
69.00,69.00,54.42,70.37,69.45
67.92,67.92,53.81,69.78,70.41
67.83,67.83,51.42,70.75,69.39
68.67,68.67,48.32,69.00,71.03
65.00,65.00,44.05,68.65,70.04
65.94,65.94,43.04,69.37,72.22
70.35,70.35,38.50,68.71,70.86
70.02,70.02,36.96,68.57,71.00
70.80,70.80,36.60,68.77,70.20
69.97,69.97,37.00,68.33,68.85
70.42,70.42,49.10,68.43,68.92
70.57,70.57,61.09,66.84,67.55
67.45,67.45,68.23,61.87,67.66
60.82,60.82,78.03,56.46,64.45
60.00,60.00,78.80,52.75,62.48
58.33,58.33,77.10,59.17,62.70
63.60,63.60,76.03,62.02,64.79
69.11,69.11,69.76,62.44,67.52
67.63,67.63,70.15,64.94,68.31
67.34,67.34,67.39,66.26,68.55
67.60,67.60,62.19,65.51,70.43
64.92,64.92,58.50,65.63,70.95
66.39,66.39,55.08,64.93,69.72
71.90,71.90,54.96,64.68,69.52
70.34,70.34,50.10,65.34,69.11
68.04,68.04,48.00,64.31,69.30
71.07,71.07,47.60,64.87,69.42
72.59,72.59,46.87,65.88,71.44
70.65,70.65,44.05,64.42,69.01
68.39,68.39,44.53,64.58,68.75
70.11,70.11,40.12,65.41,68.56
68.72,68.72,39.07,64.30,69.40
67.52,67.52,37.62,64.36,67.07
68.36,68.36,40.13,63.93,66.54
68.46,68.46,44.48,64.27,68.08
67.92,67.92,51.56,65.05,66.25
68.93,68.93,60.50,63.61,68.26
66.86,66.86,70.05,64.79,70.22
69.42,69.42,68.68,63.56,67.44
68.49,68.49,65.84,62.46,65.56
67.42,67.42,63.80,61.78,67.69
67.43,67.43,60.81,61.39,67.16
69.16,69.16,57.07,60.70,67.39
69.28,69.28,52.82,61.07,67.74
70.35,70.35,50.19,61.13,65.78
70.19,70.19,49.08,60.63,67.31
70.78,70.78,50.15,61.70,66.37
68.76,68.76,48.84,59.84,67.38
68.45,68.45,52.36,58.25,65.93
68.18,68.18,58.44,52.38,64.01
66.32,66.32,68.17,48.91,62.95
62.65,62.65,84.64,51.86,61.28
64.15,64.15,80.89,47.08,63.71
67.49,67.49,76.94,48.86,65.18
69.40,69.40,71.45,63.28,64.93
68.60,68.60,72.62,71.72,64.38
68.03,68.03,67.69,70.60,61.88
69.13,69.13,63.76,61.32,66.45
68.68,68.68,74.21,68.12,64.63
66.58,66.58,76.51,71.88,64.43
57.66,57.66,82.24,72.60,62.50
57.33,57.33,79.60,73.50,63.39
62.01,62.01,77.93,75.44,64.48
65.85,65.85,70.33,75.75,65.29
65.93,65.93,70.56,77.83,66.89
65.73,65.73,63.09,79.25,66.43
67.52,67.52,61.39,78.58,64.77
68.46,68.46,64.11,79.48,66.24
67.54,67.54,61.02,79.30,67.22
67.02,67.02,63.60,79.97,65.11
63.84,63.84,66.16,81.32,65.52
62.89,62.89,63.57,79.84,66.18
64.31,64.31,61.70,78.25,67.44
64.48,64.48,59.91,79.30,68.43
66.12,66.12,59.72,80.90,65.46
67.54,67.54,59.28,81.20,64.53
67.80,67.80,59.24,80.78,64.46
67.76,67.76,57.76,79.63,65.16
66.00,66.00,56.99,80.67,66.63
66.20,66.20,57.49,81.69,67.16
64.63,64.63,58.16,80.83,65.99
63.55,63.55,66.63,79.34,63.94
57.26,57.26,77.89,73.64,64.17
59.07,59.07,76.85,75.23,61.07
56.97,56.97,74.36,74.62,62.04
53.47,53.47,77.74,79.43,65.29
61.20,61.20,69.76,81.17,68.00
64.10,64.10,65.00,80.14,67.73
66.75,66.75,59.49,78.89,68.89
69.47,69.47,59.82,79.23,67.24
66.40,66.40,58.54,79.19,67.84
64.00,64.00,59.45,78.11,69.51
64.13,64.13,59.93,78.65,66.55
67.52,67.52,61.10,78.77,68.24
61.20,61.20,62.53,77.54,68.85
65.99,65.99,61.84,78.38,69.90
69.23,69.23,61.02,78.44,67.61
62.01,62.01,61.37,78.57,67.04
67.58,67.58,60.52,76.14,68.46
67.40,67.40,60.65,77.37,67.68
62.66,62.66,60.62,76.69,69.17
68.46,68.46,61.03,76.21,68.83
64.18,64.18,62.39,77.34,68.85
64.96,64.96,65.92,77.50,67.06
64.98,64.98,73.84,76.12,66.83
64.05,64.05,75.63,70.29,62.61
63.11,63.11,78.62,70.01,61.59
62.44,62.44,73.94,72.59,63.70
64.41,64.41,73.76,70.91,64.63
63.37,63.37,70.97,75.62,63.37
62.56,62.56,68.82,76.55,65.12
64.47,64.47,64.94,76.90,67.39
65.26,65.26,62.08,78.28,66.08
65.75,65.75,63.25,78.86,66.64
65.57,65.57,59.96,79.14,66.93
63.78,63.78,62.34,79.25,67.52
64.81,64.81,62.70,79.39,69.19
64.81,64.81,61.76,78.84,69.86
65.42,65.42,60.41,79.43,68.69
66.44,66.44,58.61,79.62,65.80
64.92,64.92,57.22,77.42,66.73
65.23,65.23,57.85,75.54,69.24
63.09,63.09,57.11,78.94,67.36
65.70,65.70,55.99,81.27,65.73
64.34,64.34,55.49,79.84,67.83
64.52,64.52,56.13,80.54,67.14
65.10,65.10,61.77,79.33,65.69
64.19,64.19,71.17,77.23,65.13
58.02,58.02,80.57,76.62,59.77
55.31,55.31,81.05,71.97,62.51
60.28,60.28,81.67,75.17,59.02
66.16,66.16,73.72,73.38,64.95
64.23,64.23,72.09,74.82,65.75
67.64,67.64,64.17,79.13,67.36
69.68,69.68,61.28,77.76,66.12
69.62,69.62,62.67,78.07,65.93
69.54,69.54,61.82,78.37,65.49
70.18,70.18,62.00,78.89,69.15
69.10,69.10,62.41,79.56,67.94
69.09,69.09,64.40,77.75,69.66
67.83,67.83,63.95,78.93,67.72
68.18,68.18,64.12,79.76,67.24
69.61,69.61,63.68,78.55,67.81
70.08,70.08,62.51,78.43,65.51
70.45,70.45,61.92,78.64,66.77
69.78,69.78,61.55,80.16,64.89
69.56,69.56,61.84,78.70,65.66
68.70,68.70,61.61,78.79,65.78
68.61,68.61,61.38,79.61,66.75
68.72,68.72,61.73,80.81,68.03
69.82,69.82,62.50,79.20,68.24
69.16,69.16,64.79,79.21,68.10
68.68,68.68,66.68,79.54,68.27
67.72,67.72,65.83,80.29,66.25
66.67,66.67,62.94,79.27,64.33
68.04,68.04,61.06,78.80,67.31
68.28,68.28,59.41,79.82,65.93
70.44,70.44,57.84,80.64,66.67
69.57,69.57,57.87,79.24,66.77
68.41,68.41,58.15,79.26,65.42
68.21,68.21,59.20,79.76,65.58
66.15,66.15,59.00,80.58,66.01
65.24,65.24,60.37,79.33,64.94
68.18,68.18,61.04,79.07,66.36
70.07,70.07,60.07,79.77,66.03
70.25,70.25,57.82,80.64,67.79
68.38,68.38,56.96,79.34,66.18
66.26,66.26,56.25,79.26,68.35
66.15,66.15,55.51,79.72,67.51
67.42,67.42,56.90,81.02,67.16
67.48,67.48,54.59,79.67,65.63
67.59,67.59,54.76,79.20,67.00
67.37,67.37,55.05,79.53,65.39
67.85,67.85,56.11,80.78,65.57
67.60,67.60,59.31,79.14,66.48
66.98,66.98,59.28,78.91,67.09
68.27,68.27,57.06,79.62,65.38
69.17,69.17,54.49,80.49,65.60
70.04,70.04,54.34,79.71,65.79
69.11,69.11,54.22,79.23,65.03
68.44,68.44,52.32,79.56,63.97
66.96,66.96,53.34,80.73,65.48
67.17,67.17,52.57,79.90,65.65
63.42,63.42,52.61,79.51,64.27
64.81,64.81,53.82,79.74,65.62
65.86,65.86,57.98,80.92,66.57
65.12,65.12,60.07,79.63,67.75
63.91,63.91,56.71,79.19,67.07
65.54,65.54,55.71,79.66,64.15
68.33,68.33,51.84,80.73,63.75
67.46,67.46,52.04,79.65,65.87
68.23,68.23,51.03,79.32,63.92
66.79,66.79,50.03,79.48,63.74
67.30,67.30,50.89,81.01,65.32
67.94,67.94,53.67,79.88,64.56
67.15,67.15,59.28,79.52,61.32
64.47,64.47,65.46,79.49,61.36
61.08,61.08,79.70,72.38,62.13
60.52,60.52,76.19,75.96,59.03
60.92,60.92,77.29,73.75,59.38
62.08,62.08,77.15,73.86,62.39
65.24,65.24,74.30,75.34,60.90
66.39,66.39,69.22,78.03,60.71
66.31,66.31,69.93,77.57,62.10
67.75,67.75,65.96,78.60,63.57
68.73,68.73,58.82,79.97,63.16
68.58,68.58,55.35,79.86,61.82
68.67,68.67,54.95,78.95,61.96
67.62,67.62,58.19,79.18,63.54
65.98,65.98,58.12,80.33,67.40
65.07,65.07,56.94,80.24,66.11
66.97,66.97,55.25,79.47,64.10
66.76,66.76,51.51,79.56,63.99
67.31,67.31,49.88,80.93,63.27
67.56,67.56,48.96,80.19,64.52
68.33,68.33,47.90,79.63,64.79
68.10,68.10,47.30,79.59,64.10
68.51,68.51,48.76,80.75,62.27
68.25,68.25,50.19,80.37,61.49
67.19,67.19,53.26,78.67,60.83
66.96,66.96,60.06,80.77,63.49
66.79,66.79,61.64,77.33,64.99
67.16,67.16,57.54,78.27,64.11
66.28,66.28,54.79,76.02,64.50
61.92,61.92,52.81,74.24,65.23
63.28,63.28,50.36,79.27,62.55
64.44,64.44,51.30,76.30,63.99
66.05,66.05,50.58,75.30,65.11
67.43,67.43,50.86,76.22,64.94
66.79,66.79,50.86,73.98,63.88
65.75,65.75,52.37,73.01,63.34
66.65,66.65,58.88,71.33,64.16
67.36,67.36,62.29,69.59,68.61
66.18,66.18,60.47,63.75,66.66
68.16,68.16,55.57,59.72,63.49
68.70,68.70,52.81,57.65,65.93
69.55,69.55,50.00,52.67,63.45
70.20,70.20,48.77,52.12,64.70
68.99,68.99,47.65,51.92,67.12
69.23,69.23,49.32,57.22,66.37
68.86,68.86,52.06,66.62,66.06
66.12,66.12,66.49,71.43,66.48
61.06,61.06,75.06,77.72,63.31
54.49,54.49,78.85,72.49,61.31
49.23,49.23,79.77,67.24,62.20
48.88,48.88,77.48,70.39,62.09
54.16,54.16,71.83,72.08,64.31
47.90,47.90,70.57,77.41,65.24
45.97,45.97,68.43,79.59,63.89
44.95,44.95,65.29,79.61,65.70
44.78,44.78,64.52,80.09,65.71
46.50,46.50,65.30,80.62,67.50
44.93,44.93,66.20,80.77,66.45
42.74,42.74,65.40,79.91,67.69
42.14,42.14,66.93,78.91,66.36
43.80,43.80,66.80,79.97,66.59
38.79,38.79,65.73,80.51,66.57
39.94,39.94,66.09,80.81,66.74
37.86,37.86,65.72,80.05,66.61
35.96,35.96,65.83,79.96,67.16
39.17,39.17,65.58,80.88,68.84
38.56,38.56,65.32,80.91,68.18
38.25,38.25,64.56,81.39,65.87
35.71,35.71,63.64,81.20,69.01
33.26,33.26,64.61,81.16,65.56
29.02,29.02,73.27,79.04,67.12
29.34,29.34,81.91,73.98,63.38
35.20,35.20,75.25,67.66,66.74
31.93,31.93,78.08,72.68,67.52
31.78,31.78,71.27,73.11,65.86
31.36,31.36,66.60,72.61,68.95
37.58,37.58,64.32,73.81,68.51
34.01,34.01,64.71,75.25,65.39
29.33,29.33,65.90,76.72,68.48
30.17,30.17,66.29,74.91,68.25
28.61,28.61,68.43,75.18,67.54
26.90,26.90,68.13,75.05,66.68
26.19,26.19,67.39,77.07,65.47
26.86,26.86,67.84,77.07,66.73
27.93,27.93,67.61,76.48,66.89
25.38,25.38,68.49,76.98,68.81
22.08,22.08,68.50,75.29,65.35
22.56,22.56,67.19,74.78,67.61
21.08,21.08,67.12,76.32,68.34
22.31,22.31,67.66,76.32,67.52
23.94,23.94,66.73,75.84,67.83
20.01,20.01,66.00,75.46,68.31
17.57,17.57,65.58,75.33,68.06
20.04,20.04,67.72,75.24,63.34
20.56,20.56,69.52,74.09,64.44
16.99,16.99,78.54,72.57,65.30
13.46,13.46,77.70,70.96,61.04
11.94,11.94,77.08,69.76,61.31
11.85,11.85,76.38,73.61,60.79
13.72,13.72,73.11,72.47,62.35
13.15,13.15,69.91,74.73,61.28
13.95,13.95,67.35,75.89,66.48
16.85,16.85,64.76,75.84,66.55
20.93,20.93,65.03,76.18,64.04
18.56,18.56,65.36,76.21,63.82
10.24,10.24,63.23,76.29,66.50
12.08,12.08,65.95,74.69,68.30
11.38,11.38,64.69,75.66,68.99
8.87,8.87,64.86,78.13,67.56
10.23,10.23,62.54,80.98,66.03
14.23,14.23,62.30,81.55,61.96
15.25,15.25,62.54,79.58,65.34
15.14,15.14,62.55,81.21,65.15
17.73,17.73,61.20,81.35,65.82
17.59,17.59,61.72,79.73,65.57
15.81,15.81,62.13,82.12,64.92
14.00,14.00,65.47,79.38,59.21
17.62,17.62,73.70,79.55,64.20
18.31,18.31,80.27,78.34,60.89
15.12,15.12,77.44,77.56,61.01
10.66,10.66,76.33,79.82,61.05
10.18,10.18,68.24,76.15,64.44
9.19,9.19,66.45,77.71,67.09
12.42,12.42,66.57,77.54,67.54
15.28,15.28,66.14,79.98,68.23
16.27,16.27,66.35,79.53,66.97
19.79,19.79,66.47,80.88,69.06
21.24,21.24,68.91,78.99,68.97
24.17,24.17,68.76,81.34,67.19
23.51,23.51,69.06,79.24,66.55
24.06,24.06,69.47,80.56,65.92
20.47,20.47,68.25,80.58,66.44
19.78,19.78,67.55,80.40,67.34
18.52,18.52,68.41,81.57,65.50
15.42,15.42,67.75,79.70,63.95
12.24,12.24,66.36,81.85,66.45
10.29,10.29,66.25,80.72,64.10
9.39,9.39,66.79,81.99,64.60
8.24,8.24,67.11,81.00,64.41
7.16,7.16,66.86,81.40,65.30
12.98,12.98,67.96,81.41,64.04
21.89,21.89,70.28,79.83,63.41
18.14,18.14,69.16,81.33,62.93
14.83,14.83,67.37,79.65,65.46
16.18,16.18,65.27,81.97,63.56
15.10,15.10,61.33,80.46,63.16
17.86,17.86,60.51,81.99,65.40
18.01,18.01,61.27,80.99,65.94
13.77,13.77,61.28,81.93,65.92
13.70,13.70,59.75,82.20,63.88
9.85,9.85,61.05,81.04,63.51
9.50,9.50,63.35,82.22,62.36
12.61,12.61,75.44,80.08,63.25
14.51,14.51,75.73,81.91,61.20
15.84,15.84,71.85,78.70,63.60
13.45,13.45,72.63,79.33,65.71
14.07,14.07,70.25,80.07,63.77
12.36,12.36,65.93,82.28,64.68
14.54,14.54,60.07,81.48,64.89
17.62,17.62,57.62,80.40,67.89
18.30,18.30,56.18,82.59,64.53
17.30,17.30,56.80,80.73,64.05
16.14,16.14,60.91,83.11,62.39
14.42,14.42,68.52,79.14,60.52
10.97,10.97,82.43,73.00,53.18
14.77,14.77,78.28,67.66,58.99
14.95,14.95,78.98,58.72,61.45
16.59,16.59,70.33,72.40,62.81
18.68,18.68,68.91,75.77,61.88
20.41,20.41,65.60,80.56,62.58
21.80,21.80,59.30,79.43,64.09
19.55,19.55,61.48,82.73,66.52
18.43,18.43,56.61,81.81,62.20
18.60,18.60,54.62,83.43,62.07
18.52,18.52,56.23,81.62,61.17
19.53,19.53,62.22,82.22,63.45
21.11,21.11,60.73,82.43,64.60
21.46,21.46,56.28,80.72,64.47
21.16,21.16,55.43,82.71,64.57
17.98,17.98,54.16,80.74,63.05
18.80,18.80,52.49,82.84,62.04
18.44,18.44,52.96,81.13,61.50
13.31,13.31,52.97,82.65,63.86
16.95,16.95,52.11,81.46,61.00
13.34,13.34,52.88,82.39,59.58
11.60,11.60,55.62,82.63,59.83
7.63,7.63,62.74,81.59,56.30
9.14,9.14,64.16,75.27,51.01
13.89,13.89,79.32,70.18,58.45
10.24,10.24,80.52,57.37,59.67
15.99,15.99,78.12,53.61,59.06
12.10,12.10,80.44,55.14,56.17
8.81,8.81,75.35,36.23,55.59
10.43,10.43,71.12,40.71,51.48
10.09,10.09,72.17,38.83,49.52
13.75,13.75,69.05,38.37,45.79
20.38,20.38,61.63,42.67,49.77
26.92,26.92,62.54,40.66,46.41
28.37,28.37,57.19,37.05,37.66
32.01,32.01,57.98,42.95,36.97
34.22,34.22,57.47,34.77,38.85
34.10,34.10,56.96,43.72,35.48
34.68,34.68,57.31,44.13,34.79
32.00,32.00,51.04,42.64,38.69
34.67,34.67,50.56,46.33,32.87
33.39,33.39,42.53,35.21,32.96
35.32,35.32,48.90,45.29,34.79
34.05,34.05,51.50,47.20,32.00
42.57,42.57,44.78,44.62,33.62
48.47,48.47,40.25,37.57,29.70
56.87,56.87,42.64,43.47,34.56
72.15,72.15,49.85,51.09,32.63
73.61,73.61,49.15,45.90,36.45
73.84,73.84,38.74,39.78,33.13
71.16,71.16,37.17,36.19,35.77
67.36,67.36,41.26,31.28,34.77
72.71,72.71,38.33,31.66,29.33
74.76,74.76,38.79,27.39,29.65
72.42,72.42,40.38,33.40,31.13
64.13,64.13,40.06,33.26,29.65
65.70,65.70,36.10,28.68,30.04
73.99,73.99,41.23,30.06,29.56
73.16,73.16,39.11,28.18,28.71
70.21,70.21,37.58,32.70,26.10
68.08,68.08,39.27,35.24,28.49
69.74,69.74,38.84,29.54,30.10
71.19,71.19,38.35,30.70,31.05
67.20,67.20,36.12,31.70,30.85
70.40,70.40,35.73,26.98,31.17
72.85,72.85,34.68,27.10,29.15
69.31,69.31,36.66,24.29,35.54
64.60,64.60,32.30,23.44,45.45
75.06,75.06,30.59,19.43,53.41
72.65,72.65,35.30,22.57,65.89
66.91,66.91,37.05,24.44,68.59
73.51,73.51,33.75,26.43,67.18
72.54,72.54,32.31,17.72,66.76
64.36,64.36,31.90,22.21,67.25
66.90,66.90,33.23,24.63,68.64
72.85,72.85,27.52,21.33,68.52
72.28,72.28,30.27,25.38,67.02
67.35,67.35,28.47,22.76,68.89
69.09,69.09,29.23,19.25,69.34
65.97,65.97,27.49,21.91,68.55
62.83,62.83,29.37,24.50,67.58
67.47,67.47,31.08,22.00,67.38
72.02,72.02,30.59,21.70,66.20
71.97,71.97,29.97,22.02,67.33
70.45,70.45,32.99,29.99,68.85
69.54,69.54,35.24,24.89,69.19
66.85,66.85,35.46,17.17,69.44
68.16,68.16,33.83,18.91,69.06
69.11,69.11,33.81,24.03,69.99
69.93,69.93,32.97,22.83,69.58
66.47,66.47,30.34,22.61,68.51
61.18,61.18,33.09,23.93,69.29
54.90,54.90,34.06,19.81,68.16
63.93,63.93,33.85,18.36,68.49
71.15,71.15,33.13,23.21,67.05
74.46,74.46,35.19,25.57,66.62
73.69,73.69,32.33,22.47,64.41
72.29,72.29,27.09,15.53,64.94
72.23,72.23,31.00,23.86,64.05
72.14,72.14,31.68,20.62,64.48
71.11,71.11,28.32,19.01,64.67
69.33,69.33,27.11,20.80,65.09
71.53,71.53,26.14,19.00,63.82
71.13,71.13,29.24,22.69,63.51
63.70,63.70,30.98,26.00,64.86
70.44,70.44,33.61,27.46,66.36
74.68,74.68,30.78,22.71,65.06
72.09,72.09,32.24,25.20,64.81
71.01,71.01,32.24,20.09,64.88
69.78,69.78,34.84,16.57,65.68
67.35,67.35,33.06,15.95,66.06
68.85,68.85,32.14,17.85,66.74
68.92,68.92,31.48,23.06,67.00
70.75,70.75,31.52,15.26,67.58
69.94,69.94,28.34,18.66,66.95
69.65,69.65,25.84,23.54,66.76
61.51,61.51,28.02,20.38,67.14
53.69,53.69,24.52,17.65,66.21
53.14,53.14,29.17,20.99,66.38
50.13,50.13,24.11,17.12,66.18
45.72,45.72,25.66,16.74,66.44
42.16,42.16,26.43,20.73,67.03
40.58,40.58,29.25,22.26,68.05
39.33,39.33,27.03,19.54,68.81
43.90,43.90,24.82,13.47,68.60
40.00,40.00,24.38,18.21,66.96
44.92,44.92,23.30,16.49,68.51
52.17,52.17,27.75,24.05,68.99
67.30,67.30,38.71,20.78,69.70
69.12,69.12,34.78,24.12,70.42
68.58,68.58,39.81,26.61,69.84
65.17,65.17,40.28,26.64,67.25
65.40,65.40,38.41,31.27,67.83
68.88,68.88,43.55,33.57,69.56
72.79,72.79,37.01,29.83,71.03
73.92,73.92,31.04,28.51,70.63
73.36,73.36,25.21,26.79,68.24
71.76,71.76,24.13,24.25,67.91
67.96,67.96,24.85,22.50,69.19
63.20,63.20,22.93,17.25,69.60
49.40,49.40,24.70,16.88,68.87
52.51,52.51,22.31,19.77,67.98
51.35,51.35,20.84,21.49,68.16
49.47,49.47,22.89,22.81,68.56
43.71,43.71,20.29,21.01,67.12
39.16,39.16,24.55,24.41,68.65
44.67,44.67,28.77,26.92,67.74
49.31,49.31,29.31,24.54,66.83
56.09,56.09,31.33,23.22,67.82
60.05,60.05,37.10,22.26,66.61
63.48,63.48,31.18,19.44,66.05
69.51,69.51,34.40,25.87,66.49
72.38,72.38,34.89,27.08,66.78
72.25,72.25,35.76,21.32,65.92
72.09,72.09,34.91,25.67,65.95
71.68,71.68,35.96,22.57,64.46
71.96,71.96,33.50,16.60,67.00
68.58,68.58,31.27,23.45,67.45
66.70,66.70,29.50,21.39,68.48
60.60,60.60,29.39,23.32,67.12
53.37,53.37,30.60,21.65,66.54
50.01,50.01,31.81,22.72,68.16
48.58,48.58,34.14,23.27,70.95
49.32,49.32,28.32,16.93,70.31
44.53,44.53,26.43,21.06,69.74
43.92,43.92,25.31,16.25,70.89
44.36,44.36,27.23,22.17,70.87
42.10,42.10,26.16,17.25,70.70
43.70,43.70,25.40,17.30,68.50
45.35,45.35,28.82,19.76,65.67
46.74,46.74,26.63,17.66,69.01
52.86,52.86,30.39,14.87,69.25
57.58,57.58,35.54,14.92,71.10
68.34,68.34,37.70,19.33,74.04
66.50,66.50,35.69,18.66,70.30
66.49,66.49,38.32,23.63,72.76
71.27,71.27,35.28,21.15,71.08
72.28,72.28,34.56,21.39,67.33
73.35,73.35,34.91,21.12,65.74
71.94,71.94,32.47,19.68,65.63
70.85,70.85,28.46,15.59,69.36
68.23,68.23,27.16,16.56,68.76
65.77,65.77,27.08,15.67,69.17
63.59,63.59,27.16,17.70,70.49
69.33,69.33,27.86,16.73,68.63
71.17,71.17,29.37,15.75,70.14
68.12,68.12,28.20,13.90,72.33
66.26,66.26,28.30,14.61,71.89
68.91,68.91,29.14,13.92,70.09
69.44,69.44,32.97,15.65,67.50
68.92,68.92,32.52,17.62,67.37
70.38,70.38,32.98,14.10,69.96
66.83,66.83,33.16,8.89,69.33
64.26,64.26,34.22,8.16,69.07
64.35,64.35,32.29,11.81,68.51
66.60,66.60,34.02,14.17,66.46
66.84,66.84,31.38,18.39,66.62
67.69,67.69,31.60,12.51,69.00
67.44,67.44,31.29,12.88,69.53
67.56,67.56,31.23,11.57,67.79
67.61,67.61,33.76,12.03,70.16
67.43,67.43,34.30,15.96,69.73
67.38,67.38,32.25,10.71,69.11
65.73,65.73,31.83,10.19,67.80
65.23,65.23,32.51,9.44,69.74
64.89,64.89,31.17,11.16,68.53
64.00,64.00,32.19,10.75,65.53
64.78,64.78,33.52,13.45,67.49
64.43,64.43,31.46,14.53,66.92
63.58,63.58,31.53,18.43,69.02
62.15,62.15,29.82,18.45,70.43
61.58,61.58,29.37,15.50,70.25
61.11,61.11,29.87,15.24,70.90
60.09,60.09,33.41,17.24,70.50
60.88,60.88,32.77,14.28,69.34
61.45,61.45,30.05,15.50,69.07
61.63,61.63,31.79,17.83,69.57
62.37,62.37,30.09,17.55,72.52
62.42,62.42,31.95,17.99,72.64
62.18,62.18,33.07,15.93,72.96
62.02,62.02,32.77,13.14,74.04
63.43,63.43,35.02,19.31,70.32
61.80,61.80,33.97,17.67,70.43
62.95,62.95,34.18,16.74,67.27
62.77,62.77,32.50,18.32,65.98
63.17,63.17,32.53,15.69,67.68
63.48,63.48,33.93,15.77,67.66
63.04,63.04,33.63,13.08,68.73
64.01,64.01,33.45,19.68,67.53
63.98,63.98,32.57,16.39,67.15
63.62,63.62,33.71,14.90,67.91
63.21,63.21,33.61,16.57,70.19
63.74,63.74,31.12,13.88,69.79
60.86,60.86,31.95,14.78,69.05
59.53,59.53,30.51,13.99,70.59
59.75,59.75,31.13,17.20,70.48
58.90,58.90,31.07,11.60,70.36
58.29,58.29,31.30,14.73,70.07
55.79,55.79,31.02,18.30,72.45
54.44,54.44,31.74,17.44,72.18
54.96,54.96,30.74,15.24,70.71
54.82,54.82,32.30,15.18,70.52
53.18,53.18,29.72,16.21,68.73
53.43,53.43,31.13,14.58,72.00
53.69,53.69,31.63,13.92,70.56
53.02,53.02,33.22,17.51,70.03
50.28,50.28,30.98,16.45,71.32
51.13,51.13,30.30,18.98,70.20
51.07,51.07,28.68,16.07,70.08
50.10,50.10,28.75,14.72,71.11
50.29,50.29,30.55,17.56,70.69
49.46,49.46,30.18,21.93,71.08
52.95,52.95,27.73,16.57,69.77
53.74,53.74,26.66,14.49,70.37
54.37,54.37,30.85,17.03,67.68
53.19,53.19,29.85,15.00,70.05
53.39,53.39,29.12,14.41,69.33
53.16,53.16,28.43,16.67,70.15
53.18,53.18,28.50,13.79,67.84
54.19,54.19,26.24,12.20,67.54
53.60,53.60,27.19,11.60,66.24
53.20,53.20,26.14,12.70,67.46
53.25,53.25,25.55,11.25,68.76
51.88,51.88,28.31,11.75,67.64
52.32,52.32,29.58,11.37,63.59
51.73,51.73,30.27,13.50,65.30
50.14,50.14,26.40,9.24,65.35
49.70,49.70,26.18,16.30,67.40
49.44,49.44,25.48,16.79,67.58
49.10,49.10,26.36,17.89,67.38
48.97,48.97,25.31,11.99,67.57
48.19,48.19,25.97,19.58,66.69
48.73,48.73,26.67,19.08,66.63
47.40,47.40,27.03,16.64,66.70
46.44,46.44,25.24,16.11,68.16
47.38,47.38,27.60,13.69,67.43
46.72,46.72,26.40,16.33,67.47
47.27,47.27,26.09,15.79,66.59
46.70,46.70,26.49,22.54,67.50
44.50,44.50,27.98,19.37,67.36
42.81,42.81,26.69,19.33,66.61
42.96,42.96,28.19,21.28,68.42
37.84,37.84,29.38,16.78,68.57
36.05,36.05,29.64,23.81,67.43
33.55,33.55,28.86,21.66,68.76
30.67,30.67,26.14,11.82,68.94
27.81,27.81,27.90,13.39,69.57
25.99,25.99,25.48,8.69,66.66
25.67,25.67,26.52,13.39,66.01
26.40,26.40,27.69,18.64,69.60
27.82,27.82,25.56,19.50,68.10
27.35,27.35,27.29,12.48,71.88
26.42,26.42,24.96,12.89,69.84
28.93,28.93,27.43,9.65,69.24
28.40,28.40,27.58,12.81,68.75
25.96,25.96,26.44,15.99,70.14
28.93,28.93,26.89,19.64,70.12
27.68,27.68,26.85,19.99,71.79
23.35,23.35,28.84,14.67,69.56
22.53,22.53,28.17,20.44,69.13
23.04,23.04,26.56,19.78,70.46
22.52,22.52,27.91,17.29,68.57
20.83,20.83,26.52,21.46,72.48
21.89,21.89,27.05,23.06,71.07
22.08,22.08,26.86,18.45,70.58
23.27,23.27,27.19,22.69,67.08
24.20,24.20,27.27,24.56,68.74
21.50,21.50,27.39,18.92,71.30
20.72,20.72,26.99,17.85,69.88
21.53,21.53,28.16,17.79,69.68
22.30,22.30,30.08,20.34,71.08
21.61,21.61,30.23,14.90,66.59
19.33,19.33,30.30,16.61,69.99
21.07,21.07,30.12,19.11,68.93
26.07,26.07,30.62,19.97,69.72
39.95,39.95,33.44,23.95,70.86
43.85,43.85,33.78,24.86,67.33
50.77,50.77,37.86,24.12,68.21
53.93,53.93,37.91,23.75,69.05
57.58,57.58,35.61,24.63,69.01
60.06,60.06,34.39,30.79,68.86
64.46,64.46,30.93,29.24,67.30
61.50,61.50,29.36,21.71,65.09
63.08,63.08,31.18,31.53,64.97
65.96,65.96,31.88,28.57,66.03
68.16,68.16,26.76,17.55,67.03
67.82,67.82,28.86,20.23,66.55
66.10,66.10,33.24,20.07,67.50
67.92,67.92,32.06,21.42,66.99
63.91,63.91,28.75,15.37,66.32
62.55,62.55,26.39,18.96,69.37
64.31,64.31,28.73,18.31,69.01
69.56,69.56,32.76,18.43,69.86
68.99,68.99,33.54,19.46,68.97
68.12,68.12,34.43,14.77,67.22
68.49,68.49,34.37,12.12,68.04
66.61,66.61,37.87,10.25,67.70
67.23,67.23,36.51,13.27,66.06
66.47,66.47,31.35,10.46,65.41
67.91,67.91,28.65,11.49,64.25
67.34,67.34,29.03,9.05,60.09
68.79,68.79,30.19,7.48,62.11
68.37,68.37,30.76,11.57,67.23
68.81,68.81,30.49,5.14,67.37
67.62,67.62,29.37,3.93,66.16
68.05,68.05,33.64,1.53,66.11
70.98,70.98,34.65,8.94,67.41
70.59,70.59,31.32,3.99,66.58
70.03,70.03,28.93,6.15,71.04
70.51,70.51,30.35,6.80,70.09
70.60,70.60,30.43,8.30,69.28
71.48,71.48,31.16,7.81,68.74
70.95,70.95,28.81,7.86,68.38
70.68,70.68,31.09,10.88,66.93
71.16,71.16,29.15,12.19,65.79
71.06,71.06,30.14,9.43,65.26
70.15,70.15,30.23,10.24,65.17
70.54,70.54,30.52,11.63,68.35
67.64,67.64,29.59,11.65,70.52
69.39,69.39,31.06,7.75,69.15
67.53,67.53,30.75,11.65,70.96
67.10,67.10,28.84,12.25,72.56
67.24,67.24,28.04,9.46,70.47
67.32,67.32,32.17,6.14,69.56
66.28,66.28,31.66,11.14,68.98
64.89,64.89,27.27,16.18,67.83
61.88,61.88,23.92,18.13,68.22
62.19,62.19,22.41,16.71,67.70
61.18,61.18,27.56,17.37,68.83
65.17,65.17,31.66,17.14,67.03
65.64,65.64,34.34,16.44,69.37
65.21,65.21,34.19,14.04,67.08
67.46,67.46,35.97,12.55,67.19
67.63,67.63,33.71,7.98,66.26
66.00,66.00,31.42,16.19,66.35
64.28,64.28,29.36,13.50,66.86
64.04,64.04,28.79,11.28,66.88
66.46,66.46,27.70,8.22,70.79
67.35,67.35,26.81,8.33,69.67
66.25,66.25,27.72,13.68,71.17
64.78,64.78,29.41,17.68,70.85
70.67,70.67,30.26,19.62,70.75
72.98,72.98,32.78,16.08,70.44
72.08,72.08,33.86,18.31,68.39
73.47,73.47,31.23,19.47,65.95
74.47,74.47,29.66,14.44,66.68
72.99,72.99,28.17,15.96,65.19
69.96,69.96,29.36,19.73,67.39
69.37,69.37,30.20,22.21,68.71
70.13,70.13,27.81,24.15,70.43
69.23,69.23,28.40,22.67,66.75
70.06,70.06,24.53,25.51,67.47
67.46,67.46,25.16,21.28,65.40
64.64,64.64,22.94,19.47,66.89
63.72,63.72,20.96,21.92,67.65
61.17,61.17,22.36,19.14,68.54
57.37,57.37,21.80,20.74,69.29
53.46,53.46,23.92,22.36,68.55
48.76,48.76,25.00,18.49,68.60
47.78,47.78,24.27,25.41,70.38
46.81,46.81,25.21,26.06,70.49
45.89,45.89,26.56,24.11,70.83
46.50,46.50,26.62,16.17,67.83
47.64,47.64,28.15,15.71,66.48
46.31,46.31,28.32,21.25,65.56
47.62,47.62,28.47,19.78,66.09
47.34,47.34,28.17,19.95,67.38
49.87,49.87,26.24,20.60,67.80
45.31,45.31,24.03,21.14,68.63
53.20,53.20,21.89,21.00,69.44
63.71,63.71,22.70,22.87,68.51
67.11,67.11,23.15,16.70,68.60
68.72,68.72,22.34,21.33,68.44
68.23,68.23,21.21,22.01,69.11
68.94,68.94,21.92,15.24,68.02
63.44,63.44,23.32,17.07,65.28
65.49,65.49,23.38,21.81,65.69
69.98,69.98,27.57,17.74,64.54
72.74,72.74,28.67,18.57,64.25
73.88,73.88,27.86,20.49,62.79
74.73,74.73,26.72,20.11,64.48
75.75,75.75,25.80,23.36,63.77
75.49,75.49,24.15,22.35,64.29
74.38,74.38,24.30,19.43,63.82
74.39,74.39,26.79,20.87,63.31
72.99,72.99,28.90,23.61,66.03
68.32,68.32,24.94,14.43,65.29
66.54,66.54,26.55,21.26,67.43
71.88,71.88,26.17,18.55,65.48
76.08,76.08,25.65,22.60,65.43
74.95,74.95,23.02,22.61,64.45
70.21,70.21,23.27,28.83,63.80
69.82,69.82,23.64,21.00,62.31
70.72,70.72,26.44,20.49,60.60
72.73,72.73,25.80,20.31,62.10
73.00,73.00,26.95,24.72,61.69
72.72,72.72,27.12,17.51,62.27
72.13,72.13,27.36,16.58,61.52
66.86,66.86,31.49,23.61,64.24
63.76,63.76,33.86,22.45,66.81
66.76,66.76,31.42,18.99,67.06
66.61,66.61,30.86,19.98,69.12
67.78,67.78,27.96,15.01,69.67
68.92,68.92,26.63,15.17,69.54
70.76,70.76,28.27,19.31,69.78
72.74,72.74,28.42,16.61,68.52
73.84,73.84,27.96,11.72,69.52
75.58,75.58,29.26,13.12,68.32
76.50,76.50,26.04,18.90,67.08
76.97,76.97,25.35,24.76,68.80
77.22,77.22,27.84,22.27,68.50
77.46,77.46,27.06,16.29,67.04
77.84,77.84,26.65,22.16,64.74
78.12,78.12,26.87,25.36,65.52
77.35,77.35,31.10,15.28,64.95
76.67,76.67,29.53,12.96,66.35
75.38,75.38,28.54,13.32,65.89
73.73,73.73,27.30,25.84,65.63
72.82,72.82,26.33,20.05,67.54
72.18,72.18,27.28,15.00,68.05
72.13,72.13,30.30,15.73,67.77
71.25,71.25,29.54,21.14,66.64
71.56,71.56,31.16,16.44,67.63
71.68,71.68,29.51,18.07,68.91
72.22,72.22,29.57,18.65,68.14
71.84,71.84,29.18,15.64,68.98
71.24,71.24,32.42,20.67,69.62
72.01,72.01,30.90,20.97,69.19
73.21,73.21,31.79,22.05,68.98
73.35,73.35,30.30,18.92,69.48
74.24,74.24,32.37,26.31,71.21
73.86,73.86,33.04,24.97,68.97
74.19,74.19,32.16,19.42,69.18
73.93,73.93,31.67,18.26,67.39
73.51,73.51,31.46,20.97,68.18
73.64,73.64,32.83,22.79,68.38
72.79,72.79,33.37,22.99,68.71
71.56,71.56,33.33,18.08,68.38
72.56,72.56,33.85,16.45,69.04
72.11,72.11,30.76,23.38,66.28
70.68,70.68,35.26,12.83,68.48
70.07,70.07,33.94,16.14,68.87
69.53,69.53,33.90,26.67,68.42
71.33,71.33,33.81,17.15,71.35
72.26,72.26,32.46,24.03,69.71
72.39,72.39,31.46,16.50,70.51
72.68,72.68,31.58,18.47,70.56
72.87,72.87,32.85,25.63,69.93
72.58,72.58,29.42,18.85,69.10
71.65,71.65,32.60,11.94,68.02
70.61,70.61,30.60,21.61,68.31
68.28,68.28,33.77,26.16,69.12
69.07,69.07,33.05,23.67,68.46
70.57,70.57,32.53,24.11,70.10
72.42,72.42,31.66,14.81,70.30
73.00,73.00,32.60,19.35,69.27
72.93,72.93,31.67,19.74,68.80
71.47,71.47,32.37,16.55,69.40
68.75,68.75,33.43,17.83,67.83
67.26,67.26,33.66,18.37,68.73
67.26,67.26,32.52,17.06,69.98
68.76,68.76,32.17,20.25,67.87
69.96,69.96,29.84,25.77,66.41
71.34,71.34,29.62,18.31,67.43
70.83,70.83,31.98,14.12,70.21
70.04,70.04,29.12,13.71,71.36
69.65,69.65,33.21,11.46,72.38
68.35,68.35,33.88,16.03,71.06
66.13,66.13,32.05,13.65,70.01
67.09,67.09,32.88,20.57,68.45
69.80,69.80,33.35,22.94,69.10
71.07,71.07,30.96,24.02,66.56
70.60,70.60,29.22,22.09,68.41
70.63,70.63,30.80,12.86,68.85
67.18,67.18,31.85,18.60,67.14
64.83,64.83,31.27,9.04,68.64
64.69,64.69,30.85,14.54,69.50
65.19,65.19,28.90,24.01,69.56
66.47,66.47,27.48,22.52,69.14
68.21,68.21,28.26,25.47,67.99
69.74,69.74,29.56,24.82,70.82
71.27,71.27,27.65,23.96,69.00
72.38,72.38,29.68,23.29,70.21
72.21,72.21,30.02,17.24,70.61
71.27,71.27,28.75,21.50,68.74
69.88,69.88,30.40,21.71,68.82
70.33,70.33,28.83,22.64,67.41
70.19,70.19,29.06,18.64,68.81
69.22,69.22,27.65,21.89,67.40
68.17,68.17,25.08,24.91,69.85
67.48,67.48,27.33,17.35,69.05
68.24,68.24,28.20,23.57,68.05
67.90,67.90,27.35,25.31,68.60
66.85,66.85,25.16,27.87,68.54
63.49,63.49,26.74,24.09,69.49
56.34,56.34,26.08,20.68,70.29
54.48,54.48,28.72,21.50,69.07
57.84,57.84,28.63,14.63,70.22
60.26,60.26,27.61,15.30,68.70
61.33,61.33,29.34,16.76,67.26
62.61,62.61,26.34,19.06,68.49
61.66,61.66,28.25,22.26,67.39
59.33,59.33,28.23,16.77,69.25
57.30,57.30,27.48,15.52,70.88
56.45,56.45,29.60,16.10,70.58
56.89,56.89,29.20,25.79,71.43
57.39,57.39,28.92,21.17,70.97
58.73,58.73,31.49,24.26,68.15
58.96,58.96,31.04,20.10,67.92
54.26,54.26,29.24,15.98,67.29
56.68,56.68,29.07,13.97,68.87
57.04,57.04,26.87,18.08,69.98
55.33,55.33,29.22,18.57,70.07
56.47,56.47,31.33,21.09,69.64
57.34,57.34,29.85,16.64,69.39
59.02,59.02,30.03,24.36,69.19
61.82,61.82,28.86,21.47,69.84
63.02,63.02,28.59,24.31,69.36
62.92,62.92,28.88,15.84,69.85
60.61,60.61,29.45,18.80,68.13
57.79,57.79,30.00,19.55,67.05
57.62,57.62,29.44,19.06,66.66
58.09,58.09,29.39,25.81,67.28
58.24,58.24,27.04,21.19,67.83
54.89,54.89,26.63,21.91,70.15
53.25,53.25,27.31,23.31,69.72
51.98,51.98,27.68,19.11,69.22
50.43,50.43,28.86,16.78,70.30
51.25,51.25,28.71,20.98,69.09
52.08,52.08,27.99,24.47,68.39
49.47,49.47,29.99,19.54,68.96
47.02,47.02,29.14,19.12,69.18
45.60,45.60,29.43,20.91,68.12
47.17,47.17,29.57,23.40,69.61
46.84,46.84,30.65,20.33,69.43
48.32,48.32,29.98,16.83,70.63
49.40,49.40,30.26,22.56,70.82
48.57,48.57,31.35,19.66,71.25
44.85,44.85,30.06,15.50,70.87
45.86,45.86,29.68,16.43,69.25
45.05,45.05,30.08,20.38,69.86
46.91,46.91,30.44,20.68,71.15
44.34,44.34,30.63,18.61,69.18
42.10,42.10,30.79,15.03,67.92
44.33,44.33,29.61,20.96,68.04
43.77,43.77,30.64,21.27,69.57
43.90,43.90,29.94,15.02,70.98
43.31,43.31,29.35,26.01,72.24
44.85,44.85,28.68,26.00,70.21
51.09,51.09,25.05,17.91,69.58
60.60,60.60,23.88,16.97,67.45
64.17,64.17,27.46,22.36,69.90
65.29,65.29,25.33,17.51,69.22
66.21,66.21,25.46,16.41,67.46
66.55,66.55,26.57,22.43,66.59
67.12,67.12,26.76,21.17,69.21
67.37,67.37,20.85,14.15,70.05
58.86,58.86,21.49,23.38,68.79
65.19,65.19,29.01,29.89,70.44
68.93,68.93,33.81,24.72,69.96
68.76,68.76,31.37,17.15,69.58
71.39,71.39,35.20,22.18,68.08
66.23,66.23,33.18,24.48,67.24
61.65,61.65,33.57,26.64,67.70
65.30,65.30,32.08,21.79,67.44
70.85,70.85,34.78,19.44,64.79
71.35,71.35,34.86,22.00,66.99
69.80,69.80,34.96,23.74,68.73
69.66,69.66,35.29,12.91,69.48
68.10,68.10,34.07,22.69,69.57
67.69,67.69,32.17,24.02,68.67
68.93,68.93,27.16,28.00,68.48
67.15,67.15,27.20,23.51,69.21
62.05,62.05,25.82,15.81,68.83
58.22,58.22,25.52,28.18,68.61
54.61,54.61,25.96,29.26,69.82
55.28,55.28,27.03,34.55,68.85
53.78,53.78,25.76,31.69,68.53
54.17,54.17,27.54,37.27,67.57
53.83,53.83,29.15,36.21,69.65
55.19,55.19,27.74,31.57,70.18
58.23,58.23,33.26,33.66,69.32
69.11,69.11,34.44,28.19,69.70
71.92,71.92,31.86,31.13,69.49
69.58,69.58,33.27,30.06,71.30
70.54,70.54,33.38,31.33,68.35
73.36,73.36,30.53,30.63,68.16
72.25,72.25,29.16,27.19,68.44
72.64,72.64,26.46,23.10,68.82
71.65,71.65,24.80,20.12,69.01
71.13,71.13,22.62,27.54,68.26
71.42,71.42,27.19,27.05,69.51
71.17,71.17,28.43,26.98,67.82
71.74,71.74,26.53,26.33,68.34
71.77,71.77,28.21,31.13,68.97
70.55,70.55,27.31,31.80,68.72
70.16,70.16,28.20,28.88,68.07
71.10,71.10,28.02,29.39,68.72
72.79,72.79,28.23,28.17,68.96
72.15,72.15,29.74,30.97,68.44
72.53,72.53,29.89,28.22,69.12
69.95,69.95,31.84,29.25,69.57
70.89,70.89,31.00,26.22,69.17
59.18,59.18,32.51,21.97,69.14
54.82,54.82,34.11,22.62,68.66
61.98,61.98,33.56,27.15,66.95
71.42,71.42,36.62,26.11,67.80
72.36,72.36,34.42,25.24,68.39
74.12,74.12,32.82,23.46,67.79
73.18,73.18,30.26,25.86,67.80
72.79,72.79,28.88,24.36,70.42
71.13,71.13,27.60,25.19,70.09
69.51,69.51,25.74,22.54,67.41
71.23,71.23,33.13,30.71,68.34
71.99,71.99,32.45,30.28,70.18
67.19,67.19,31.57,28.80,69.91
64.43,64.43,33.19,31.19,71.18
71.14,71.14,32.85,27.25,69.81
70.82,70.82,32.87,28.35,69.04
71.00,71.00,31.20,27.87,68.72
69.88,69.88,32.37,25.80,68.44
70.57,70.57,34.44,29.01,69.47
70.84,70.84,32.75,25.48,69.31
69.53,69.53,32.51,28.46,67.87
69.53,69.53,31.23,16.82,70.08
67.46,67.46,31.64,26.45,68.96
67.73,67.73,32.35,22.03,68.50
67.07,67.07,32.02,23.01,68.59
69.12,69.12,32.51,25.08,68.72
69.83,69.83,31.40,30.07,68.94
66.00,66.00,31.75,26.58,68.27
63.27,63.27,32.54,27.47,65.84
64.80,64.80,30.74,21.12,64.90
62.56,62.56,32.99,21.00,67.88
59.46,59.46,32.26,23.51,70.05
57.29,57.29,30.28,20.34,70.77
57.57,57.57,30.66,20.19,69.09
58.40,58.40,31.68,23.70,68.27
55.61,55.61,34.01,22.03,68.07
55.42,55.42,28.37,26.38,66.95
60.93,60.93,29.42,26.72,69.30
64.25,64.25,33.99,25.22,71.01
68.37,68.37,31.53,29.99,71.07
71.39,71.39,31.12,29.77,68.82
75.78,75.78,25.35,17.84,70.60
72.77,72.77,24.80,20.84,70.58
71.73,71.73,28.06,22.53,67.22
69.34,69.34,27.64,17.52,68.53
67.64,67.64,24.29,19.75,67.16
68.06,68.06,24.34,21.14,66.06
68.17,68.17,25.77,22.26,68.44
65.91,65.91,27.46,16.92,67.12
58.52,58.52,27.29,15.37,68.61
53.38,53.38,26.68,15.55,68.62
47.14,47.14,28.91,22.61,66.82
47.83,47.83,28.25,21.04,68.01
48.64,48.64,31.03,25.28,70.44
44.57,44.57,31.30,26.38,67.99
43.88,43.88,29.36,23.10,68.21
47.83,47.83,30.00,22.28,68.63
53.31,53.31,28.59,25.96,67.77
58.06,58.06,31.46,23.65,69.43
60.79,60.79,32.54,23.32,68.57
64.47,64.47,30.11,23.33,67.70
71.14,71.14,21.20,20.92,67.09
70.32,70.32,26.07,27.41,67.28
71.27,71.27,26.49,27.12,66.15
71.76,71.76,28.22,20.81,64.01
71.54,71.54,26.87,18.04,62.29
69.55,69.55,27.71,18.57,62.61
68.19,68.19,30.11,21.82,66.24
67.82,67.82,26.46,22.44,66.75
69.18,69.18,26.49,23.27,68.68
62.86,62.86,28.36,23.25,67.22
52.91,52.91,29.01,24.98,66.61
54.69,54.69,33.67,33.75,67.49
51.49,51.49,34.78,23.21,69.51
41.55,41.55,28.87,12.06,66.84
39.16,39.16,26.85,15.04,70.72
39.95,39.95,27.44,21.34,68.86
39.64,39.64,26.33,19.44,70.59
42.11,42.11,26.84,20.54,72.09
42.83,42.83,26.02,20.70,71.53
43.43,43.43,25.33,15.81,70.61
46.12,46.12,26.29,18.17,69.42
51.30,51.30,24.76,14.09,70.18
60.84,60.84,32.01,27.02,70.26
71.76,71.76,31.71,28.89,69.31
73.91,73.91,30.00,25.42,70.23
75.67,75.67,26.59,24.75,69.03
72.02,72.02,24.83,21.62,70.12
65.90,65.90,23.32,17.99,71.07
64.91,64.91,23.72,14.07,70.69
66.57,66.57,24.71,15.25,67.73
69.59,69.59,21.70,13.35,68.63
71.00,71.00,23.10,17.48,68.29
72.25,72.25,25.41,19.15,69.11
70.11,70.11,24.97,17.34,69.52
66.25,66.25,26.83,14.56,69.90
68.77,68.77,29.84,11.05,69.85
68.98,68.98,31.10,13.96,67.57
67.74,67.74,30.64,15.11,66.90
68.04,68.04,29.21,12.81,67.38
68.83,68.83,32.60,14.22,68.87
69.58,69.58,33.89,15.58,67.11
69.23,69.23,35.43,14.57,66.73
69.29,69.29,33.22,18.67,70.59
67.68,67.68,35.43,13.65,70.20
67.48,67.48,34.25,14.13,71.87
66.27,66.27,33.19,14.68,71.51
64.70,64.70,34.13,14.79,71.21
65.96,65.96,32.28,13.15,70.18
64.44,64.44,32.31,16.67,69.55
64.61,64.61,30.60,16.18,70.70
65.08,65.08,32.53,18.03,68.39
66.39,66.39,32.41,18.22,70.39
65.55,65.55,31.13,13.68,70.24
65.54,65.54,32.55,17.25,70.97
64.36,64.36,34.19,16.81,68.07
63.16,63.16,35.88,15.94,69.53
63.53,63.53,34.88,16.22,69.07
60.82,60.82,36.69,17.18,69.05
63.90,63.90,35.97,15.66,70.63
64.67,64.67,34.71,12.17,72.72
62.02,62.02,36.23,15.08,73.52
62.07,62.07,34.48,13.27,71.19
61.19,61.19,32.78,14.35,72.50
60.94,60.94,36.46,14.91,70.80
61.93,61.93,35.30,14.40,70.46
61.59,61.59,36.83,15.28,70.68
61.82,61.82,35.59,13.28,69.42
60.37,60.37,35.17,17.10,69.18
61.67,61.67,34.40,18.15,69.15
61.31,61.31,35.26,17.31,68.85
59.04,59.04,36.56,21.16,67.38
58.45,58.45,34.62,18.03,67.05
57.73,57.73,36.76,17.28,68.76
56.54,56.54,36.24,16.90,67.77
56.30,56.30,37.36,20.53,68.60
56.76,56.76,38.51,18.44,70.58
57.80,57.80,37.13,16.07,70.95
57.68,57.68,35.68,17.60,72.12
57.68,57.68,36.67,20.43,72.78
57.60,57.60,36.65,20.19,72.51
57.64,57.64,35.90,15.15,73.91
56.89,56.89,35.56,18.85,71.26
57.11,57.11,34.75,16.85,72.04
57.13,57.13,34.29,16.18,72.72
57.97,57.97,34.14,14.92,71.24
58.41,58.41,33.29,14.23,72.13
57.69,57.69,33.78,14.29,70.93
56.54,56.54,30.43,13.28,69.83
58.69,58.69,32.09,16.56,68.84
59.51,59.51,28.61,13.12,67.95
58.40,58.40,30.96,16.01,68.78
57.15,57.15,33.13,19.05,67.84
56.98,56.98,32.28,15.29,66.91
57.09,57.09,30.64,13.85,66.99
56.87,56.87,31.56,14.59,68.48
56.97,56.97,32.86,17.94,71.28
57.01,57.01,29.96,14.47,72.26
56.47,56.47,30.28,16.75,74.10
52.50,52.50,28.22,14.36,70.96
47.67,47.67,28.28,16.50,69.30
43.61,43.61,28.53,16.74,68.96
46.58,46.58,32.11,14.26,69.75
52.40,52.40,29.90,14.96,68.79
52.41,52.41,29.54,12.97,68.67
51.78,51.78,31.67,13.64,67.13
50.40,50.40,33.85,16.42,66.62
50.02,50.02,30.62,14.07,68.49
51.90,51.90,31.56,13.38,69.16
52.82,52.82,31.33,11.20,70.78
51.17,51.17,32.14,13.53,71.35
48.23,48.23,29.54,11.37,70.15
46.46,46.46,30.60,12.90,70.25
45.78,45.78,28.65,8.74,70.91
46.70,46.70,30.37,14.65,69.18
47.74,47.74,31.58,13.97,71.80
44.69,44.69,32.49,14.42,69.42
42.30,42.30,33.19,15.61,69.50
43.99,43.99,30.44,13.97,70.47
42.29,42.29,29.90,12.06,69.22
41.83,41.83,31.30,18.44,69.59
39.42,39.42,29.84,16.22,68.85
36.85,36.85,30.38,15.77,69.33
35.08,35.08,31.11,18.72,68.88
34.65,34.65,30.37,16.42,67.20
39.66,39.66,29.86,16.33,68.32
42.86,42.86,30.36,14.61,71.85
45.00,45.00,30.59,19.18,69.51
45.82,45.82,31.98,20.28,71.06
43.64,43.64,30.75,13.15,68.67
43.33,43.33,30.31,12.15,67.69
41.58,41.58,30.92,14.64,68.68
43.13,43.13,35.05,22.33,67.81
44.34,44.34,31.31,13.35,71.20
42.76,42.76,31.15,14.12,71.40
42.68,42.68,30.03,14.17,70.44
38.99,38.99,29.42,15.19,71.39
38.39,38.39,28.84,14.02,72.41
39.62,39.62,28.78,11.56,72.98
40.99,40.99,31.37,14.25,71.48
37.22,37.22,31.30,14.04,68.33
35.54,35.54,30.83,13.04,65.65
34.18,34.18,31.53,12.92,64.24
35.32,35.32,30.36,11.99,68.68
35.84,35.84,32.31,18.13,69.20
36.81,36.81,32.40,17.23,69.19
36.58,36.58,32.85,18.44,70.78
36.01,36.01,34.95,17.03,65.96
35.95,35.95,33.00,15.95,70.25
35.41,35.41,32.56,17.53,70.32
35.57,35.57,32.19,14.73,70.59
33.56,33.56,32.26,16.39,70.91
33.36,33.36,30.85,11.36,68.96
32.53,32.53,32.64,17.59,68.06
32.62,32.62,30.96,18.66,69.58
32.88,32.88,32.23,18.83,69.60
33.45,33.45,32.78,14.47,71.15
31.34,31.34,33.74,16.99,70.30
30.63,30.63,33.28,15.38,68.26
30.48,30.48,35.17,18.21,69.07
30.23,30.23,33.05,14.63,68.97
28.58,28.58,33.91,16.70,67.41
29.01,29.01,35.31,19.58,68.82
28.64,28.64,34.51,14.32,68.33
28.73,28.73,32.92,18.84,66.88
30.98,30.98,34.57,17.82,70.52
36.67,36.67,33.51,12.57,70.93
47.19,47.19,36.36,22.66,70.36
52.42,52.42,35.41,24.29,68.86
59.33,59.33,33.64,22.81,66.22
56.05,56.05,32.72,22.65,65.84
60.05,60.05,32.41,24.94,65.52
59.05,59.05,32.66,32.84,69.53
62.05,62.05,30.74,30.77,70.87
63.56,63.56,30.09,29.33,69.02
61.59,61.59,27.75,26.22,64.98
63.22,63.22,29.45,27.62,66.43
62.92,62.92,29.97,26.20,66.35
64.25,64.25,27.34,20.15,63.31
64.94,64.94,25.18,17.78,67.61
65.98,65.98,26.81,22.05,68.70
63.78,63.78,28.39,18.85,66.77
64.41,64.41,31.16,16.78,66.56
63.58,63.58,33.51,12.78,69.92
63.53,63.53,31.21,17.13,68.57
64.49,64.49,31.00,16.11,66.94
66.41,66.41,32.94,21.23,64.38
64.34,64.34,34.88,16.79,60.34
62.13,62.13,35.03,16.65,63.22
59.15,59.15,32.47,11.81,64.44
59.69,59.69,30.78,16.69,64.74
60.00,60.00,33.60,9.91,67.28
62.15,62.15,33.74,15.59,64.52
63.48,63.48,32.74,16.99,66.96
62.86,62.86,33.57,18.34,66.75
62.98,62.98,34.69,13.10,66.23
63.60,63.60,38.11,13.05,67.51
68.25,68.25,41.33,23.41,68.52
67.37,67.37,40.16,19.43,67.34
64.88,64.88,37.81,8.43,68.85
63.18,63.18,36.61,11.77,68.08
64.85,64.85,31.87,9.10,69.10
65.66,65.66,34.47,8.28,68.46
63.47,63.47,33.56,11.10,68.48
64.20,64.20,37.18,13.99,70.01
64.84,64.84,35.45,8.16,69.77
65.89,65.89,32.52,11.49,69.79
65.76,65.76,35.17,14.79,71.09
67.56,67.56,34.24,14.31,70.72
66.87,66.87,34.77,9.37,69.92
65.16,65.16,34.70,15.45,69.07
65.00,65.00,31.32,14.95,70.76
66.59,66.59,29.88,12.18,71.90
68.47,68.47,33.49,13.37,70.57
67.06,67.06,28.65,11.53,70.09
65.22,65.22,29.34,11.62,68.28
64.80,64.80,26.34,8.14,70.11
66.59,66.59,26.25,10.10,68.72
66.46,66.46,33.77,18.00,70.92
70.37,70.37,30.85,13.51,70.81
69.35,69.35,34.77,16.74,71.56
66.86,66.86,37.59,10.64,67.76
66.14,66.14,36.67,17.68,67.91
68.96,68.96,35.80,14.19,70.77
67.25,67.25,33.35,12.68,69.65
66.09,66.09,32.19,11.70,70.03
66.30,66.30,33.12,14.71,71.93
67.80,67.80,35.14,15.21,70.80
66.79,66.79,29.79,10.28,70.21
60.09,60.09,29.62,18.33,70.67
63.41,63.41,29.84,26.58,69.20
63.88,63.88,30.75,28.36,67.87
65.79,65.79,33.69,23.13,68.48
69.59,69.59,35.05,26.42,65.35
73.28,73.28,32.42,19.80,65.51
72.73,72.73,34.59,14.53,66.57
70.80,70.80,32.35,15.59,67.59
70.13,70.13,30.42,13.94,68.87
71.84,71.84,26.86,13.99,67.87
71.21,71.21,28.96,16.42,66.46
72.51,72.51,31.83,16.20,68.55
71.99,71.99,28.26,15.58,66.82
72.83,72.83,29.26,13.70,68.05
72.27,72.27,28.91,14.64,67.02
69.37,69.37,32.10,15.28,67.65
69.25,69.25,30.74,16.57,66.72
69.86,69.86,28.63,11.23,66.61
69.88,69.88,28.67,10.74,69.97
69.94,69.94,30.89,14.25,67.88
64.89,64.89,31.09,13.62,65.67
63.05,63.05,29.31,15.62,67.35
53.58,53.58,29.38,19.61,67.46
50.28,50.28,30.60,18.03,67.96
48.96,48.96,26.47,13.87,70.58
53.06,53.06,27.98,14.01,70.05
52.80,52.80,26.79,13.51,69.87
55.66,55.66,25.73,16.15,66.96
58.98,58.98,22.20,14.83,68.53
61.16,61.16,20.82,20.46,68.74
59.08,59.08,19.87,21.57,69.85
64.08,64.08,25.73,22.00,71.11
68.23,68.23,24.30,19.99,69.68
69.16,69.16,23.59,15.39,67.69
69.14,69.14,23.78,16.74,66.75
68.69,68.69,24.14,18.28,68.69
69.70,69.70,33.32,15.23,67.34
67.06,67.06,28.25,14.34,64.25
68.34,68.34,26.57,14.67,65.41
73.33,73.33,29.92,19.34,62.51
74.03,74.03,30.40,16.26,64.66
71.57,71.57,34.20,14.22,61.50
70.83,70.83,35.10,15.19,63.74
72.36,72.36,33.37,11.41,62.51
73.64,73.64,31.94,13.21,60.38
72.54,72.54,33.32,17.14,60.23
71.00,71.00,31.29,19.34,59.87
70.11,70.11,26.98,17.64,62.41
67.64,67.64,26.72,11.02,63.62
67.16,67.16,29.96,12.36,64.48
67.56,67.56,30.82,11.35,63.74
71.01,71.01,31.69,8.04,64.10
72.14,72.14,28.12,18.26,64.27
70.53,70.53,27.67,19.60,64.57
67.66,67.66,24.85,18.13,65.49
62.44,62.44,25.57,9.66,65.85
65.30,65.30,23.24,8.58,66.50
66.74,66.74,29.44,13.42,64.09
66.77,66.77,25.71,10.05,66.57
65.76,65.76,27.62,14.95,66.57
65.96,65.96,32.17,18.58,68.49
70.59,70.59,32.06,22.95,71.01
71.21,71.21,26.38,22.27,71.65
69.37,69.37,24.00,14.23,69.75
69.07,69.07,25.31,10.09,71.64
66.54,66.54,27.21,15.67,70.02
65.94,65.94,29.22,13.39,71.39
63.71,63.71,28.39,13.95,70.87
64.47,64.47,29.58,15.67,71.97
65.50,65.50,28.44,16.50,70.80
66.30,66.30,27.58,16.69,69.67
66.77,66.77,28.01,7.16,68.18
66.81,66.81,27.30,12.57,66.45
68.14,68.14,26.20,11.68,67.84
71.24,71.24,25.44,15.00,68.52
71.52,71.52,26.82,13.73,69.52
69.65,69.65,28.21,8.01,71.62
66.27,66.27,24.18,16.20,70.85
66.83,66.83,24.31,13.20,68.30
70.43,70.43,25.62,15.18,66.79
72.40,72.40,26.42,8.37,67.33
72.83,72.83,25.23,12.28,66.68
73.33,73.33,28.44,17.05,69.80
73.54,73.54,30.47,17.30,70.16
73.23,73.23,29.67,16.77,70.52
72.84,72.84,29.46,15.81,67.69
71.34,71.34,28.54,7.25,68.13
70.10,70.10,30.23,9.30,68.01
70.20,70.20,27.87,14.47,67.87
69.21,69.21,27.62,13.64,69.20
68.95,68.95,28.88,9.73,67.89
69.62,69.62,27.39,14.48,67.44
69.50,69.50,26.52,8.69,69.14
68.99,68.99,24.01,10.50,68.75
68.93,68.93,25.84,10.62,71.69
69.41,69.41,27.66,14.09,70.92
68.96,68.96,25.56,16.73,70.33
69.21,69.21,26.39,10.49,68.16
70.39,70.39,27.13,11.50,67.42
70.64,70.64,26.66,7.60,68.37
70.52,70.52,31.90,18.32,70.97
70.26,70.26,29.19,10.91,70.19
69.12,69.12,31.37,13.30,69.36
68.12,68.12,29.67,13.73,69.86
68.76,68.76,29.94,17.05,69.76
68.51,68.51,31.73,16.97,68.35
67.82,67.82,30.88,15.51,69.03
68.11,68.11,30.29,17.69,68.20
68.74,68.74,32.24,13.56,66.44
69.50,69.50,31.11,16.62,64.71
69.71,69.71,28.00,12.11,65.83
69.49,69.49,27.93,12.61,68.38
69.27,69.27,27.50,14.09,70.13
68.27,68.27,28.63,15.52,72.65
67.66,67.66,30.77,10.54,70.30
67.25,67.25,29.58,12.16,71.00
67.60,67.60,28.97,14.50,70.43
68.42,68.42,31.46,15.87,67.58
67.76,67.76,29.85,15.73,66.43
67.88,67.88,31.18,8.93,68.34
67.19,67.19,28.02,10.97,69.70
67.71,67.71,28.81,15.80,69.30
69.46,69.46,27.64,12.69,68.35
70.27,70.27,29.27,14.08,69.27
69.62,69.62,29.79,10.78,69.30
69.82,69.82,30.54,12.37,69.31
71.77,71.77,29.43,14.00,67.99
73.37,73.37,29.79,10.62,66.84
73.20,73.20,28.20,6.30,69.28
72.74,72.74,28.06,12.54,69.07
73.34,73.34,27.46,8.57,67.79
73.84,73.84,30.24,10.50,69.01
74.27,74.27,29.73,11.02,70.52
74.04,74.04,29.65,8.96,69.24
73.49,73.49,30.12,7.87,69.37
72.99,72.99,27.74,8.79,70.24
73.86,73.86,28.50,12.45,69.20
74.69,74.69,30.36,13.75,68.53
74.14,74.14,32.21,12.03,67.25
73.62,73.62,30.69,12.17,67.23
72.75,72.75,29.93,13.92,70.20
71.70,71.70,32.01,8.39,69.65
70.80,70.80,29.37,7.69,68.71
69.64,69.64,30.33,12.00,67.95
68.71,68.71,31.13,13.89,69.03
67.59,67.59,29.92,13.05,71.68
66.81,66.81,26.84,7.16,69.85
65.42,65.42,25.45,13.72,69.62
65.03,65.03,27.21,16.64,69.04
65.08,65.08,23.74,6.97,68.94
64.87,64.87,24.43,7.31,68.16
62.93,62.93,26.08,15.86,70.63
62.65,62.65,33.10,19.00,71.00
62.75,62.75,27.54,16.75,72.31
62.75,62.75,32.54,12.00,71.56
62.75,62.75,30.57,18.25,70.14
63.52,63.52,29.98,14.07,69.17
63.66,63.66,29.14,13.63,70.14
64.04,64.04,28.86,17.03,70.75
62.85,62.85,27.77,16.12,69.42
62.11,62.11,30.09,16.85,66.78
61.29,61.29,30.32,11.45,66.23
60.20,60.20,30.00,16.02,65.54
58.78,58.78,28.45,15.78,69.15
58.50,58.50,25.65,17.28,69.27
57.35,57.35,30.58,12.66,68.82
55.92,55.92,26.85,12.61,68.43
54.82,54.82,25.52,14.82,69.77
53.86,53.86,26.60,14.74,68.58
54.29,54.29,28.85,13.19,68.58
53.60,53.60,28.78,15.75,68.71
53.33,53.33,29.68,12.58,69.05
53.60,53.60,29.83,15.33,67.88
52.65,52.65,30.55,17.40,67.96
51.32,51.32,27.63,14.26,70.54
49.40,49.40,28.87,17.87,69.48
49.48,49.48,31.18,16.84,69.26
50.68,50.68,28.91,18.12,69.93
49.16,49.16,30.29,19.55,68.99
48.34,48.34,30.99,18.37,69.94
48.78,48.78,29.65,19.35,68.14
50.32,50.32,31.02,17.86,70.28
50.52,50.52,29.45,19.80,69.08
50.59,50.59,29.01,21.20,71.05
48.67,48.67,29.58,17.48,69.92
45.26,45.26,29.96,21.86,70.35
43.42,43.42,28.30,15.39,69.42
43.14,43.14,27.75,21.55,71.77
41.66,41.66,26.85,13.44,70.53
43.70,43.70,27.07,18.73,70.33
45.62,45.62,29.37,15.93,70.39
44.75,44.75,29.49,19.74,70.93
44.96,44.96,29.05,19.51,72.18
44.67,44.67,29.33,18.71,72.57
43.19,43.19,29.94,24.71,70.42
40.08,40.08,29.08,22.42,68.54
39.58,39.58,29.67,21.63,70.29
37.89,37.89,30.60,20.20,71.56
38.68,38.68,28.59,21.66,72.51
37.48,37.48,29.77,18.64,72.06
34.68,34.68,28.02,23.06,71.86
34.32,34.32,29.40,23.18,71.96
31.53,31.53,29.41,19.02,69.31
31.49,31.49,29.25,23.67,70.32
29.90,29.90,28.55,23.52,71.54
28.40,28.40,30.05,25.06,72.69
28.27,28.27,30.85,26.37,71.86
27.14,27.14,29.92,28.57,71.73
27.41,27.41,31.13,25.76,70.73
26.46,26.46,31.85,23.91,70.57
29.53,29.53,36.10,25.57,71.23
28.35,28.35,36.35,28.11,71.96
27.88,27.88,38.24,25.07,70.99
28.26,28.26,35.39,25.49,70.70
25.65,25.65,32.43,24.36,69.70
31.21,31.21,32.60,30.31,68.72
39.34,39.34,30.30,17.89,69.70
49.91,49.91,27.78,17.13,70.80
64.96,64.96,34.84,19.32,68.89
68.61,68.61,30.75,22.17,71.93
71.04,71.04,31.02,20.21,72.55
69.69,69.69,31.13,17.61,72.28
69.99,69.99,30.09,20.74,71.22
69.52,69.52,29.96,15.55,71.84
70.90,70.90,30.64,22.09,70.46
70.10,70.10,32.37,20.06,70.42
68.65,68.65,33.87,19.79,71.84
62.94,62.94,31.67,19.12,71.51
61.03,61.03,32.64,18.98,69.85
59.64,59.64,36.66,14.49,71.38
59.65,59.65,37.25,21.81,71.89
59.70,59.70,39.51,22.97,71.99
56.91,56.91,39.31,24.94,73.09
54.94,54.94,37.13,20.92,75.25
56.80,56.80,37.22,21.62,73.04
56.42,56.42,39.78,20.35,71.86
53.83,53.83,36.11,18.20,72.37
55.61,55.61,36.78,19.44,72.06
71.25,71.25,37.87,25.61,71.92
69.54,69.54,35.60,13.04,73.10
69.29,69.29,36.57,13.31,74.29
67.52,67.52,37.84,26.35,71.72
70.93,70.93,44.00,26.80,71.19
69.27,69.27,53.73,35.68,71.33
68.19,68.19,65.17,53.27,69.13
58.98,58.98,79.72,53.97,64.24
59.55,59.55,83.94,58.24,62.70
64.76,64.76,78.37,63.48,67.00
64.71,64.71,70.43,67.74,69.04
65.72,65.72,76.47,67.62,69.74
66.37,66.37,72.29,70.94,72.03
65.76,65.76,67.91,63.81,71.41
63.14,63.14,64.55,73.19,70.47
69.19,69.19,62.63,71.90,71.06
70.78,70.78,62.20,71.89,69.59
70.43,70.43,61.30,73.40,69.43
63.17,63.17,62.31,69.79,68.27
62.96,62.96,62.36,71.83,70.24
66.43,66.43,60.33,71.60,70.33
68.26,68.26,61.03,67.78,70.91
70.42,70.42,59.22,70.56,69.74
70.35,70.35,58.47,73.83,69.73
70.47,70.47,59.50,75.10,70.91
71.14,71.14,60.79,72.02,71.42
69.96,69.96,59.85,68.79,70.90
69.42,69.42,60.81,73.35,69.71
68.11,68.11,61.32,76.22,70.41
63.66,63.66,60.74,71.19,70.15
63.48,63.48,62.68,74.52,69.83
67.27,67.27,62.54,76.02,70.53
66.63,66.63,63.38,74.62,70.22
68.42,68.42,61.69,73.91,69.66
68.96,68.96,62.18,75.68,67.84
67.94,67.94,63.47,77.02,68.67
67.07,67.07,63.23,75.47,68.25
66.34,66.34,62.56,74.68,68.01
66.36,66.36,61.94,76.83,68.72
63.37,63.37,61.96,77.55,67.49
64.01,64.01,64.11,75.60,66.83
63.17,63.17,63.19,76.54,68.44
65.83,65.83,63.97,77.05,69.48
62.62,62.62,63.09,76.09,70.06
63.67,63.67,64.09,75.94,68.61
58.66,58.66,64.65,75.47,69.22
61.13,61.13,64.06,76.88,68.38
61.55,61.55,64.33,75.68,70.03
60.92,60.92,63.76,73.66,69.33
64.66,64.66,64.13,75.60,71.37
69.37,69.37,64.10,75.22,70.84
70.25,70.25,62.84,73.62,70.80
68.64,68.64,62.41,72.27,69.92
66.72,66.72,62.97,73.19,68.83
66.87,66.87,62.77,72.50,67.61
66.83,66.83,62.63,70.80,68.15
65.63,65.63,63.23,69.96,70.44
63.37,63.37,65.11,72.56,68.23
61.54,61.54,64.81,68.28,68.79
65.93,65.93,64.13,64.39,69.60
65.66,65.66,63.66,66.60,72.04
64.97,64.97,62.69,68.06,71.61
66.53,66.53,63.90,60.71,72.75
65.81,65.81,63.35,58.43,72.13
63.27,63.27,64.25,67.03,72.60
63.78,63.78,63.60,63.36,73.12
64.46,64.46,63.87,63.70,71.79
61.88,61.88,63.83,65.66,72.94
62.99,62.99,62.90,69.36,70.83
63.09,63.09,63.21,67.82,72.02
61.48,61.48,62.68,69.25,70.61
62.16,62.16,62.05,69.65,71.91
63.94,63.94,64.50,70.29,71.82
63.12,63.12,61.44,70.36,71.00
64.79,64.79,62.23,71.83,71.20
64.64,64.64,62.91,72.01,69.99
63.39,63.39,62.24,72.29,70.35
64.74,64.74,63.95,71.59,69.73
65.31,65.31,62.36,73.33,70.59
65.08,65.08,62.81,75.36,68.60
68.52,68.52,62.10,73.65,69.64
69.93,69.93,62.23,73.36,68.96
69.12,69.12,62.55,74.24,68.96
71.57,71.57,61.06,74.94,68.61
71.55,71.55,61.99,73.22,66.07
70.09,70.09,61.22,73.53,67.87
70.65,70.65,62.11,75.29,68.99
71.45,71.45,61.41,74.97,68.70
70.78,70.78,61.94,72.85,68.27
70.35,70.35,61.18,73.58,68.21
69.68,69.68,60.59,77.20,68.19
68.43,68.43,60.65,73.70,67.35
66.15,66.15,61.73,71.81,68.23
66.51,66.51,61.22,74.36,68.58
65.25,65.25,60.52,74.95,69.29
63.97,63.97,60.99,71.13,70.07
65.26,65.26,59.67,70.90,68.90
64.52,64.52,59.55,75.46,69.47
66.32,66.32,59.68,71.28,69.23
66.87,66.87,58.97,69.66,69.13
69.40,69.40,59.66,73.77,69.30
69.97,69.97,59.35,75.96,67.75
69.20,69.20,59.02,72.52,67.44
68.81,68.81,59.48,71.72,70.35
65.69,65.69,60.32,74.78,70.46
62.27,62.27,59.88,74.09,71.29
62.60,62.60,60.63,73.84,70.21
64.62,64.62,61.13,73.26,70.45
64.19,64.19,60.11,72.96,69.40
64.06,64.06,60.03,72.42,69.48
65.71,65.71,60.03,72.38,69.07
65.01,65.01,59.70,73.73,69.22
65.32,65.32,59.41,71.89,69.30
64.32,64.32,58.44,75.17,70.98
63.53,63.53,59.05,70.78,70.02
63.97,63.97,59.04,73.21,68.25
65.64,65.64,58.83,72.24,70.70
64.75,64.75,58.59,75.15,69.37
63.25,63.25,59.97,70.60,69.62
65.22,65.22,59.68,69.54,69.48
64.81,64.81,59.10,74.46,69.63
65.43,65.43,59.34,71.06,68.18
66.49,66.49,58.05,66.00,68.22
67.18,67.18,58.83,66.46,69.92
65.43,65.43,58.85,74.66,67.96
64.14,64.14,59.48,68.04,70.25
63.52,63.52,58.89,70.53,68.95
64.72,64.72,58.04,72.49,71.21
66.37,66.37,57.85,74.95,71.30
68.58,68.58,58.50,67.22,70.01
69.58,69.58,57.13,69.99,68.57
68.18,68.18,57.90,75.62,69.35
67.64,67.64,58.27,71.83,69.21
68.58,68.58,58.71,70.74,71.65
67.69,67.69,57.61,71.30,72.31
67.11,67.11,56.69,74.62,71.52
66.45,66.45,57.13,71.60,70.76
65.28,65.28,57.33,71.05,69.14
65.86,65.86,57.59,73.07,71.11
67.23,67.23,56.24,74.42,71.35
66.44,66.44,56.76,71.28,73.06
67.40,67.40,56.83,70.69,73.27
67.53,67.53,57.02,74.92,71.88
65.93,65.93,56.23,72.30,69.81
63.07,63.07,56.89,70.21,70.08
60.64,60.64,57.56,71.28,68.91
53.00,53.00,56.54,73.00,68.48
56.33,56.33,57.05,70.03,69.22
53.23,53.23,57.91,69.78,70.51
54.12,54.12,58.00,71.14,68.63
53.81,53.81,57.44,71.45,70.34
50.73,50.73,57.72,67.10,70.01
52.02,52.02,57.30,67.59,68.34
50.81,50.81,57.95,71.92,68.26
50.93,50.93,58.32,69.01,69.42
51.44,51.44,58.74,64.74,69.18
49.20,49.20,58.53,66.78,70.55
56.86,56.86,59.66,71.17,71.64
56.93,56.93,57.68,66.38,70.64
52.06,52.06,57.99,65.23,70.93
52.85,52.85,57.38,64.49,70.28
54.63,54.63,58.25,69.99,70.44
53.25,53.25,57.97,67.36,67.31
49.49,49.49,58.06,64.97,67.99
57.58,57.58,58.17,67.88,68.79
58.83,58.83,58.57,68.34,69.85
54.34,54.34,58.40,66.42,68.49
49.89,49.89,57.70,67.58,69.21
51.48,51.48,57.73,72.39,68.90
51.22,51.22,57.87,70.03,69.00
48.95,48.95,58.23,68.87,70.18
52.25,52.25,59.01,70.93,69.38
52.63,52.63,58.84,72.99,68.12
52.72,52.72,58.27,69.92,70.19
52.40,52.40,57.55,66.64,69.56
52.08,52.08,58.24,67.20,69.40
51.15,51.15,58.92,71.32,67.92
51.96,51.96,58.56,71.49,64.55
51.84,51.84,58.79,67.19,66.12
49.46,49.46,59.03,69.63,65.04
49.87,49.87,59.35,67.03,67.69
48.93,48.93,58.70,67.17,67.22
49.73,49.73,58.04,64.53,67.23
45.64,45.64,59.37,64.01,66.05
42.38,42.38,58.07,62.78,67.53
44.13,44.13,57.64,64.37,69.05
45.86,45.86,57.23,62.43,69.70
50.00,50.00,57.78,64.86,70.44
52.22,52.22,55.99,70.31,70.63
55.20,55.20,53.93,70.81,66.91
59.98,59.98,53.49,68.41,68.96
70.20,70.20,53.08,69.33,70.38
74.10,74.10,52.82,72.30,70.01
72.15,72.15,52.23,73.87,70.36
70.79,70.79,52.56,76.63,70.08
69.70,69.70,51.37,73.48,73.68
70.16,70.16,53.25,74.56,70.47
70.92,70.92,53.00,76.24,71.65
68.87,68.87,52.75,73.48,68.74
70.77,70.77,54.83,68.90,68.31
69.18,69.18,57.80,72.51,67.62
67.61,67.61,58.51,72.93,67.41
68.98,68.98,57.36,71.39,68.10
70.33,70.33,58.03,73.66,67.84
70.98,70.98,57.07,75.51,67.70
70.59,70.59,56.82,74.46,68.32
71.68,71.68,58.00,71.38,68.35
71.15,71.15,57.21,73.89,70.49
69.19,69.19,57.84,75.76,69.13
68.59,68.59,58.35,75.17,68.83
68.21,68.21,57.61,73.65,67.13
70.01,70.01,56.99,74.55,68.19
70.45,70.45,56.95,76.99,66.25
69.05,69.05,55.72,76.89,66.92
70.46,70.46,54.65,76.80,67.97
69.34,69.34,55.24,76.62,69.47
69.17,69.17,55.46,76.92,69.98
70.14,70.14,54.88,76.87,70.48
69.72,69.72,55.68,76.61,71.86
70.02,70.02,54.08,76.85,69.83
69.56,69.56,53.88,76.95,70.83
69.44,69.44,53.03,76.70,67.93
68.91,68.91,51.68,76.29,69.32
70.60,70.60,53.03,76.86,67.73
70.85,70.85,53.30,77.50,68.05
72.66,72.66,52.99,79.14,68.08
71.62,71.62,52.90,77.87,67.10
68.34,68.34,52.39,77.64,68.74
70.45,70.45,51.88,77.77,69.20
73.11,73.11,51.73,77.84,66.51
71.49,71.49,52.35,78.46,67.49
69.81,69.81,52.53,79.71,68.30
68.63,68.63,52.55,78.87,68.70
69.08,69.08,52.32,79.00,69.29
69.53,69.53,51.44,78.94,70.22
69.43,69.43,50.21,79.34,70.02
69.23,69.23,49.44,79.55,69.07
70.26,70.26,49.81,80.68,68.48
70.36,70.36,50.58,79.89,67.48
70.40,70.40,49.02,79.18,67.82
69.02,69.02,49.86,79.02,68.17
70.21,70.21,50.09,79.08,67.30
67.68,67.68,49.50,80.49,67.64
70.26,70.26,50.60,79.99,66.92
71.43,71.43,50.36,79.04,66.36
71.77,71.77,48.61,79.18,66.40
70.61,70.61,50.12,78.93,69.47
71.94,71.94,50.14,78.51,66.13
70.12,70.12,48.88,79.11,65.96
69.71,69.71,48.53,80.02,66.32
71.06,71.06,50.22,78.68,66.26
69.53,69.53,51.27,78.24,66.32
69.52,69.52,51.48,78.15,69.04
70.29,70.29,51.52,78.46,69.08
70.54,70.54,51.28,79.94,69.25
69.54,69.54,51.39,78.73,67.12
69.26,69.26,50.37,78.01,67.60
69.90,69.90,51.16,77.57,65.28
70.44,70.44,49.99,77.37,67.13
69.28,69.28,49.43,77.78,68.87
71.12,71.12,48.10,78.81,68.03
70.58,70.58,48.49,77.69,68.09
72.51,72.51,47.07,77.06,67.84
69.47,69.47,47.72,76.98,68.73
72.17,72.17,46.54,77.10,66.83
70.77,70.77,44.29,77.28,65.78
69.92,69.92,45.35,78.42,66.26
69.76,69.76,46.21,77.29,66.14
71.94,71.94,46.95,76.70,64.41
73.06,73.06,46.35,76.23,66.39
71.63,71.63,48.01,76.37,66.20
69.18,69.18,48.80,76.77,64.92
68.29,68.29,48.74,77.87,65.31
72.37,72.37,48.90,76.30,65.00
73.14,73.14,48.42,75.42,66.29
71.76,71.76,48.50,75.26,66.89
69.23,69.23,50.06,75.03,64.06
68.52,68.52,50.31,74.87,65.08
69.77,69.77,49.58,75.32,66.10
70.34,70.34,49.40,74.54,65.79
71.45,71.45,47.43,75.90,66.41
70.30,70.30,45.70,71.64,65.65
70.10,70.10,45.66,76.78,67.74
70.92,70.92,44.06,69.87,67.76
69.15,69.15,45.97,74.82,72.97
68.76,68.76,46.70,73.64,69.60
67.92,67.92,46.01,72.98,71.54
69.42,69.42,48.34,73.89,71.47
71.15,71.15,51.23,73.49,69.37
69.89,69.89,51.57,71.73,67.84
71.15,71.15,53.21,73.28,69.67
72.65,72.65,54.12,72.56,69.91
72.29,72.29,55.24,70.65,69.86
72.69,72.69,53.13,71.58,70.28
72.48,72.48,52.93,73.68,69.10
73.69,73.69,51.53,67.55,69.54
71.24,71.24,52.83,68.98,69.92
72.37,72.37,53.39,74.72,70.21
73.14,73.14,51.05,70.04,70.32
73.16,73.16,51.17,71.36,69.99
73.51,73.51,50.21,72.41,68.87
72.67,72.67,50.04,70.83,68.53
73.02,73.02,48.68,68.63,67.29
72.06,72.06,48.95,69.12,68.57
73.23,73.23,47.97,72.24,69.12
72.70,72.70,46.32,68.90,69.77
66.83,66.83,47.28,67.96,67.22
70.56,70.56,46.25,74.56,70.62
72.58,72.58,43.60,70.20,70.39
72.93,72.93,44.75,69.04,72.00
73.21,73.21,44.66,75.52,68.22
72.95,72.95,46.34,67.36,70.66
71.65,71.65,45.55,66.80,70.61
71.47,71.47,45.85,74.37,71.99
72.46,72.46,45.50,67.50,69.54
72.97,72.97,44.72,68.20,71.19
71.16,71.16,43.45,73.12,70.35
69.14,69.14,42.52,71.05,71.36
70.88,70.88,42.72,68.87,71.09
69.60,69.60,42.47,70.19,68.46
69.09,69.09,43.94,74.07,69.49
70.15,70.15,45.82,69.43,68.10
68.17,68.17,45.03,67.94,68.96
69.94,69.94,45.39,77.94,68.91
68.58,68.58,44.33,66.90,70.92
67.95,67.95,44.46,68.54,70.55
67.86,67.86,45.04,78.35,70.96
66.39,66.39,44.50,65.33,71.15
68.54,68.54,43.56,67.21,70.45
68.99,68.99,42.80,75.11,68.55
69.52,69.52,42.22,68.69,66.53
70.19,70.19,41.52,69.12,68.76
72.03,72.03,41.91,73.60,68.48
71.66,71.66,40.31,73.41,72.33
68.58,68.58,41.75,67.58,70.61
69.83,69.83,41.14,71.17,73.57
69.69,69.69,41.94,76.18,73.59
70.37,70.37,41.99,67.95,71.28
70.68,70.68,42.12,70.52,71.94
68.41,68.41,41.57,77.45,69.17
69.92,69.92,40.67,69.33,68.21
70.96,70.96,41.31,68.36,66.08
68.97,68.97,41.79,76.30,67.56
73.05,73.05,42.28,68.77,68.44
69.28,69.28,43.06,69.88,68.72
69.19,69.19,44.17,75.55,69.15
71.12,71.12,43.95,69.87,67.03
69.36,69.36,42.70,70.48,69.17
71.48,71.48,43.52,75.10,69.86
70.84,70.84,42.58,70.84,69.78
70.83,70.83,42.95,70.41,73.00
69.87,69.87,42.38,73.70,71.37
71.14,71.14,42.56,71.26,70.74
73.03,73.03,41.45,70.13,72.55
73.08,73.08,43.56,71.14,70.52
73.57,73.57,43.70,74.09,71.37
72.62,72.62,43.59,70.94,71.14
70.62,70.62,42.16,72.07,70.89
70.08,70.08,44.55,75.11,70.20
69.27,69.27,42.12,70.47,68.64
68.17,68.17,41.95,72.34,71.77
67.58,67.58,40.92,73.97,71.88
65.17,65.17,40.95,71.58,69.65
67.46,67.46,41.48,72.51,72.49
66.52,66.52,40.94,73.18,71.95
66.09,66.09,40.49,73.59,74.48
68.70,68.70,40.84,71.57,71.80
67.53,67.53,40.68,72.60,71.38
68.04,68.04,41.33,73.82,73.60
68.38,68.38,42.28,71.45,69.20
69.64,69.64,41.60,71.63,70.08
69.77,69.77,42.11,75.16,68.99
68.25,68.25,40.30,71.83,71.68
67.16,67.16,41.20,72.02,70.53
67.08,67.08,41.10,73.92,72.63
69.91,69.91,40.14,71.03,71.03
69.44,69.44,39.62,73.34,70.57
71.74,71.74,39.77,73.89,71.07
72.53,72.53,38.18,71.65,70.16
71.61,71.61,40.26,73.60,69.44
70.49,70.49,39.75,72.77,66.77
70.78,70.78,39.89,72.07,69.22
70.07,70.07,39.69,73.35,69.26
68.04,68.04,38.93,72.99,72.85
68.95,68.95,38.52,74.18,69.91
68.63,68.63,37.86,74.24,73.65
68.74,68.74,38.08,73.20,69.70
67.94,67.94,38.71,74.99,70.60
68.50,68.50,37.46,72.93,69.18
71.49,71.49,38.30,74.15,70.27
71.61,71.61,37.88,75.61,69.13
72.50,72.50,38.16,72.07,67.46
73.95,73.95,38.36,75.79,66.51
73.74,73.74,38.47,75.11,67.92
73.92,73.92,38.13,73.82,69.20
73.13,73.13,38.33,75.35,69.41
73.15,73.15,37.67,75.10,69.34
73.34,73.34,37.14,74.20,70.20
73.41,73.41,37.03,75.64,70.55
72.96,72.96,37.37,75.16,71.32
69.37,69.37,36.44,75.38,70.50
68.27,68.27,38.33,74.70,71.34
67.66,67.66,38.53,75.05,69.71
69.96,69.96,38.11,76.37,69.46
69.37,69.37,38.10,74.96,69.32
68.30,68.30,40.06,74.97,68.93
70.12,70.12,38.23,77.01,69.08
71.66,71.66,37.70,74.40,68.44
72.95,72.95,37.01,76.43,68.79
72.99,72.99,37.29,77.26,67.94
72.16,72.16,37.35,73.48,69.87
71.48,71.48,38.38,76.93,71.47
70.69,70.69,39.36,75.76,72.12
71.86,71.86,39.04,75.29,72.94
68.20,68.20,38.68,77.33,70.91
65.74,65.74,38.56,75.71,72.21
66.45,66.45,37.80,76.17,71.87
63.61,63.61,37.17,77.19,69.17
62.43,62.43,37.28,76.10,71.11
61.36,61.36,37.12,77.19,71.19
62.33,62.33,37.39,77.45,70.67
60.38,60.38,38.42,75.86,71.14
63.25,63.25,36.89,77.70,72.15
62.14,62.14,35.52,76.42,70.90
61.76,61.76,37.18,75.75,70.87
62.88,62.88,36.14,77.98,70.13
60.09,60.09,36.07,75.18,69.45
59.87,59.87,35.19,76.63,70.53
65.70,65.70,35.23,78.32,71.59
67.83,67.83,35.46,74.32,72.51
67.95,67.95,35.65,77.69,71.35
65.46,65.46,34.21,76.17,72.20
67.18,67.18,36.39,76.24,70.55
68.49,68.49,37.06,76.69,71.89
69.83,69.83,38.36,73.66,69.30
68.78,68.78,36.36,71.83,70.14
68.26,68.26,37.27,63.01,71.80
66.61,66.61,39.22,67.95,70.70
62.44,62.44,40.33,63.22,70.00
59.78,59.78,41.33,63.79,68.90
62.41,62.41,38.76,62.90,70.76
62.40,62.40,36.69,63.16,73.24
67.21,67.21,35.95,52.04,69.37
69.06,69.06,33.17,58.25,68.78
69.32,69.32,32.82,60.28,69.48
69.36,69.36,32.69,56.46,70.82
70.83,70.83,32.30,56.67,69.58
69.55,69.55,31.93,57.19,70.35
68.96,68.96,34.87,55.55,68.09
70.60,70.60,33.41,56.37,69.28
69.27,69.27,35.73,55.86,70.26
68.34,68.34,37.20,55.24,68.79
63.97,63.97,37.59,57.70,70.87
65.11,65.11,39.97,56.50,69.73
64.32,64.32,40.92,56.05,69.86
66.25,66.25,41.61,57.31,69.70
69.27,69.27,44.00,55.20,69.36
69.96,69.96,42.25,54.81,71.51
68.04,68.04,39.16,58.17,70.72
67.84,67.84,40.52,51.44,69.51
68.60,68.60,41.25,56.31,70.03
74.14,74.14,42.12,56.63,69.40
72.72,72.72,36.49,57.69,69.20
71.67,71.67,35.16,57.96,69.37
72.57,72.57,36.87,54.85,69.80
69.42,69.42,37.17,56.15,67.15
72.14,72.14,45.49,57.58,68.02
70.58,70.58,56.19,55.16,69.42
68.27,68.27,71.40,57.47,69.39
59.22,59.22,82.69,59.79,65.88
65.61,65.61,81.91,64.30,69.42
65.44,65.44,75.84,59.86,70.40
68.74,68.74,72.69,67.06,69.43
67.28,67.28,75.58,65.13,69.99
65.74,65.74,72.12,60.90,69.29
67.83,67.83,63.93,69.67,70.75
67.94,67.94,58.75,64.79,70.41
68.31,68.31,57.65,63.99,70.29
65.04,65.04,57.61,66.39,70.39
69.57,69.57,55.37,64.35,70.32
68.53,68.53,52.70,67.37,71.10
67.46,67.46,48.26,65.08,70.89
70.43,70.43,47.62,65.25,70.96
71.27,71.27,45.06,57.44,71.90
71.76,71.76,45.06,60.45,72.42
71.69,71.69,47.06,65.58,69.96
71.25,71.25,46.92,63.96,69.21
70.62,70.62,47.03,62.63,70.74
71.41,71.41,47.91,69.05,71.94
71.66,71.66,48.32,70.97,70.75
68.48,68.48,50.19,66.82,72.21
66.06,66.06,52.35,69.55,70.93
66.92,66.92,53.27,70.47,71.39
67.05,67.05,54.80,72.16,73.42
67.21,67.21,57.68,69.96,71.85
66.32,66.32,56.41,72.03,73.44
67.07,67.07,57.35,73.19,74.43
70.87,70.87,58.12,72.52,70.19
71.24,71.24,57.47,72.44,72.41
69.41,69.41,57.56,73.67,70.35
71.20,71.20,56.97,74.61,69.06
70.01,70.01,57.23,74.02,69.87
66.39,66.39,56.78,74.80,70.21
67.16,67.16,57.57,74.72,69.77
65.34,65.34,56.36,76.03,71.02
65.79,65.79,57.26,76.41,71.11
64.65,64.65,57.29,75.75,72.57
62.79,62.79,57.07,75.41,72.98
61.95,61.95,56.72,75.67,73.67
62.69,62.69,56.78,76.03,72.34
64.50,64.50,57.56,75.34,73.87
64.45,64.45,57.29,74.61,72.32
64.79,64.79,56.94,76.50,73.00
64.51,64.51,56.78,75.81,71.42
66.51,66.51,56.62,75.01,70.89
69.64,69.64,55.55,75.68,72.20
68.35,68.35,54.92,78.26,70.61
65.81,65.81,54.26,75.63,70.73
65.67,65.67,55.76,74.00,72.17
64.28,64.28,54.03,75.16,71.44
62.06,62.06,53.18,75.91,74.21
60.81,60.81,53.85,73.40,73.80
61.00,61.00,54.72,72.45,73.93
63.77,63.77,55.42,76.01,73.36
64.32,64.32,54.21,72.05,71.96
63.88,63.88,54.27,71.71,71.53
63.98,63.98,54.12,72.32,71.96
64.68,64.68,55.85,77.80,71.75
63.67,63.67,55.28,72.38,72.78
66.19,66.19,55.44,69.44,72.72
67.46,67.46,55.04,72.26,70.79
68.95,68.95,54.11,75.88,73.22
69.19,69.19,54.23,72.83,73.69
70.48,70.48,54.49,72.89,73.47
72.28,72.28,55.17,74.71,72.35
71.47,71.47,53.92,73.90,71.38
67.68,67.68,52.05,72.69,70.83
66.97,66.97,53.90,75.44,69.66
68.48,68.48,53.55,75.08,70.29
64.94,64.94,53.01,75.54,71.55
62.33,62.33,52.78,71.85,72.53
66.39,66.39,53.47,74.48,72.00
66.25,66.25,54.35,74.77,73.02
61.85,61.85,52.81,74.34,72.20
63.60,63.60,53.04,72.18,72.01
67.15,67.15,53.23,71.58,70.77
66.60,66.60,51.64,74.71,71.95
66.49,66.49,51.93,72.89,73.57
66.04,66.04,51.46,72.56,71.80
65.25,65.25,51.38,70.57,72.75
61.35,61.35,51.37,75.26,74.20
62.72,62.72,52.14,68.51,74.80
64.10,64.10,51.39,68.01,71.91
62.54,62.54,50.25,70.16,74.18
60.75,60.75,51.11,72.80,72.38
61.35,61.35,50.70,66.69,72.20
61.17,61.17,50.09,69.03,73.98
60.96,60.96,51.87,75.51,73.80
61.63,61.63,49.92,70.94,73.94
59.47,59.47,50.27,69.66,74.87
58.46,58.46,49.49,69.57,73.48
59.12,59.12,49.03,74.77,75.03
59.56,59.56,49.29,70.75,73.62
60.18,60.18,47.79,71.05,74.04
61.79,61.79,49.99,72.70,72.72
62.20,62.20,49.63,74.74,73.94
62.41,62.41,49.69,69.30,71.45
63.10,63.10,50.06,70.72,72.73
62.12,62.12,50.02,74.45,73.70
63.20,63.20,49.45,73.98,74.95
61.59,61.59,50.10,70.87,72.45
61.98,61.98,49.87,71.36,73.88
65.09,65.09,48.67,74.26,70.98
67.85,67.85,47.80,71.94,73.80
67.88,67.88,46.67,70.68,73.03
68.63,68.63,46.84,71.13,73.73
70.93,70.93,45.81,72.61,73.04
68.33,68.33,46.83,69.57,74.11
64.76,64.76,45.90,69.96,73.79
67.48,67.48,47.19,72.97,72.46
68.08,68.08,46.56,70.69,74.56
67.08,67.08,46.67,67.67,72.09
70.14,70.14,46.58,67.64,73.71
68.63,68.63,44.79,69.58,74.77
63.73,63.73,45.93,67.00,74.27
59.51,59.51,45.73,66.77,75.17
62.46,62.46,46.98,66.75,75.13
62.09,62.09,48.34,68.44,75.56
62.23,62.23,48.03,66.46,75.81
63.88,63.88,47.75,64.74,73.84
64.58,64.58,47.15,67.13,73.82
63.40,63.40,46.34,68.29,74.81
63.22,63.22,44.98,64.46,72.74
64.96,64.96,47.93,65.00,74.06
66.00,66.00,47.99,68.59,71.89
64.98,64.98,46.24,68.97,72.77
66.19,66.19,46.93,65.53,72.89
68.14,68.14,46.60,66.88,72.54
66.24,66.24,45.89,71.54,73.59
67.08,67.08,45.76,67.64,73.96
67.70,67.70,45.48,67.82,73.50
67.54,67.54,44.52,70.63,73.51
66.06,66.06,43.60,72.00,74.24
69.30,69.30,45.71,70.43,73.27
69.80,69.80,44.64,70.22,73.08
66.36,66.36,45.96,72.65,71.80
67.48,67.48,45.30,72.13,72.49
68.16,68.16,45.00,71.27,74.25
65.94,65.94,45.16,72.52,70.84
64.61,64.61,45.14,75.40,71.33
63.17,63.17,47.12,73.07,72.61
57.58,57.58,46.82,71.77,73.14
58.46,58.46,47.63,72.57,71.44
57.46,57.46,45.37,73.51,74.36
58.52,58.52,44.83,70.26,73.33
61.94,61.94,46.29,70.91,74.75
60.72,60.72,45.68,72.90,73.71
60.14,60.14,46.02,73.24,74.35
59.15,59.15,45.36,70.19,72.43
56.61,56.61,45.50,71.04,73.58
57.99,57.99,45.45,74.60,73.77
65.11,65.11,45.83,72.17,73.17
66.12,66.12,45.70,70.56,72.44
57.95,57.95,48.13,71.93,71.15
54.67,54.67,47.68,74.73,69.16
58.39,58.39,48.22,72.08,69.86
53.86,53.86,47.78,71.79,69.65
56.41,56.41,48.58,73.45,71.46
60.77,60.77,47.90,73.74,72.26
58.88,58.88,47.34,72.26,72.33
58.29,58.29,46.72,72.23,74.58
55.43,55.43,45.54,75.65,73.75
53.09,53.09,45.65,73.15,73.18
54.10,54.10,45.53,73.39,74.45
54.22,54.22,45.76,74.36,72.29
53.45,53.45,45.95,72.21,72.95
53.92,53.92,46.84,69.56,71.80
55.23,55.23,46.90,66.15,73.46
54.07,54.07,45.84,71.77,72.77
54.86,54.86,46.26,62.70,73.05
54.27,54.27,46.52,63.77,72.37
53.68,53.68,45.85,61.53,71.81
54.42,54.42,45.98,54.76,71.66
54.39,54.39,44.45,64.20,72.57
53.26,53.26,46.44,52.46,72.72
49.06,49.06,48.04,53.20,72.10
44.82,44.82,48.13,52.12,72.29
42.57,42.57,48.40,57.96,69.87
42.67,42.67,48.64,56.10,67.78
47.39,47.39,46.82,57.83,69.63
52.52,52.52,43.65,70.02,67.45
59.21,59.21,37.29,74.61,69.00
69.52,69.52,30.71,69.17,70.15
72.03,72.03,35.08,70.37,71.55
69.13,69.13,31.15,74.96,71.58
73.08,73.08,34.37,75.93,74.03
71.01,71.01,36.14,75.37,72.78
69.93,69.93,36.04,76.15,74.13
68.10,68.10,35.70,76.88,74.38
67.54,67.54,35.70,73.98,73.93
69.86,69.86,35.78,74.43,74.72
69.46,69.46,35.29,73.52,74.21
68.56,68.56,35.55,75.92,73.46
69.14,69.14,36.29,75.17,74.54
67.97,67.97,37.23,72.52,73.41
69.57,69.57,37.64,71.95,73.32
70.49,70.49,36.58,74.53,71.06
70.91,70.91,36.04,74.46,70.52
70.46,70.46,36.77,72.59,70.40
69.91,69.91,37.35,75.20,70.58
69.27,69.27,37.50,74.48,71.35
69.44,69.44,38.52,74.76,71.79
71.19,71.19,37.83,74.85,71.03
70.65,70.65,38.22,74.73,71.26
70.54,70.54,37.56,76.47,71.72
68.98,68.98,37.65,74.62,71.23
70.50,70.50,36.91,74.07,72.40
67.53,67.53,34.91,74.36,73.38
69.70,69.70,36.39,74.91,73.65
69.38,69.38,38.04,76.52,72.00
70.36,70.36,37.88,75.50,72.20
69.69,69.69,38.75,75.37,71.87
68.59,68.59,39.13,75.53,72.29
67.70,67.70,40.36,75.48,73.80
68.39,68.39,39.95,75.31,74.18
69.49,69.49,40.06,75.10,74.46
69.68,69.68,39.82,75.93,73.00
68.85,68.85,39.24,75.75,72.84
68.47,68.47,40.55,74.79,72.85
68.38,68.38,38.94,75.56,74.06
67.17,67.17,39.12,76.06,73.88
68.82,68.82,39.75,77.58,72.45
70.76,70.76,39.69,76.56,75.76
69.83,69.83,40.09,75.99,76.42
69.09,69.09,39.45,75.39,75.87
71.09,71.09,38.03,75.39,75.79
70.79,70.79,39.07,74.95,76.19
70.79,70.79,36.85,75.58,75.34
68.14,68.14,35.06,75.06,75.31
67.94,67.94,35.45,75.14,72.53
68.89,68.89,35.85,74.92,72.91
69.65,69.65,36.23,75.22,73.56
69.63,69.63,37.07,76.02,71.21
67.60,67.60,36.10,77.05,73.01
69.57,69.57,36.82,77.26,71.46
69.13,69.13,35.74,76.01,74.82
66.86,66.86,36.21,75.57,73.64
67.47,67.47,35.51,75.41,75.51
69.00,69.00,34.73,75.91,73.88
68.82,68.82,33.14,76.75,71.71
66.72,66.72,33.78,76.44,72.20
66.06,66.06,32.42,75.24,71.96
65.04,65.04,33.79,75.73,73.96
61.82,61.82,33.85,75.90,73.84
59.74,59.74,33.23,76.28,75.00
60.72,60.72,33.74,76.92,75.82
61.89,61.89,33.06,77.94,72.78
60.74,60.74,32.43,76.34,71.83
60.32,60.32,31.23,75.95,73.24
60.78,60.78,30.77,75.72,74.05
62.37,62.37,30.86,76.51,74.67
64.34,64.34,29.08,76.16,74.08
66.50,66.50,34.39,73.32,72.45
68.00,68.00,29.21,74.98,71.67
70.89,70.89,30.81,76.89,70.12
69.73,69.73,32.59,72.33,70.24
71.61,71.61,35.07,74.40,72.33
72.17,72.17,36.33,77.73,72.27
71.00,71.00,35.88,76.80,70.10
70.06,70.06,37.31,70.94,69.91
71.22,71.22,34.93,77.90,72.68
71.49,71.49,34.09,75.49,74.56
66.23,66.23,36.36,70.78,74.76
66.50,66.50,37.45,76.38,72.44
69.18,69.18,36.57,77.04,70.56
69.47,69.47,37.04,71.58,71.42
70.42,70.42,38.26,72.52,71.23
71.48,71.48,37.63,72.46,71.79
69.29,69.29,38.00,75.98,71.11
68.48,68.48,37.75,75.25,70.83
67.02,67.02,37.69,72.77,71.13
69.26,69.26,36.41,76.97,68.18
69.83,69.83,35.58,72.65,69.99
68.93,68.93,37.41,75.44,68.64
69.66,69.66,36.23,75.10,67.79
68.60,68.60,35.77,69.68,71.12
69.18,69.18,35.50,71.44,72.47
70.65,70.65,32.98,72.51,74.13
71.48,71.48,33.53,73.02,73.20
69.64,69.64,37.72,69.66,73.56
70.01,70.01,36.25,72.28,73.36
71.55,71.55,36.95,68.79,73.17
69.68,69.68,38.39,73.04,71.96
71.21,71.21,37.77,70.88,73.35
67.41,67.41,40.59,69.40,72.90
68.38,68.38,42.18,70.24,72.46
67.00,67.00,43.59,70.84,73.24
68.71,68.71,44.26,71.27,73.48
69.02,69.02,41.84,72.84,73.88
70.66,70.66,39.35,69.36,74.41
69.44,69.44,41.25,73.69,75.26
69.43,69.43,43.41,70.01,74.71
70.07,70.07,43.85,69.27,72.02
70.52,70.52,43.13,69.44,72.25
69.74,69.74,40.84,67.85,72.51
69.87,69.87,39.23,70.71,73.49
69.23,69.23,36.05,68.24,74.32
70.91,70.91,37.68,66.28,75.06
71.83,71.83,36.04,71.58,74.61
70.27,70.27,37.31,66.59,74.61
68.35,68.35,38.82,70.38,75.13
66.53,66.53,38.03,70.19,76.15
71.33,71.33,38.36,67.10,76.54
68.92,68.92,38.08,70.44,75.38
68.24,68.24,38.70,69.85,75.19
71.37,71.37,37.57,69.88,75.57
70.37,70.37,36.49,70.36,73.96
68.53,68.53,37.50,68.27,74.99
67.69,67.69,38.18,71.71,72.72
67.01,67.01,38.41,71.03,74.19
67.52,67.52,38.62,69.89,73.47
69.49,69.49,38.66,72.31,73.88
69.87,69.87,39.48,70.47,71.52
70.28,70.28,40.51,73.18,73.18
69.59,69.59,39.46,70.85,73.64
67.89,67.89,39.95,69.38,73.42
67.21,67.21,42.37,73.95,73.53
69.16,69.16,41.85,68.85,74.07
68.02,68.02,41.58,68.82,74.91
68.05,68.05,41.33,74.45,73.39
70.10,70.10,40.36,68.74,74.26
67.76,67.76,40.73,66.75,72.71
69.36,69.36,42.07,71.48,74.14
68.38,68.38,41.69,68.32,73.68
71.24,71.24,43.97,65.30,74.80
68.31,68.31,41.70,70.49,73.07
69.30,69.30,40.66,71.60,72.85
69.45,69.45,41.77,67.75,72.46
70.21,70.21,42.21,69.14,72.40
69.86,69.86,40.13,73.68,73.91
69.87,69.87,39.71,68.81,72.47
68.88,68.88,39.53,69.53,72.66
70.00,70.00,40.00,75.05,71.91
67.91,67.91,39.11,66.98,72.50
70.74,70.74,40.29,68.96,73.35
69.82,69.82,41.45,75.20,69.54
69.70,69.70,42.10,68.73,71.80
70.86,70.86,41.38,68.35,71.12
70.66,70.66,40.94,74.80,70.10
69.02,69.02,42.70,72.99,70.69
70.39,70.39,41.60,72.43,67.76
72.01,72.01,41.52,74.28,71.78
70.58,70.58,40.90,73.64,69.82
69.69,69.69,41.93,73.67,68.17
70.77,70.77,41.59,73.60,68.32
68.56,68.56,41.61,75.46,68.97
68.18,68.18,43.16,73.43,72.15
69.17,69.17,41.53,74.08,71.49
71.18,71.18,42.34,76.35,72.33
71.31,71.31,42.95,72.12,71.12
71.08,71.08,41.37,72.91,70.02
72.32,72.32,42.23,75.42,70.03
72.50,72.50,41.89,71.85,70.25
72.82,72.82,39.70,75.12,72.16
72.90,72.90,39.51,75.33,73.75
72.55,72.55,40.15,72.77,73.29
70.74,70.74,40.02,73.87,74.80
70.17,70.17,40.84,74.61,73.28
71.51,71.51,41.09,72.78,73.81
70.85,70.85,40.95,73.33,74.82
69.77,69.77,40.62,75.16,74.03
70.11,70.11,40.32,73.57,74.85
70.13,70.13,39.35,73.07,74.03
70.75,70.75,41.13,74.73,74.33
69.45,69.45,42.04,73.46,76.28
68.35,68.35,41.21,71.72,74.54
67.01,67.01,38.16,74.86,74.39
67.91,67.91,38.74,73.33,74.42
69.61,69.61,37.62,71.64,76.13
70.27,70.27,38.24,73.39,76.13
68.99,68.99,38.12,74.70,74.61
68.03,68.03,37.13,71.07,76.80
66.33,66.33,36.62,72.85,76.23
66.99,66.99,36.69,75.42,75.12
67.83,67.83,36.23,72.73,74.35
68.94,68.94,34.95,73.17,72.06
69.04,69.04,36.73,75.52,73.37
68.80,68.80,38.36,72.88,73.96
70.60,70.60,38.47,73.24,73.88
70.49,70.49,37.95,75.61,72.02
70.20,70.20,36.84,74.18,72.61
70.61,70.61,35.61,72.91,74.16
70.50,70.50,35.28,74.36,71.39
69.63,69.63,35.43,74.15,74.62
70.13,70.13,35.51,73.24,73.40
69.89,69.89,34.90,74.58,73.62
71.24,71.24,35.26,75.10,71.50
70.82,70.82,34.03,73.11,72.98
69.81,69.81,35.16,73.78,74.73
69.02,69.02,34.42,75.07,73.67
66.73,66.73,35.26,73.66,72.40
66.72,66.72,33.99,75.43,74.09
66.42,66.42,32.93,76.11,74.66
66.60,66.60,33.84,74.14,73.63
66.92,66.92,35.90,74.85,72.40
68.67,68.67,35.03,76.33,71.59
69.41,69.41,35.39,74.68,75.35
69.33,69.33,35.25,73.96,73.72
68.91,68.91,34.79,73.83,74.89
70.05,70.05,33.13,75.75,75.18
69.65,69.65,33.38,74.24,73.61
69.20,69.20,34.30,74.33,74.85
67.52,67.52,35.29,77.14,73.71
67.99,67.99,36.63,73.05,75.50
67.96,67.96,37.19,74.39,74.77
68.08,68.08,36.25,75.15,74.21
68.10,68.10,35.96,73.27,75.27
67.64,67.64,36.94,74.92,73.04
68.61,68.61,38.32,74.95,72.95
67.23,67.23,39.50,74.92,74.31
66.09,66.09,39.57,76.23,73.98
65.30,65.30,37.91,74.78,71.94
65.57,65.57,38.34,75.90,73.05
64.05,64.05,39.03,75.98,74.43
62.61,62.61,40.48,74.86,71.87
59.45,59.45,41.06,76.92,73.95
58.52,58.52,41.64,74.84,73.80
58.71,58.71,41.65,75.36,72.57
59.37,59.37,41.60,77.22,73.02
58.99,58.99,40.66,75.30,74.32
60.93,60.93,41.60,75.32,74.02
61.38,61.38,39.43,77.21,74.46
59.88,59.88,40.46,74.16,73.31
58.86,58.86,40.68,76.06,72.81
58.98,58.98,43.04,75.51,72.22
58.42,58.42,41.77,72.91,73.29
58.65,58.65,41.81,71.12,72.74
58.36,58.36,40.80,63.29,73.23
58.66,58.66,42.22,66.72,73.94
60.09,60.09,43.40,58.85,75.81
60.71,60.71,43.16,62.79,74.64
61.01,61.01,42.40,48.02,74.29
61.55,61.55,42.59,44.19,71.32
61.19,61.19,40.60,46.05,72.03
59.99,59.99,38.04,45.96,71.18
61.66,61.66,36.55,39.97,71.45
64.90,64.90,34.97,39.79,71.60
68.39,68.39,33.64,39.93,72.90
68.56,68.56,32.31,42.57,71.52
69.43,69.43,34.73,43.42,71.33
69.40,69.40,38.39,40.96,71.40
69.44,69.44,42.11,35.95,72.05
67.28,67.28,40.89,33.03,71.76
65.88,65.88,40.95,38.31,70.47
66.20,66.20,40.64,41.28,68.75
65.70,65.70,41.42,44.42,68.52
68.82,68.82,42.16,39.35,70.23
70.05,70.05,42.71,35.68,68.95
69.17,69.17,43.45,28.46,66.79
67.90,67.90,43.89,25.61,67.27
69.04,69.04,44.72,24.27,66.64
69.99,69.99,45.47,29.23,68.51
70.30,70.30,46.31,33.90,68.00
70.83,70.83,46.72,32.79,68.77
72.02,72.02,47.46,29.02,66.69
71.26,71.26,49.94,27.95,67.23
70.42,70.42,48.85,18.08,67.68
68.26,68.26,45.68,20.41,67.58
70.79,70.79,41.55,25.19,66.55
71.43,71.43,39.03,29.75,68.73
70.70,70.70,41.42,26.55,69.73
73.37,73.37,38.77,29.54,72.76
70.58,70.58,36.14,24.88,72.23
70.02,70.02,35.63,20.81,72.05
72.33,72.33,35.89,25.88,71.83
74.18,74.18,35.51,19.15,70.84
72.58,72.58,35.05,18.95,71.68
73.03,73.03,36.35,21.86,72.00
71.19,71.19,38.16,17.67,72.68
68.30,68.30,36.74,16.91,71.86
64.92,64.92,38.57,16.14,71.68
65.39,65.39,37.89,12.33,69.42
67.23,67.23,37.44,20.05,69.68
68.84,68.84,39.29,17.45,70.50
68.60,68.60,36.99,18.63,70.43
69.15,69.15,36.55,21.15,74.19
68.13,68.13,36.64,18.62,72.40
69.25,69.25,38.43,23.13,70.40
68.63,68.63,39.13,17.56,72.59
61.43,61.43,36.24,25.81,76.64
57.64,57.64,36.01,17.68,76.61
57.43,57.43,38.39,23.15,75.70
65.13,65.13,40.19,23.21,72.74
66.78,66.78,43.59,23.67,71.58
66.54,66.54,43.28,21.32,72.20
65.96,65.96,44.00,24.67,70.21
70.58,70.58,41.88,20.63,70.56
67.02,67.02,42.68,20.01,72.91
69.52,69.52,43.31,22.48,72.29
69.82,69.82,43.20,22.33,73.35
70.33,70.33,41.49,23.10,71.10
70.27,70.27,42.02,25.16,72.93
68.10,68.10,38.99,23.30,73.90
65.26,65.26,41.77,22.34,75.42
55.83,55.83,41.88,26.70,74.13
55.05,55.05,39.01,22.54,72.23
57.06,57.06,40.21,24.82,77.05
66.74,66.74,41.27,26.14,73.38
66.76,66.76,39.97,22.59,72.66
68.86,68.86,40.29,18.92,71.70
71.24,71.24,41.51,26.99,73.41
69.68,69.68,39.03,24.49,73.26
70.10,70.10,40.74,26.67,71.60
73.65,73.65,41.35,25.99,71.70
71.92,71.92,46.14,26.49,70.49
73.44,73.44,53.60,25.60,70.44
71.77,71.77,62.78,26.25,72.32
70.86,70.86,63.07,30.22,71.72
69.62,69.62,62.70,24.18,73.10
72.28,72.28,56.71,25.44,72.30
72.05,72.05,49.87,24.84,71.51
71.37,71.37,45.69,23.96,70.91
70.97,70.97,44.80,22.78,70.79
69.77,69.77,44.51,24.52,72.27
71.06,71.06,42.96,24.68,70.63
68.66,68.66,42.88,24.85,71.26
69.65,69.65,42.61,24.16,72.04
71.23,71.23,40.94,25.34,72.39
65.32,65.32,38.73,25.04,70.77
66.13,66.13,39.50,24.48,72.60
71.44,71.44,38.13,26.27,72.74
69.44,69.44,37.96,25.95,75.14
69.65,69.65,39.90,26.73,74.85
68.52,68.52,38.95,24.91,70.77
68.63,68.63,39.75,19.11,72.19
66.28,66.28,39.28,24.44,75.97
59.04,59.04,34.28,19.22,76.50
45.08,45.08,34.87,21.98,76.58
48.39,48.39,40.43,27.30,74.59
46.68,46.68,44.30,33.20,70.73
48.60,48.60,41.04,29.02,72.80
48.72,48.72,38.99,22.00,71.08
45.47,45.47,42.89,26.10,71.40
38.58,38.58,45.54,25.18,72.67
39.08,39.08,43.07,23.22,72.99
35.33,35.33,41.57,25.24,74.72
38.00,38.00,42.05,26.04,70.25
37.74,37.74,41.50,28.57,73.50
37.70,37.70,41.85,25.43,75.68
38.75,38.75,43.03,27.60,76.17
44.40,44.40,40.27,22.11,73.65
54.49,54.49,37.41,16.24,72.24
59.34,59.34,38.17,18.59,77.29
64.42,64.42,39.78,21.22,72.33
71.74,71.74,40.38,18.51,71.32
70.41,70.41,41.78,19.50,73.01
67.09,67.09,37.84,20.89,73.54
66.79,66.79,36.49,18.01,75.27
65.27,65.27,35.80,15.99,71.86
62.46,62.46,39.24,15.00,71.62
61.31,61.31,39.49,27.54,76.52
58.83,58.83,40.27,32.08,70.35
57.98,57.98,38.95,32.46,78.19
52.29,52.29,38.37,26.32,76.70
53.16,53.16,38.93,22.79,74.70
50.03,50.03,34.21,21.12,77.41
52.43,52.43,34.36,23.48,75.12
47.69,47.69,38.59,20.70,72.14
49.23,49.23,39.10,13.44,72.84
45.01,45.01,38.48,16.84,72.42
43.01,43.01,40.51,14.67,74.90
40.96,40.96,35.23,20.83,72.42
42.39,42.39,39.53,15.23,72.92
45.12,45.12,41.70,19.25,74.27
51.58,51.58,38.41,14.55,71.87
63.36,63.36,43.30,15.71,72.81
61.92,61.92,40.81,14.18,73.74
62.82,62.82,39.99,14.09,73.32
61.70,61.70,40.97,18.13,75.34
56.64,56.64,38.94,15.09,72.18
53.98,53.98,39.45,13.36,72.75
48.06,48.06,40.71,22.43,76.05
44.16,44.16,41.71,25.69,77.40
40.89,40.89,39.39,25.10,77.28
42.24,42.24,37.20,26.02,74.85
44.69,44.69,37.38,25.90,73.04
49.27,49.27,38.75,25.90,71.96
63.85,63.85,41.74,25.52,69.97
64.48,64.48,38.28,23.16,72.09
62.13,62.13,38.10,27.98,70.92
60.49,60.49,40.94,21.38,71.82
59.69,59.69,38.25,18.86,74.33
60.39,60.39,38.95,21.69,71.77
58.27,58.27,39.79,22.67,70.93
60.89,60.89,40.91,22.66,75.13
64.63,64.63,40.96,17.33,75.26
62.93,62.93,40.55,17.53,73.56
63.36,63.36,41.27,19.99,72.74
63.81,63.81,40.75,21.55,76.43
63.21,63.21,39.56,19.17,75.21
60.64,60.64,38.86,17.08,72.15
60.22,60.22,38.77,24.50,74.49
60.61,60.61,37.83,25.82,72.51
61.60,61.60,36.63,15.93,76.01
62.35,62.35,37.09,29.11,74.28
63.07,63.07,38.61,19.95,74.26
63.32,63.32,44.71,21.23,75.93
62.18,62.18,52.74,20.82,74.23
61.74,61.74,62.60,31.98,75.54
60.85,60.85,61.53,27.21,74.04
60.55,60.55,65.97,31.60,73.53
60.13,60.13,58.31,27.87,75.73
60.53,60.53,54.36,32.83,74.33
60.38,60.38,48.87,26.09,71.91
59.93,59.93,46.24,22.18,72.78
59.57,59.57,45.48,19.28,73.11
59.21,59.21,41.32,28.28,73.20
58.06,58.06,41.40,25.80,71.64
57.63,57.63,41.90,28.50,71.95
58.58,58.58,39.60,20.04,71.89
59.52,59.52,38.79,25.26,71.66
59.36,59.36,40.06,29.03,70.54
58.92,58.92,41.66,29.91,73.33
58.26,58.26,40.42,23.69,73.07
58.11,58.11,41.07,21.96,75.25
57.35,57.35,40.71,23.83,71.60
56.64,56.64,39.99,26.73,71.79
59.64,59.64,39.02,21.49,74.65
58.68,58.68,38.57,20.90,76.21
57.27,57.27,37.01,24.42,76.47
58.20,58.20,37.61,20.90,75.02
56.33,56.33,40.24,21.83,70.33
56.64,56.64,39.44,25.02,68.92
57.72,57.72,40.73,27.05,69.86
55.66,55.66,40.93,19.64,70.97
55.62,55.62,39.78,19.41,70.97
57.71,57.71,39.50,17.84,72.75
57.29,57.29,38.59,18.47,73.37
57.95,57.95,38.55,24.85,72.88
59.00,59.00,37.88,23.36,72.57
57.20,57.20,37.94,19.57,73.88
58.67,58.67,38.08,30.17,75.23
59.07,59.07,39.02,26.84,75.04
57.62,57.62,38.82,23.57,70.70
57.05,57.05,40.74,22.82,75.34
56.34,56.34,40.12,22.60,76.71
56.86,56.86,40.46,26.65,71.41
57.68,57.68,40.12,23.91,74.55
58.90,58.90,39.77,24.00,72.73
57.89,57.89,39.18,24.18,76.19
58.71,58.71,40.87,25.76,74.12
57.11,57.11,38.99,24.69,71.77
57.21,57.21,38.94,24.12,75.91
53.99,53.99,39.01,28.65,74.65
48.00,48.00,39.67,32.33,75.25
46.39,46.39,38.88,28.34,76.75
45.68,45.68,39.53,30.63,74.52
44.77,44.77,38.70,27.08,78.74
44.04,44.04,37.41,29.53,76.70
42.56,42.56,39.33,30.22,71.49
41.61,41.61,38.12,28.84,71.91
41.41,41.41,38.21,26.79,72.85
40.44,40.44,38.61,25.64,73.16
36.33,36.33,38.14,27.24,72.89
37.43,37.43,37.59,29.68,71.88
35.00,35.00,37.45,27.94,71.68
35.41,35.41,36.84,28.17,71.17
36.07,36.07,39.81,29.69,69.68
34.70,34.70,40.46,30.22,73.57
33.12,33.12,40.28,30.76,73.14
36.20,36.20,40.52,29.63,75.51
35.41,35.41,39.35,26.40,73.31
34.55,34.55,39.60,24.44,71.13
36.01,36.01,39.49,25.51,74.75
34.12,34.12,40.38,26.50,77.39
32.91,32.91,37.71,25.08,76.56
32.15,32.15,37.10,22.04,76.53
31.83,31.83,37.69,26.16,72.53
31.34,31.34,38.29,26.05,68.98
32.72,32.72,37.40,28.31,70.08
33.63,33.63,38.62,23.99,71.86
32.88,32.88,37.32,26.09,72.19
32.83,32.83,38.04,25.99,72.76
34.38,34.38,38.24,29.07,74.45
36.26,36.26,36.74,31.28,73.07
36.41,36.41,37.75,34.29,71.11
35.42,35.42,38.58,36.59,74.46
34.12,34.12,37.86,36.38,75.97
32.69,32.69,37.91,35.95,75.31
31.57,31.57,39.14,35.34,73.00
31.13,31.13,36.81,33.31,73.99
33.21,33.21,36.57,32.06,77.62
31.45,31.45,38.38,32.06,69.88
30.51,30.51,37.72,31.63,75.18
29.53,29.53,37.23,29.89,72.90
29.42,29.42,37.37,28.99,76.54
31.64,31.64,37.21,30.18,74.23
32.35,32.35,38.61,29.89,71.41
28.53,28.53,42.17,28.87,74.28
22.60,22.60,48.53,28.62,75.85
21.64,21.64,59.21,35.44,72.68
23.94,23.94,64.87,37.61,75.13
22.78,22.78,65.60,35.09,73.24
25.29,25.29,59.01,40.09,75.80
26.64,26.64,59.19,36.28,75.17
27.64,27.64,54.25,34.32,71.67
31.94,31.94,51.83,36.71,69.54
33.17,33.17,50.69,38.59,70.44
33.40,33.40,49.28,38.25,71.95
33.80,33.80,47.63,38.42,72.54
35.71,35.71,46.43,40.06,70.58
35.32,35.32,43.82,38.41,69.89
35.19,35.19,44.50,37.93,69.49
34.58,34.58,42.93,37.28,70.20
34.00,34.00,41.39,32.99,70.75
30.94,30.94,41.24,32.43,71.76
27.66,27.66,40.43,30.36,75.99
26.80,26.80,38.04,28.74,73.69
27.18,27.18,39.27,29.84,71.77
26.58,26.58,39.88,28.76,73.76
31.35,31.35,38.15,27.26,77.83
41.04,41.04,37.24,25.05,78.13
51.94,51.94,36.34,32.31,75.44
57.13,57.13,38.62,36.58,72.29
62.76,62.76,38.68,32.56,68.24
64.70,64.70,39.00,32.97,68.96
63.81,63.81,37.97,33.48,70.37
63.38,63.38,37.39,37.73,69.85
63.65,63.65,38.57,34.12,71.26
64.01,64.01,39.63,31.17,74.55
64.07,64.07,38.57,31.19,73.37
64.56,64.56,37.03,31.36,69.47
64.29,64.29,35.82,30.38,72.52
62.30,62.30,37.01,33.67,76.78
61.68,61.68,36.66,32.57,77.22
61.39,61.39,37.49,30.19,73.65
61.13,61.13,38.57,30.36,72.51
59.02,59.02,38.41,28.71,77.74
56.56,56.56,35.66,33.78,69.50
53.93,53.93,32.26,34.44,75.18
60.51,60.51,33.55,31.69,70.49
65.40,65.40,33.07,31.48,75.75
67.36,67.36,35.42,32.57,74.67
67.72,67.72,37.23,29.64,70.54
61.35,61.35,34.99,28.99,74.85
50.18,50.18,35.15,28.29,74.49
51.17,51.17,39.91,34.33,72.45
57.35,57.35,47.34,40.16,77.61
62.20,62.20,50.35,34.39,73.40
67.99,67.99,44.79,33.17,74.03
69.15,69.15,39.46,28.33,75.03
68.91,68.91,37.62,35.06,71.84
67.98,67.98,39.36,35.64,70.12
65.00,65.00,38.73,36.81,69.92
64.59,64.59,38.57,34.79,70.65
64.59,64.59,40.52,32.96,72.61
65.01,65.01,39.43,31.99,70.94
65.81,65.81,37.53,34.45,71.64
65.03,65.03,38.29,36.16,69.89
63.47,63.47,37.72,34.70,70.15
56.09,56.09,37.67,38.77,71.83
53.30,53.30,38.08,37.09,72.43
44.26,44.26,36.49,34.26,74.80
44.56,44.56,36.28,35.14,73.07
42.91,42.91,36.28,37.67,72.58
43.06,43.06,37.28,38.70,73.27
42.35,42.35,35.34,37.34,77.75
45.74,45.74,32.42,34.56,77.63
51.15,51.15,26.75,34.84,76.48
64.04,64.04,22.99,36.98,73.45
66.30,66.30,20.70,39.84,70.63
63.60,63.60,20.39,37.81,71.12
63.86,63.86,27.11,38.54,69.24
69.04,69.04,34.80,39.53,70.67
70.27,70.27,36.18,38.28,72.23
62.86,62.86,35.15,41.24,73.23
53.75,53.75,35.08,39.50,72.84
55.58,55.58,34.38,36.42,69.46
50.42,50.42,33.25,37.11,73.99
47.86,47.86,31.50,34.66,76.58
51.02,51.02,31.28,34.44,76.75
46.59,46.59,29.73,34.25,73.35
43.68,43.68,30.94,37.03,71.67
47.48,47.48,31.75,35.51,77.14
53.06,53.06,30.79,35.21,70.61
64.28,64.28,30.27,34.45,74.29
65.84,65.84,27.65,38.34,72.95
63.00,63.00,28.97,37.32,75.50
61.72,61.72,27.75,39.62,74.97
67.80,67.80,25.65,40.35,71.81
72.14,72.14,32.66,42.09,73.08
73.57,73.57,42.69,41.99,74.98
72.92,72.92,51.73,40.18,71.29
71.59,71.59,61.82,44.55,76.28
71.14,71.14,62.43,39.01,73.81
70.13,70.13,62.39,43.00,73.71
66.77,66.77,57.58,41.93,74.97
65.96,65.96,49.87,41.15,71.51
65.67,65.67,43.75,38.47,68.59
63.26,63.26,37.50,38.37,68.72
55.92,55.92,30.84,34.77,71.98
59.42,59.42,25.13,30.10,72.14
63.55,63.55,24.20,31.82,70.34
62.04,62.04,25.29,31.80,70.63
65.02,65.02,25.99,33.63,70.41
65.22,65.22,29.63,33.94,70.44
65.33,65.33,30.63,36.64,71.86
66.43,66.43,31.95,33.54,70.71
66.26,66.26,36.25,35.71,73.77
66.35,66.35,32.17,30.73,73.94
67.32,67.32,31.66,19.96,68.99
69.02,69.02,32.94,26.21,72.96
68.30,68.30,35.35,31.09,76.99
68.80,68.80,36.33,33.69,77.83
67.88,67.88,33.66,30.16,76.71
68.10,68.10,39.00,40.33,73.75
67.64,67.64,33.41,40.53,68.86
66.07,66.07,38.73,37.86,70.35
65.86,65.86,33.29,41.39,69.17
70.02,70.02,35.09,35.40,70.32
71.28,71.28,37.22,34.37,70.87
63.49,63.49,37.58,33.28,72.54
58.92,58.92,39.31,31.30,74.77
63.56,63.56,36.24,25.43,68.44
66.87,66.87,36.37,28.32,73.54
69.59,69.59,38.18,32.57,76.04
72.28,72.28,40.97,37.19,75.49
73.04,73.04,40.76,28.48,73.05
72.36,72.36,36.16,28.55,71.08
69.76,69.76,39.10,31.62,77.10
65.40,65.40,39.13,25.06,72.64
60.11,60.11,37.83,26.31,72.65
53.77,53.77,40.87,28.32,71.85
52.44,52.44,39.78,27.83,74.08
54.10,54.10,37.57,28.51,75.19
58.50,58.50,36.32,23.36,72.36
55.93,55.93,38.29,33.03,72.49
59.43,59.43,38.52,32.62,77.12
60.62,60.62,37.30,39.41,70.84
61.09,61.09,41.28,37.41,78.15
61.10,61.10,43.45,31.97,74.14
57.42,57.42,38.95,31.94,73.91
55.82,55.82,38.38,30.10,76.61
55.12,55.12,38.40,31.87,74.71
55.88,55.88,37.44,36.16,70.65
55.81,55.81,36.73,31.83,71.15
53.65,53.65,35.26,31.21,73.79
53.98,53.98,41.37,35.76,73.78
56.19,56.19,39.72,32.99,72.59
59.66,59.66,41.44,32.98,71.35
62.23,62.23,40.66,32.51,72.34
59.03,59.03,39.86,30.67,70.23
56.76,56.76,40.29,30.07,70.04
58.33,58.33,41.34,31.46,72.77
60.93,60.93,40.62,29.10,74.57
64.19,64.19,40.93,30.32,76.07
63.51,63.51,40.75,28.16,71.86
62.88,62.88,39.32,25.71,70.94
61.91,61.91,41.57,27.00,76.29
61.83,61.83,42.08,31.10,78.10
64.12,64.12,38.81,26.02,77.00
64.68,64.68,40.08,26.69,75.66
65.72,65.72,39.89,23.86,71.98
63.33,63.33,40.75,27.40,70.26
61.40,61.40,37.95,24.23,69.74
62.84,62.84,38.58,23.72,71.23
63.58,63.58,39.08,27.43,72.37
64.17,64.17,38.69,25.78,70.65
63.54,63.54,37.54,22.26,75.05
63.65,63.65,39.11,26.35,71.21
63.43,63.43,39.72,26.55,73.26
61.06,61.06,40.68,25.55,75.75
58.19,58.19,39.51,27.73,75.62
57.43,57.43,40.06,29.47,74.89
58.36,58.36,41.31,30.72,72.83
58.37,58.37,41.41,30.31,77.00
58.69,58.69,38.99,28.10,75.78
60.11,60.11,40.24,28.32,72.20
61.73,61.73,41.96,30.15,74.77
64.04,64.04,41.82,30.69,72.58
65.90,65.90,40.26,28.20,76.27
67.03,67.03,39.99,33.01,74.34
67.72,67.72,41.59,31.14,72.78
68.30,68.30,43.94,31.92,75.57
68.79,68.79,50.65,29.06,72.77
68.32,68.32,60.07,25.90,75.12
67.75,67.75,61.74,30.78,75.35
67.63,67.63,64.87,28.96,74.39
67.38,67.38,57.62,32.46,76.62
67.73,67.73,53.70,23.01,73.97
68.00,68.00,48.70,28.21,71.29
68.17,68.17,45.00,27.14,70.98
68.97,68.97,42.50,26.21,72.32
69.20,69.20,41.52,30.28,73.44
68.86,68.86,40.11,26.82,72.23
67.77,67.77,38.30,22.19,72.72
66.45,66.45,36.45,23.86,72.51
65.35,65.35,34.78,22.31,71.16
65.93,65.93,34.47,19.01,70.21
66.40,66.40,33.60,27.43,70.02
67.14,67.14,34.76,28.06,73.13
66.91,66.91,34.29,23.88,74.23
66.53,66.53,34.16,29.73,72.06
65.73,65.73,33.30,29.58,72.08
65.40,65.40,33.25,27.66,76.63
64.74,64.74,34.66,28.60,78.10
64.65,64.65,38.09,26.63,77.19
64.73,64.73,37.42,31.80,75.56
64.43,64.43,38.10,33.11,72.10
64.85,64.85,35.40,31.10,69.63
65.19,65.19,37.98,32.62,69.90
64.39,64.39,35.21,33.85,70.26
63.30,63.30,36.10,30.76,72.08
59.88,59.88,35.66,30.79,72.64
59.15,59.15,35.77,28.59,74.94
60.68,60.68,35.61,27.04,72.36
60.72,60.72,36.51,28.86,72.48
60.31,60.31,37.40,29.08,75.22
58.08,58.08,37.39,30.19,75.62
57.22,57.22,37.63,31.01,75.10
55.58,55.58,34.70,29.99,72.73
60.98,60.98,36.36,32.00,74.62
63.88,63.88,35.55,30.23,75.54
64.91,64.91,35.78,31.31,72.70
61.74,61.74,32.70,25.40,74.50
58.05,58.05,32.93,28.87,72.80
63.04,63.04,33.60,26.43,75.85
57.20,57.20,35.42,29.42,72.44
48.21,48.21,35.46,28.39,71.33
47.03,47.03,36.08,27.27,76.05
46.20,46.20,35.31,25.28,73.73
46.18,46.18,36.60,28.35,75.19
45.36,45.36,36.06,29.76,75.84
40.88,40.88,33.11,27.67,73.62
38.69,38.69,31.95,27.83,76.92
36.30,36.30,32.86,27.28,75.30
35.95,35.95,33.61,29.57,71.05
36.27,36.27,33.79,27.39,70.93
37.90,37.90,33.41,31.60,73.53
37.80,37.80,34.77,31.75,71.68
36.98,36.98,35.40,29.48,73.62
37.44,37.44,35.47,26.60,70.91
36.96,36.96,34.13,30.56,69.72
36.47,36.47,34.45,27.28,70.51
37.05,37.05,34.77,31.96,72.66
37.63,37.63,34.14,29.77,74.54
37.91,37.91,35.66,29.07,73.19
37.28,37.28,33.95,30.79,75.52
39.63,39.63,34.25,32.10,72.54
35.71,35.71,35.30,30.40,71.59
37.30,37.30,36.59,28.68,74.37
36.89,36.89,34.57,27.32,76.62
39.52,39.52,35.92,25.04,77.37
36.55,36.55,35.03,24.07,75.57
34.45,34.45,34.61,18.27,71.94
33.63,33.63,36.27,25.28,68.04
30.79,30.79,36.00,24.93,67.93
33.53,33.53,35.94,22.29,68.74
34.49,34.49,35.67,22.27,69.67
35.96,35.96,35.35,30.37,70.37
35.65,35.65,33.49,22.73,73.63
36.39,36.39,33.43,27.26,73.64
34.13,34.13,31.81,23.02,72.73
31.16,31.16,33.94,28.27,75.00
30.85,30.85,32.96,27.25,75.67
31.10,31.10,32.78,26.38,74.47
31.33,31.33,32.01,25.31,72.79
32.46,32.46,32.11,26.82,73.61
32.94,32.94,32.75,22.83,77.06
31.37,31.37,33.25,21.29,70.72
31.87,31.87,34.47,20.34,75.34
32.59,32.59,32.58,20.04,71.31
31.90,31.90,34.28,21.59,77.19
32.84,32.84,33.67,22.24,73.55
32.71,32.71,32.79,21.21,72.37
32.94,32.94,38.30,29.51,76.21
29.18,29.18,44.91,25.34,74.60
29.74,29.74,57.33,25.43,74.82
29.99,29.99,63.12,23.40,76.09
35.31,35.31,66.31,25.36,71.68
35.97,35.97,59.32,32.65,76.73
39.38,39.38,59.86,25.74,75.79
37.09,37.09,52.08,22.09,70.83
38.99,38.99,49.15,24.19,68.55
40.29,40.29,47.28,24.01,69.34
38.27,38.27,46.08,25.74,71.07
36.76,36.76,43.26,29.63,72.99
35.23,35.23,41.26,26.13,71.00
35.03,35.03,37.72,20.20,73.08
35.44,35.44,36.50,24.24,71.73
34.58,34.58,36.72,21.37,69.15
34.74,34.74,37.06,18.01,70.86
34.64,34.64,37.39,21.84,71.44
33.78,33.78,36.61,13.85,75.19
35.06,35.06,35.30,18.93,72.17
36.10,36.10,35.66,23.92,72.43
39.98,39.98,34.98,21.26,76.36
44.62,44.62,36.23,21.88,78.28
53.69,53.69,40.06,26.69,78.53
61.66,61.66,39.59,22.89,76.56
60.65,60.65,39.05,21.43,71.65
62.72,62.72,36.49,22.45,69.24
72.28,72.28,41.95,21.83,68.45
69.15,69.15,44.05,21.98,68.78
68.97,68.97,42.24,19.65,68.47
68.91,68.91,39.05,16.37,68.94
67.89,67.89,36.86,20.04,69.82
65.59,65.59,34.23,20.78,68.31
66.14,66.14,30.01,22.75,67.49
64.54,64.54,27.76,20.23,67.97
65.58,65.58,26.95,16.57,65.55
66.09,66.09,28.11,18.51,65.30
68.40,68.40,28.79,22.35,64.95
72.49,72.49,29.65,20.29,65.60
71.37,71.37,28.32,19.40,64.91
70.80,70.80,30.80,24.21,64.36
70.39,70.39,30.47,19.65,65.39
69.05,69.05,31.18,19.48,66.07
70.04,70.04,35.43,16.77,65.92
68.98,68.98,38.22,18.75,66.27
71.89,71.89,38.77,13.84,66.34
71.14,71.14,40.29,15.31,65.20
69.45,69.45,39.13,19.87,65.78
69.80,69.80,39.41,22.20,65.71
72.67,72.67,41.90,19.47,67.02
72.48,72.48,42.59,15.34,71.78
68.30,68.30,38.72,22.73,73.47
65.03,65.03,37.60,20.67,72.20
70.40,70.40,33.90,25.63,70.91
70.91,70.91,32.54,27.79,69.63
70.96,70.96,34.21,29.25,71.35
68.61,68.61,29.54,29.38,71.89
69.00,69.00,28.31,31.45,71.10
67.69,67.69,29.87,31.02,70.11
66.86,66.86,27.04,32.66,70.75
70.90,70.90,25.60,35.79,69.51
69.53,69.53,27.42,30.81,69.50
69.00,69.00,30.30,35.06,71.72
67.89,67.89,28.26,33.28,73.56
69.27,69.27,30.01,35.03,74.85
70.03,70.03,32.06,35.52,73.23
69.84,69.84,30.02,35.69,70.45
68.80,68.80,31.24,32.01,71.82
68.09,68.09,35.59,34.02,74.77
67.22,67.22,37.00,27.84,75.70
66.52,66.52,37.77,32.29,75.49
60.59,60.59,36.31,29.31,72.43
59.05,59.05,35.34,27.63,68.23
69.39,69.39,37.45,28.74,67.82
70.25,70.25,34.92,31.65,69.01
70.39,70.39,34.03,32.56,67.93
74.67,74.67,32.60,31.71,70.15
75.36,75.36,34.48,32.29,71.57
72.79,72.79,36.22,30.50,72.96
73.12,73.12,38.22,26.11,68.51
71.92,71.92,37.90,25.31,72.11
69.77,69.77,38.51,29.10,72.64
69.67,69.67,42.55,30.55,75.51
71.64,71.64,41.68,28.09,73.35
69.19,69.19,43.54,31.78,71.94
73.10,73.10,46.67,32.00,73.60
69.55,69.55,44.98,27.18,69.51
67.32,67.32,45.65,27.76,70.61
66.45,66.45,46.60,28.36,70.51
70.85,70.85,48.41,27.70,72.95
70.83,70.83,48.65,28.19,74.09
68.45,68.45,48.34,30.36,70.70
71.08,71.08,48.97,32.49,72.52
71.00,71.00,45.46,28.02,72.75
65.00,65.00,44.12,30.38,68.69
64.40,64.40,45.54,35.15,72.97
65.21,65.21,45.71,29.76,72.42
64.25,64.25,41.91,25.49,75.16
61.89,61.89,39.84,25.95,74.93
59.03,59.03,42.01,29.63,73.03
58.81,58.81,44.55,28.25,69.75
60.00,60.00,45.05,29.57,69.81
58.30,58.30,43.96,30.09,73.01
59.03,59.03,44.91,30.61,73.44
53.53,53.53,43.59,30.55,70.81
52.31,52.31,43.61,26.91,72.12
56.25,56.25,44.03,28.09,71.18
55.93,55.93,42.35,30.74,71.37
65.81,65.81,37.63,31.47,72.94
69.46,69.46,41.04,32.47,74.42
69.77,69.77,36.60,32.04,74.15
67.79,67.79,36.57,34.49,73.43
73.91,73.91,32.82,30.11,73.00
73.32,73.32,35.40,31.72,73.69
72.66,72.66,40.54,31.53,76.41
70.46,70.46,41.43,35.20,76.80
68.40,68.40,41.56,30.40,76.33
63.28,63.28,44.16,33.63,72.55
66.52,66.52,41.75,30.57,70.21
67.84,67.84,44.43,29.01,72.35
66.69,66.69,40.78,27.23,71.28
57.18,57.18,41.01,30.46,71.87
54.80,54.80,45.33,32.60,72.94
50.78,50.78,38.89,29.46,73.44
51.36,51.36,44.42,34.35,73.21
54.39,54.39,35.69,31.43,69.63
58.92,58.92,45.08,34.60,74.22
59.55,59.55,37.90,35.07,74.80
61.18,61.18,39.05,30.18,76.98
61.48,61.48,41.90,29.80,72.65
66.36,66.36,43.53,32.31,71.43
67.60,67.60,45.28,33.77,76.28
68.13,68.13,44.73,32.59,72.46
67.19,67.19,45.04,33.71,72.51
66.51,66.51,46.22,29.34,72.74
68.01,68.01,47.87,33.25,73.84
69.30,69.30,49.32,35.35,72.82
69.74,69.74,46.75,34.07,71.06
68.76,68.76,47.61,29.64,71.48
69.08,69.08,45.35,26.65,74.01
67.19,67.19,47.50,27.45,72.39
61.26,61.26,46.30,23.89,75.81
55.57,55.57,47.81,28.60,72.79
52.47,52.47,48.34,30.17,75.96
51.81,51.81,45.73,28.65,76.59
50.46,50.46,44.17,28.17,72.06
50.80,50.80,40.57,32.43,70.00
49.08,49.08,42.89,31.24,70.16
50.26,50.26,44.61,32.62,72.08
46.82,46.82,40.72,28.56,72.59
47.35,47.35,44.42,33.51,69.66
47.01,47.01,43.23,31.42,69.36
49.08,49.08,42.39,30.18,69.80
54.13,54.13,43.57,31.59,70.10
57.35,57.35,40.77,27.12,70.48
63.46,63.46,41.17,26.77,73.09
62.84,62.84,44.26,33.06,75.23
65.51,65.51,37.72,25.00,75.17
66.76,66.76,42.51,35.85,71.77
63.99,63.99,40.94,27.62,71.55
68.15,68.15,38.70,31.29,75.59
68.32,68.32,39.30,28.04,76.61
66.80,66.80,38.70,23.04,76.28
69.21,69.21,41.44,29.13,73.73
69.25,69.25,38.31,32.65,71.71
65.52,65.52,44.75,36.36,70.89
63.64,63.64,39.11,27.29,69.73
64.03,64.03,38.46,33.11,71.10
66.90,66.90,40.49,31.70,72.95
68.90,68.90,41.58,27.83,73.77
66.24,66.24,40.47,29.77,75.89
66.62,66.62,38.74,24.46,73.35
63.82,63.82,42.03,31.17,72.65
62.33,62.33,43.28,34.11,75.15
63.14,63.14,38.55,28.33,75.91
66.01,66.01,38.85,23.73,73.49
67.57,67.57,36.07,15.30,72.40
66.83,66.83,37.67,21.57,75.58
65.87,65.87,39.70,22.63,74.21
67.38,67.38,36.77,16.63,73.06
66.66,66.66,38.85,25.73,74.08
66.36,66.36,39.21,23.71,72.20
64.36,64.36,39.97,24.21,75.40
64.00,64.00,37.72,28.10,73.45
62.12,62.12,37.23,28.39,74.31
62.94,62.94,38.12,22.58,77.00
62.07,62.07,45.81,25.63,72.57
64.16,64.16,55.70,27.50,76.81
65.18,65.18,58.70,25.76,75.27
65.69,65.69,58.59,27.99,75.27
64.37,64.37,52.86,26.27,76.22
63.55,63.55,49.94,17.35,75.18
64.57,64.57,43.05,20.32,69.06
63.59,63.59,39.67,17.47,70.40
63.35,63.35,38.37,22.86,70.44
63.35,63.35,39.29,25.24,73.51
67.74,67.74,40.28,27.72,73.12
68.25,68.25,38.12,26.82,71.06
65.55,65.55,40.83,30.24,71.96
64.01,64.01,38.07,24.89,70.22
64.20,64.20,38.83,25.42,70.69
63.60,63.60,41.28,29.01,73.12
62.41,62.41,41.03,28.72,73.26
62.30,62.30,41.39,29.27,74.65
64.21,64.21,40.80,31.12,72.14
64.60,64.60,40.75,30.97,71.75
66.82,66.82,39.43,26.82,75.64
66.45,66.45,39.89,29.18,77.62
64.68,64.68,39.74,28.28,77.09
62.29,62.29,40.61,28.56,74.44
61.97,61.97,41.60,30.90,70.53
63.12,63.12,41.21,30.07,71.27
67.81,67.81,40.85,27.65,71.31
67.75,67.75,39.46,27.91,71.98
66.53,66.53,40.45,28.80,71.06
64.20,64.20,40.57,30.04,72.48
64.81,64.81,40.82,30.62,74.32
64.12,64.12,41.16,28.87,72.86
59.56,59.56,38.73,24.09,73.25
58.42,58.42,40.18,22.84,75.15
57.87,57.87,40.05,23.22,76.15
56.37,56.37,41.20,24.39,75.06
57.32,57.32,40.98,22.52,73.28
56.77,56.77,40.38,22.08,74.98
58.04,58.04,40.18,25.21,75.42
60.41,60.41,41.38,25.60,71.39
59.95,59.95,40.82,24.91,72.96
61.43,61.43,42.93,27.05,73.17
60.97,60.97,43.47,24.05,76.01
58.34,58.34,41.54,23.32,73.62
56.83,56.83,43.36,25.14,72.75
56.82,56.82,42.22,26.59,76.03
57.38,57.38,42.33,26.32,74.34
56.27,56.27,42.47,27.69,76.96
55.05,55.05,40.82,24.17,76.68
56.10,56.10,42.40,29.62,73.22
54.23,54.23,42.60,29.08,77.21
52.07,52.07,42.85,30.17,75.36
50.47,50.47,41.88,29.91,70.85
51.70,51.70,41.63,31.22,69.95
51.66,51.66,42.30,33.24,71.19
50.21,50.21,41.32,33.25,73.45
53.35,53.35,40.27,32.05,72.76
46.49,46.49,42.13,33.76,71.24
48.71,48.71,42.04,34.23,72.31
52.02,52.02,40.93,32.43,71.15
44.28,44.28,40.78,32.18,71.59
42.08,42.08,41.38,33.79,72.96
44.30,44.30,40.86,33.35,73.87
41.39,41.39,41.15,32.94,74.83
43.10,43.10,40.93,33.30,73.68
41.58,41.58,40.84,33.19,73.10
42.21,42.21,40.75,33.55,75.74
43.91,43.91,41.01,33.94,77.49
47.04,47.04,41.02,32.30,77.37
44.64,44.64,41.66,32.18,75.65
40.05,40.05,41.40,31.78,72.61
44.64,44.64,40.07,28.12,70.47
42.09,42.09,42.17,31.01,70.15
46.54,46.54,44.51,34.62,71.03
50.07,50.07,42.47,28.46,72.47
47.55,47.55,42.83,27.76,73.36
49.33,49.33,42.05,33.06,75.09
47.17,47.17,39.74,32.35,74.54
47.30,47.30,41.13,34.28,74.10
47.57,47.57,43.31,35.17,76.00
46.98,46.98,44.76,35.79,75.74
46.02,46.02,43.50,35.93,75.30
45.64,45.64,43.06,35.91,73.66
44.50,44.50,43.29,36.26,74.48
39.27,39.27,39.15,35.92,77.12
37.91,37.91,37.32,38.96,71.38
39.37,39.37,39.52,37.56,74.49
39.93,39.93,38.22,37.20,72.69
40.32,40.32,36.91,40.04,76.48
40.88,40.88,39.09,40.02,75.08
42.66,42.66,39.21,38.82,72.79
42.64,42.64,42.16,41.93,76.37
39.69,39.69,47.86,38.12,75.36
39.78,39.78,58.28,40.24,74.03
38.75,38.75,63.56,38.40,76.24
40.79,40.79,65.63,38.74,73.96
39.08,39.08,59.44,42.30,77.50
40.42,40.42,58.98,38.78,75.62
42.13,42.13,54.58,39.54,71.75
42.26,42.26,52.68,42.65,69.17
43.67,43.67,51.83,41.71,71.72
43.62,43.62,51.49,38.95,73.41
42.80,42.80,48.70,38.67,73.29
41.72,41.72,48.27,37.11,72.60
40.05,40.05,48.10,38.21,72.81
38.50,38.50,46.19,41.13,71.03
37.81,37.81,45.27,40.57,72.05
38.00,38.00,44.24,39.66,72.29
39.51,39.51,43.37,40.21,74.27
42.06,42.06,42.77,39.66,74.81
39.61,39.61,41.93,37.30,73.31
37.27,37.27,41.74,37.65,72.48
40.92,40.92,42.51,39.15,74.79
46.06,46.06,41.52,38.66,77.67
54.29,54.29,40.40,36.21,77.58
59.50,59.50,40.06,34.85,75.43
62.93,62.93,37.93,33.08,71.71
64.30,64.30,38.68,34.18,69.63
66.64,66.64,34.07,33.57,70.90
65.82,65.82,36.20,30.59,68.90
66.14,66.14,38.72,31.78,69.36
66.45,66.45,39.81,33.28,71.41
64.37,64.37,39.79,27.75,73.00
63.62,63.62,41.42,29.69,73.39
65.05,65.05,37.81,29.89,72.67
62.87,62.87,35.49,27.95,74.01
65.74,65.74,36.75,27.85,75.76
68.42,68.42,37.19,28.14,75.06
65.71,65.71,37.43,30.86,69.50
64.75,64.75,35.63,32.02,72.76
64.38,64.38,35.80,30.54,77.01
65.92,65.92,37.97,27.36,68.95
66.11,66.11,38.04,28.42,74.19
62.68,62.68,36.20,27.09,70.94
63.24,63.24,37.82,28.70,75.98
64.64,64.64,35.75,27.30,74.31
64.01,64.01,35.84,25.86,70.58
65.62,65.62,36.42,18.45,74.45
65.01,65.01,41.53,20.23,74.50
65.08,65.08,41.66,18.06,74.96
67.44,67.44,45.14,16.90,78.99
65.71,65.71,43.23,27.22,74.32
65.61,65.61,40.00,21.45,75.81
64.43,64.43,37.07,31.87,74.73
64.49,64.49,35.88,29.82,72.12
65.96,65.96,33.67,23.19,70.50
65.51,65.51,32.92,25.98,71.38
66.07,66.07,35.87,27.14,71.46
64.47,64.47,38.17,33.53,73.56
62.39,62.39,37.01,35.15,72.69
61.54,61.54,36.93,26.55,72.59
62.22,62.22,38.32,31.01,71.96
63.48,63.48,36.56,30.19,71.07
63.77,63.77,39.43,32.46,74.07
63.44,63.44,38.48,37.25,71.93
64.27,64.27,37.10,32.18,75.94
64.77,64.77,36.37,30.61,72.71
65.75,65.75,33.42,25.75,72.49
66.90,66.90,36.18,33.68,73.98
66.58,66.58,33.23,25.93,76.53
69.46,69.46,30.30,32.36,78.21
68.68,68.68,29.67,35.93,75.81
69.29,69.29,34.75,37.00,73.23
70.62,70.62,32.05,36.67,70.28
72.89,72.89,29.73,33.98,70.77
72.98,72.98,34.32,34.60,70.47
71.05,71.05,30.14,29.60,70.15
70.88,70.88,32.59,29.41,72.63
72.41,72.41,33.77,34.50,73.11
72.90,72.90,30.04,30.78,72.32
72.27,72.27,34.40,31.59,72.08
71.28,71.28,32.05,31.75,74.37
71.55,71.55,29.83,30.81,75.30
70.18,70.18,30.28,33.34,76.56
73.54,73.54,28.28,30.71,73.88
74.50,74.50,31.72,33.91,72.18
73.48,73.48,35.39,34.50,76.52
72.30,72.30,34.03,32.97,69.96
70.66,70.66,31.83,30.83,73.97
68.55,68.55,34.41,38.41,71.75
67.59,67.59,29.70,37.10,75.66
67.68,67.68,31.42,32.56,75.39
70.72,70.72,30.50,34.19,71.39
71.84,71.84,33.33,34.27,73.55
71.76,71.76,38.04,34.01,75.08
69.15,69.15,48.62,28.82,71.84
68.42,68.42,57.95,29.46,76.28
67.71,67.71,60.57,35.87,72.39
62.76,62.76,57.30,36.28,75.76
64.74,64.74,54.81,29.63,76.88
60.63,60.63,47.33,23.70,73.67
64.95,64.95,42.10,28.43,69.38
62.59,62.59,38.69,21.67,69.71
55.95,55.95,36.91,21.48,72.62
62.13,62.13,39.22,32.54,74.88
55.85,55.85,37.40,28.67,72.51
53.82,53.82,37.24,26.62,71.37
52.88,52.88,34.92,23.49,69.75
56.76,56.76,35.83,29.27,71.45
60.65,60.65,36.34,29.42,71.94
61.76,61.76,36.80,31.18,71.53
59.92,59.92,34.64,31.93,74.59
55.56,55.56,34.08,32.30,73.51
59.18,59.18,32.56,29.23,71.05
64.26,64.26,32.11,21.18,74.33
66.74,66.74,31.19,25.36,77.95
69.02,69.02,33.52,30.63,77.55
69.74,69.74,35.98,29.88,75.53
69.33,69.33,36.95,29.98,73.47
68.58,68.58,43.32,31.17,66.90
67.53,67.53,40.00,32.25,69.04
67.85,67.85,44.19,29.18,68.68
71.01,71.01,45.02,23.85,68.54
67.78,67.78,47.08,27.45,69.80
64.22,64.22,39.99,30.06,72.65
64.14,64.14,39.59,30.52,73.61
64.12,64.12,41.23,25.58,68.96
66.41,66.41,39.77,26.51,73.85
71.62,71.62,39.81,25.11,75.79
72.33,72.33,33.41,29.52,76.63
69.55,69.55,39.56,27.82,72.52
68.99,68.99,36.80,28.41,71.21
66.42,66.42,34.95,26.44,77.69
64.53,64.53,33.30,28.45,71.90
63.40,63.40,34.15,23.15,72.55
66.33,66.33,35.38,21.83,71.82
71.36,71.36,37.39,17.75,74.87
72.44,72.44,38.07,22.56,74.50
72.90,72.90,41.08,23.57,71.37
72.74,72.74,41.91,24.51,74.07
71.62,71.62,40.00,20.51,75.63
69.99,69.99,42.39,21.81,71.35
67.97,67.97,41.17,28.64,77.60
62.71,62.71,43.25,31.96,74.01
63.46,63.46,43.64,33.76,75.30
63.49,63.49,35.36,27.01,77.29
63.10,63.10,43.46,33.17,74.33
62.98,62.98,41.66,27.40,70.75
61.58,61.58,40.05,27.23,70.75
60.46,60.46,43.34,27.07,73.18
61.59,61.59,42.04,29.22,73.74
62.86,62.86,43.45,29.82,71.93
62.03,62.03,44.35,34.30,72.31
63.85,63.85,40.56,30.23,71.99
65.97,65.97,44.33,29.04,72.35
66.06,66.06,46.28,32.05,70.53
64.29,64.29,44.70,29.87,72.13
63.83,63.83,48.69,33.66,74.16
62.37,62.37,42.51,26.99,73.18
67.39,67.39,45.59,31.62,72.63
69.91,69.91,47.45,33.51,72.78
73.53,73.53,44.25,28.86,77.05
72.69,72.69,43.98,28.71,76.37
72.92,72.92,36.64,25.69,75.82
73.19,73.19,42.21,27.73,73.53
72.91,72.91,38.73,27.12,70.18
72.60,72.60,36.96,30.08,70.70
72.72,72.72,29.36,25.77,69.98
72.06,72.06,35.60,24.46,70.02
72.53,72.53,32.53,28.08,71.89
71.55,71.55,30.96,26.51,72.43
71.06,71.06,32.10,30.10,74.22
71.34,71.34,33.04,30.82,70.51
71.02,71.02,31.36,27.05,71.58
70.20,70.20,36.07,26.72,74.69
70.26,70.26,33.63,27.42,76.05
71.05,71.05,34.78,30.23,73.17
72.07,72.07,31.47,27.23,73.13
71.50,71.50,38.17,27.20,77.12
70.35,70.35,36.44,27.21,72.32
68.00,68.00,36.71,25.60,73.63
67.24,67.24,36.31,25.16,71.81
67.43,67.43,36.51,27.04,73.71
67.60,67.60,36.30,31.38,75.11
67.55,67.55,36.77,29.65,71.73
68.13,68.13,37.69,28.06,74.68
69.33,69.33,39.04,29.54,76.32
70.39,70.39,37.14,31.95,71.01
67.29,67.29,35.63,32.84,77.50
64.79,64.79,37.23,29.30,75.11
67.00,67.00,36.98,27.54,74.81
67.96,67.96,39.22,30.37,77.89
68.79,68.79,35.12,28.67,74.70
70.84,70.84,33.12,23.54,70.11
71.84,71.84,31.57,27.27,68.95
71.78,71.78,33.62,23.90,71.34
72.16,72.16,32.69,27.85,72.99
71.66,71.66,34.98,26.07,70.12
71.27,71.27,30.73,23.17,69.73
72.18,72.18,33.79,24.88,70.67
71.24,71.24,35.52,26.00,70.53
70.90,70.90,32.56,22.06,70.29
72.52,72.52,34.74,24.49,72.30
72.03,72.03,35.15,25.04,72.10
71.62,71.62,31.86,25.65,73.46
69.88,69.88,36.25,25.44,71.63
69.10,69.10,33.63,22.67,72.55
67.34,67.34,36.87,22.18,76.18
66.38,66.38,32.07,23.42,77.56
67.07,67.07,31.91,24.53,77.16
65.91,65.91,34.12,24.22,74.79
69.56,69.56,33.12,22.91,71.17
72.82,72.82,35.62,22.97,69.04
74.25,74.25,36.35,23.47,67.87
74.27,74.27,33.57,25.99,69.65
73.88,73.88,34.83,28.08,70.94
70.89,70.89,34.86,26.08,71.95
69.72,69.72,34.60,29.88,74.87
70.00,70.00,35.20,28.42,70.15
69.91,69.91,36.77,26.16,72.79
71.06,71.06,37.25,22.61,75.11
70.85,70.85,34.40,23.44,76.33
70.63,70.63,35.77,21.09,74.38
70.47,70.47,38.92,23.62,73.61
69.97,69.97,37.59,28.14,74.58
68.51,68.51,36.51,24.02,73.67
70.17,70.17,39.20,25.34,72.10
70.30,70.30,38.87,27.18,74.20
67.60,67.60,39.99,28.54,72.56
67.04,67.04,38.97,30.59,76.48
67.77,67.77,34.80,26.21,74.09
68.02,68.02,33.93,29.97,71.39
68.19,68.19,37.63,27.51,76.54
69.04,69.04,36.83,27.85,71.75
69.86,69.86,36.05,25.88,77.83
70.92,70.92,34.56,26.72,76.42
70.77,70.77,37.54,25.14,72.73
69.51,69.51,33.52,25.88,77.77
70.69,70.69,32.24,24.08,74.78
70.87,70.87,35.59,24.02,70.03
71.12,71.12,35.40,27.55,69.80
71.63,71.63,37.07,26.03,71.51
70.86,70.86,32.62,28.58,74.81
70.95,70.95,32.97,22.83,71.56
71.16,71.16,31.51,22.62,70.61
70.13,70.13,34.53,24.73,73.59
69.63,69.63,31.29,20.96,71.31
69.02,69.02,35.24,26.08,72.24
67.16,67.16,30.45,22.45,74.70
62.10,62.10,30.50,20.18,74.22
59.99,59.99,31.16,20.80,75.29
63.07,63.07,35.84,10.19,73.21
66.76,66.76,35.74,14.75,74.58
66.14,66.14,40.80,7.67,76.21
63.34,63.34,56.72,17.52,77.60
61.86,61.86,64.02,23.56,78.03
57.89,57.89,66.21,25.25,75.72
52.97,52.97,64.89,24.25,73.12
53.11,53.11,56.48,18.22,71.69
52.59,52.59,54.25,21.17,70.83
54.64,54.64,57.93,28.72,73.84
58.06,58.06,55.73,31.95,72.58
58.56,58.56,55.98,26.00,73.79
58.78,58.78,60.16,30.71,76.84
55.75,55.75,59.86,29.99,74.76
53.99,53.99,59.59,18.60,74.91
53.45,53.45,58.99,26.72,76.22
52.08,52.08,65.47,35.95,77.21
50.71,50.71,66.45,32.49,75.88
49.71,49.71,57.05,35.27,73.95
48.90,48.90,65.83,36.46,74.29
45.47,45.47,63.02,39.93,76.30
45.70,45.70,60.95,54.14,72.24
45.85,45.85,61.19,59.21,76.23
44.44,44.44,61.85,62.68,74.67
42.20,42.20,62.13,60.76,77.63
42.52,42.52,55.23,53.17,74.67
39.49,39.49,56.68,45.07,74.39
40.01,40.01,63.30,35.80,77.88
41.58,41.58,60.37,45.83,75.04
44.64,44.64,56.99,62.19,76.25
47.05,47.05,57.64,61.62,77.21
47.27,47.27,60.89,61.48,74.28
52.69,52.69,51.23,61.17,78.11
50.58,50.58,57.28,58.82,77.82
51.31,51.31,51.72,65.13,74.34
55.29,55.29,55.55,60.82,74.82
55.67,55.67,51.62,54.58,74.25
52.09,52.09,54.52,38.12,74.46
53.98,53.98,60.37,42.05,75.50
61.92,61.92,60.30,39.14,73.85
55.90,55.90,59.11,40.65,72.54
60.19,60.19,52.75,38.94,73.18
60.96,60.96,54.80,25.73,73.50
56.18,56.18,47.97,34.13,74.19
52.62,52.62,51.43,25.75,73.53
57.54,57.54,49.92,33.01,77.04
55.56,55.56,43.59,30.87,74.43
55.86,55.86,46.85,34.16,71.94
59.39,59.39,46.46,38.24,75.48
56.63,56.63,45.01,30.83,77.14
54.19,54.19,48.46,37.50,75.84
58.18,58.18,44.70,32.85,76.84
60.66,60.66,54.79,36.52,74.48
63.44,63.44,48.93,28.40,74.25
65.70,65.70,44.11,20.25,74.72
66.59,66.59,39.61,32.29,74.32
69.34,69.34,35.32,29.23,75.52
69.98,69.98,36.37,26.00,72.20
67.46,67.46,36.28,15.25,75.71
65.66,65.66,36.76,17.35,75.65
67.65,67.65,37.33,24.49,73.97
67.78,67.78,39.13,23.59,74.57
67.16,67.16,41.73,28.54,77.58
69.00,69.00,42.14,31.34,76.50
70.01,70.01,43.51,28.80,73.59
68.69,68.69,37.16,27.90,72.70
67.91,67.91,42.00,30.66,77.51
70.93,70.93,44.78,32.30,70.35
72.06,72.06,44.54,29.91,75.96
71.66,71.66,42.11,26.66,74.77
70.92,70.92,38.24,32.72,76.45
70.91,70.91,43.71,33.66,74.98
68.96,68.96,45.27,29.81,73.91
66.75,66.75,45.98,31.11,75.30
68.08,68.08,52.77,41.56,73.45
67.98,67.98,67.45,52.28,72.34
61.53,61.53,79.34,67.52,66.30
61.09,61.09,80.11,66.83,68.74
65.07,65.07,75.37,72.90,73.92
65.90,65.90,68.84,70.99,74.91
62.97,62.97,72.37,73.90,71.15
62.73,62.73,70.47,69.05,70.32
67.63,67.63,67.08,71.75,71.24
65.62,65.62,59.48,70.20,72.67
64.61,64.61,59.89,71.66,71.00
62.81,62.81,58.99,71.76,68.08
65.27,65.27,58.57,74.75,70.31
71.39,71.39,60.33,69.33,69.47
65.34,65.34,58.97,71.08,70.51
62.64,62.64,57.19,74.09,72.65
65.44,65.44,56.07,72.16,72.79
67.33,67.33,52.17,70.66,76.06
71.43,71.43,50.32,68.94,73.14
71.53,71.53,48.60,73.85,70.85
72.21,72.21,47.05,68.22,73.47
69.32,69.32,47.78,69.40,76.52
70.17,70.17,48.18,72.62,76.70
69.56,69.56,47.64,73.42,76.04
70.16,70.16,50.15,69.92,70.72
68.76,68.76,50.30,68.95,69.76
68.06,68.06,51.82,75.23,69.23
68.89,68.89,53.59,72.21,71.07
70.61,70.61,55.56,73.06,67.57
68.29,68.29,54.82,71.81,69.61
70.45,70.45,54.34,76.16,72.57
71.81,71.81,55.22,71.24,72.43
73.08,73.08,56.60,72.70,69.76
71.72,71.72,56.28,72.71,73.54
70.29,70.29,53.92,75.52,74.52
69.00,69.00,55.97,70.66,74.86
71.08,71.08,55.17,72.42,72.45
70.20,70.20,53.68,76.00,72.91
68.24,68.24,53.79,72.93,77.12
69.74,69.74,54.25,70.96,69.47
69.25,69.25,53.66,70.78,74.59
69.05,69.05,57.31,76.36,71.28
67.25,67.25,55.73,72.21,74.60
66.65,66.65,55.14,71.78,73.08
67.21,67.21,56.74,72.63,70.22
66.74,66.74,55.13,75.72,74.46
68.95,68.95,55.35,71.18,74.26
68.19,68.19,54.09,71.00,71.35
67.46,67.46,55.36,72.86,76.72
67.84,67.84,54.32,74.89,73.25
69.01,69.01,55.66,69.47,73.90
67.18,67.18,56.27,68.72,74.73
67.69,67.69,57.14,75.25,70.22
69.86,69.86,55.86,72.22,67.31
68.54,68.54,56.20,69.56,68.25
68.65,68.65,56.07,68.65,71.64
67.62,67.62,55.10,75.71,72.85
67.79,67.79,56.31,69.15,68.45
66.69,66.69,53.61,68.73,69.60
67.85,67.85,55.16,71.04,68.89
67.96,67.96,56.98,74.79,70.44
67.30,67.30,54.71,60.88,71.28
69.40,69.40,55.11,69.03,70.38
70.31,70.31,55.01,75.98,72.59
66.77,66.77,54.77,72.86,72.41
67.33,67.33,54.41,69.66,69.09
67.54,67.54,55.03,70.17,72.64
66.80,66.80,54.57,76.11,76.45
64.83,64.83,54.58,71.67,76.96
67.15,67.15,54.38,71.02,76.23
66.79,66.79,54.33,73.05,73.12
67.01,67.01,55.37,74.24,68.41
66.76,66.76,55.92,70.66,67.57
67.50,67.50,54.22,70.93,70.18
68.79,68.79,54.88,73.94,68.87
69.99,69.99,54.97,74.48,70.16
70.07,70.07,54.40,71.79,71.83
69.26,69.26,52.82,69.54,73.08
70.35,70.35,53.65,73.17,68.50
69.69,69.69,55.12,72.67,72.16
69.26,69.26,52.33,69.84,73.38
68.44,68.44,52.67,70.35,74.67
68.24,68.24,52.33,72.54,72.55
67.78,67.78,53.51,70.46,70.39
66.35,66.35,51.98,70.85,75.97
67.72,67.72,53.59,69.07,70.02
68.69,68.69,52.41,72.25,73.18
66.25,66.25,52.78,68.15,70.37
66.33,66.33,52.75,68.42,74.18
67.89,67.89,53.07,70.25,73.09
68.31,68.31,53.71,72.58,71.82
67.42,67.42,53.46,69.46,72.79
65.77,65.77,53.75,67.85,74.98
66.08,66.08,52.90,70.53,70.43
67.01,67.01,52.42,72.17,77.39
65.81,65.81,51.88,69.57,73.61
64.71,64.71,52.70,68.13,75.03
65.58,65.58,53.44,69.86,75.42
68.82,68.82,53.11,69.62,70.85
68.37,68.37,52.44,69.65,67.23
68.07,68.07,52.02,69.37,70.27
66.51,66.51,52.85,72.39,72.74
66.78,66.78,52.51,69.69,71.83
66.91,66.91,52.15,69.53,69.32
67.35,67.35,52.88,71.80,69.22
68.10,68.10,54.11,72.32,70.22
72.10,72.10,55.28,70.95,68.21
73.69,73.69,55.32,69.95,68.43
73.10,73.10,55.06,72.37,70.63
70.76,70.76,53.01,71.38,72.53
70.41,70.41,52.54,70.45,71.51
71.26,71.26,54.31,70.78,70.50
69.23,69.23,54.70,72.51,70.42
71.18,71.18,56.20,71.14,74.27
71.48,71.48,53.50,70.43,75.14
71.01,71.01,53.86,72.68,74.10
71.45,71.45,54.30,72.74,73.01
69.42,69.42,56.62,70.68,72.43
67.66,67.66,55.19,71.34,71.52
68.00,68.00,55.34,72.20,71.73
67.85,67.85,55.48,70.84,70.73
66.47,66.47,56.43,70.48,68.50
67.77,67.77,56.30,71.63,71.79
66.24,66.24,57.17,72.15,72.72
66.45,66.45,56.57,70.54,70.96
66.29,66.29,56.99,70.65,72.29
66.84,66.84,56.55,72.51,72.72
67.85,67.85,56.37,71.32,74.28
69.58,69.58,58.30,69.34,71.67
70.89,70.89,57.68,71.99,71.64
71.47,71.47,57.48,71.87,74.76
71.62,71.62,58.57,68.76,71.01
70.25,70.25,57.66,67.99,71.05
70.83,70.83,57.91,70.84,70.16
70.78,70.78,58.60,70.44,72.21
69.38,69.38,60.03,66.56,73.14
66.60,66.60,60.00,68.25,71.38
63.09,63.09,62.28,71.96,71.82
59.69,59.69,64.81,69.56,71.72
53.53,53.53,67.52,68.21,64.15
46.81,46.81,78.88,70.19,59.63
41.77,41.77,78.30,65.07,51.09
47.29,47.29,76.94,56.52,52.05
49.36,49.36,75.80,53.65,51.44
51.77,51.77,74.55,49.01,47.79
49.18,49.18,71.60,36.29,43.62
45.30,45.30,67.24,31.32,38.32
42.50,42.50,59.80,34.08,35.16
38.67,38.67,53.28,32.98,34.88
38.27,38.27,47.50,26.76,36.56
38.10,38.10,47.48,26.90,36.73
38.35,38.35,48.70,29.89,35.87
37.91,37.91,44.94,26.91,36.32
38.27,38.27,45.50,24.89,37.05
38.63,38.63,46.39,29.63,36.44
40.45,40.45,45.99,32.37,36.21
39.06,39.06,43.04,26.51,34.72
39.19,39.19,41.80,24.17,33.97
38.59,38.59,44.04,27.13,36.86
35.43,35.43,41.18,26.79,36.60
35.59,35.59,43.37,25.71,36.07
33.79,33.79,41.01,21.91,34.75
33.26,33.26,41.49,23.20,32.89
34.14,34.14,41.73,24.84,32.41
32.77,32.77,39.27,22.44,32.97
34.54,34.54,40.89,23.64,32.00
32.57,32.57,40.63,25.39,31.29
33.45,33.45,41.07,25.03,30.60
32.04,32.04,40.82,26.45,30.37
33.33,33.33,41.45,22.82,31.07
32.62,32.62,42.85,25.79,31.85
33.47,33.47,41.45,27.12,29.93
32.86,32.86,41.84,24.79,28.68
33.00,33.00,41.93,24.88,31.20
30.10,30.10,39.94,24.09,31.37
27.64,27.64,37.58,26.79,30.24
28.22,28.22,38.72,24.20,31.42
23.58,23.58,35.97,22.41,28.63
22.17,22.17,37.59,26.11,28.43
21.54,21.54,40.44,23.43,27.00
21.53,21.53,41.76,21.57,27.11
22.10,22.10,34.16,19.88,28.02
22.71,22.71,38.01,23.78,28.99
29.35,29.35,36.39,28.51,33.06
41.16,41.16,48.38,55.84,46.58
53.42,53.42,58.06,64.01,61.64
64.13,64.13,74.69,67.79,71.24
59.85,59.85,81.90,64.77,67.52
63.44,63.44,79.64,68.13,69.29
67.43,67.43,72.33,65.85,72.52
67.54,67.54,73.01,63.59,70.84
67.98,67.98,68.76,68.38,68.62
66.27,66.27,62.51,70.83,66.57
65.67,65.67,62.26,72.93,69.43
67.17,67.17,60.92,73.85,70.24
69.99,69.99,62.20,72.92,70.48
70.87,70.87,61.36,73.66,71.07
66.24,66.24,61.10,73.54,69.85
66.16,66.16,61.88,74.53,70.36
65.49,65.49,61.51,74.94,69.67
63.39,63.39,60.11,74.34,71.12
65.60,65.60,59.88,76.00,71.43
66.26,66.26,59.19,77.21,71.67
68.10,68.10,57.88,77.01,71.09
69.02,69.02,58.33,76.59,68.49
70.22,70.22,56.71,76.07,70.69
69.75,69.75,56.81,76.59,72.75
67.49,67.49,55.44,76.80,74.40
69.34,69.34,54.28,77.47,73.84
66.77,66.77,55.39,77.91,70.27
68.47,68.47,53.23,77.04,70.45
66.70,66.70,51.86,76.99,73.03
69.02,69.02,51.65,76.39,69.94
66.29,66.29,51.90,77.50,69.95
65.68,65.68,51.44,78.65,70.10
69.52,69.52,50.67,77.97,69.56
68.64,68.64,50.78,77.21,69.02
65.69,65.69,49.96,77.84,68.49
68.48,68.48,50.71,78.34,70.31
70.59,70.59,48.57,78.17,71.20
67.88,67.88,50.87,78.81,69.88
65.80,65.80,50.96,80.14,69.45
70.02,70.02,50.70,78.72,69.24
68.96,68.96,50.58,78.18,68.98
68.41,68.41,49.96,77.73,70.72
67.39,67.39,49.66,78.44,70.79
67.55,67.55,48.43,79.83,71.12
68.22,68.22,48.74,79.09,68.31
69.24,69.24,49.48,78.65,70.55
66.91,66.91,52.48,78.18,68.86
66.85,66.85,59.27,78.29,68.90
65.73,65.73,65.24,77.98,67.00
63.64,63.64,76.63,72.03,65.17
61.18,61.18,77.28,60.85,67.33
63.27,63.27,76.35,65.89,66.74
67.07,67.07,73.68,65.85,69.51
68.56,68.56,72.83,67.57,69.41
69.49,69.49,70.53,69.57,68.30
68.10,68.10,65.61,71.86,66.75
67.67,67.67,63.84,72.37,68.93
69.01,69.01,58.87,72.78,69.57
65.99,65.99,56.28,73.71,71.27
68.90,68.90,55.30,74.34,69.08
69.13,69.13,53.78,75.54,70.85
69.38,69.38,54.00,76.28,70.10
70.55,70.55,53.49,77.07,69.48
70.35,70.35,50.76,75.99,70.02
68.64,68.64,50.07,76.02,72.61
69.88,69.88,48.40,76.19,73.70
69.85,69.85,48.58,76.29,70.49
69.05,69.05,49.13,77.91,70.17
69.40,69.40,49.19,76.73,74.17
70.82,70.82,47.98,76.24,75.16
71.51,71.51,51.68,76.10,74.35
69.09,69.09,58.42,74.59,74.33
69.31,69.31,66.57,73.63,70.05
58.64,58.64,79.60,71.22,63.30
62.68,62.68,80.11,68.20,65.23
66.06,66.06,75.17,68.93,70.78
71.83,71.83,70.61,71.23,69.77
69.52,69.52,70.67,72.23,71.31
70.56,70.56,65.96,72.45,71.60
66.63,66.63,56.30,70.47,71.46
68.07,68.07,57.65,70.01,70.25
66.44,66.44,55.31,70.95,70.01
66.93,66.93,53.14,73.19,69.87
67.83,67.83,52.15,73.82,71.78
67.52,67.52,52.55,74.59,73.44
70.92,70.92,49.28,73.89,74.91
68.92,68.92,47.09,74.47,73.70
69.71,69.71,46.12,74.30,73.27
67.86,67.86,45.51,72.74,71.34
68.01,68.01,43.23,72.83,69.49
69.71,69.71,44.27,73.96,71.09
69.82,69.82,41.71,75.41,71.17
69.41,69.41,43.68,74.26,71.75
66.67,66.67,48.50,72.41,69.72
67.65,67.65,59.89,70.67,67.21
67.20,67.20,71.40,62.01,69.32
62.22,62.22,81.78,69.17,64.68
64.88,64.88,81.13,50.44,68.61
63.54,63.54,71.22,61.90,70.13
66.17,66.17,74.40,64.43,69.27
69.01,69.01,72.47,71.08,70.16
69.57,69.57,62.40,70.74,69.64
68.05,68.05,56.03,66.50,72.32
66.38,66.38,54.66,76.79,70.09
67.80,67.80,50.76,69.02,71.46
69.58,69.58,46.04,68.70,71.15
66.45,66.45,47.92,77.14,71.21
70.50,70.50,47.09,70.40,70.59
70.41,70.41,44.03,69.36,68.08
66.91,66.91,43.71,77.05,71.68
68.00,68.00,43.08,69.90,69.75
69.71,69.71,42.53,71.05,71.49
71.62,71.62,43.29,74.43,69.86
72.06,72.06,42.20,72.09,72.99
72.14,72.14,41.72,70.53,72.61
68.70,68.70,41.44,72.98,70.30
67.70,67.70,41.74,74.37,71.72
66.73,66.73,43.49,69.28,69.33
66.25,66.25,41.48,66.53,72.26
67.63,67.63,40.98,77.25,74.54
70.04,70.04,40.05,69.53,72.09
70.31,70.31,40.99,71.97,75.81
66.75,66.75,42.95,77.46,74.12
68.28,68.28,42.13,71.81,71.51
71.16,71.16,42.32,72.20,70.82
69.17,69.17,39.59,77.00,70.97
66.79,66.79,40.94,73.90,70.98
68.91,68.91,42.13,73.24,74.53
68.45,68.45,41.29,74.69,74.37
69.02,69.02,40.77,75.15,71.55
67.24,67.24,40.93,73.01,72.00
66.93,66.93,42.87,72.39,70.83
67.43,67.43,42.90,78.21,71.07
69.15,69.15,43.26,73.51,71.84
68.48,68.48,42.81,71.78,70.54
69.96,69.96,43.50,78.31,71.67
68.44,68.44,45.56,72.73,72.45
69.43,69.43,45.33,73.75,71.60
68.48,68.48,46.45,76.63,72.82
69.90,69.90,51.66,73.99,72.40
67.54,67.54,61.16,72.29,72.29
65.65,65.65,66.86,73.07,71.62
59.33,59.33,78.04,67.40,68.60
59.60,59.60,75.43,66.57,66.68
59.33,59.33,75.36,66.43,67.71
60.44,60.44,73.98,65.42,68.38
62.17,62.17,71.11,66.51,69.67
63.69,63.69,69.22,66.82,71.49
62.80,62.80,63.44,72.16,71.28
64.22,64.22,59.65,69.00,69.32
67.38,67.38,57.92,68.57,74.21
68.24,68.24,55.20,73.52,73.59
65.64,65.64,51.04,67.82,76.58
66.36,66.36,47.85,67.97,73.94
65.76,65.76,48.09,70.74,72.11
65.81,65.81,47.76,67.10,75.06
68.98,68.98,46.15,67.99,70.55
68.23,68.23,45.63,68.62,73.60
65.79,65.79,44.98,68.06,71.07
68.65,68.65,43.98,67.34,73.70
67.48,67.48,42.62,65.76,73.64
68.12,68.12,42.65,71.83,70.50
67.21,67.21,42.97,67.14,72.49
66.83,66.83,42.41,66.13,73.99
67.22,67.22,42.95,74.30,73.44
66.45,66.45,43.37,67.52,75.43
66.90,66.90,41.23,66.34,72.21
66.53,66.53,43.71,74.55,74.28
65.62,65.62,41.32,64.42,73.16
67.50,67.50,41.20,67.34,71.05
67.80,67.80,41.18,72.64,69.60
66.82,66.82,40.67,69.26,70.02
68.41,68.41,39.70,67.02,70.59
67.58,67.58,41.20,71.99,70.65
68.28,68.28,49.99,69.62,71.40
70.01,70.01,58.40,66.83,69.36
67.81,67.81,67.01,67.65,68.46
61.49,61.49,82.45,63.98,64.18
63.36,63.36,80.07,64.44,67.49
68.17,68.17,75.79,63.62,68.62
68.05,68.05,69.78,66.05,68.77
68.43,68.43,64.33,60.44,69.91
70.16,70.16,61.06,60.11,70.50
68.13,68.13,60.90,68.24,71.86
66.70,66.70,50.26,65.45,72.49
66.75,66.75,50.11,63.74,72.04
66.51,66.51,58.29,72.35,73.26
65.63,65.63,67.39,64.81,72.28
59.80,59.80,82.44,59.75,66.10
61.52,61.52,78.27,57.71,70.94
63.49,63.49,74.36,67.42,70.23
65.19,65.19,71.11,63.53,70.95
68.09,68.09,72.78,59.43,70.90
67.71,67.71,66.68,61.18,73.31
65.68,65.68,59.39,65.44,73.55
66.08,66.08,61.79,63.94,70.38
68.12,68.12,56.98,69.89,72.72
67.80,67.80,52.18,64.95,73.93
66.57,66.57,48.28,61.81,73.76
67.25,67.25,45.01,71.27,72.32
67.10,67.10,44.63,67.73,71.30
63.81,63.81,40.21,65.19,75.36
65.42,65.42,40.58,71.76,71.65
67.32,67.32,38.28,67.98,73.51
67.74,67.74,37.64,62.98,71.91
68.18,68.18,35.51,72.38,73.22
67.90,67.90,36.03,67.46,73.50
66.68,66.68,36.28,64.83,71.03
67.05,67.05,37.45,71.43,73.43
67.89,67.89,34.60,68.86,74.71
67.12,67.12,35.81,65.41,73.20
69.48,69.48,35.84,69.25,75.78
67.87,67.87,34.29,71.69,73.72
66.06,66.06,34.86,67.16,74.68
65.94,65.94,35.07,68.13,72.48
65.86,65.86,33.52,74.06,71.68
61.76,61.76,36.92,68.11,71.70
61.06,61.06,34.73,69.39,72.52
61.19,61.19,35.02,73.99,71.21
62.74,62.74,35.79,70.55,71.33
61.55,61.55,33.66,71.48,73.77
59.96,59.96,35.81,73.28,73.54
59.30,59.30,37.88,70.83,72.75
57.54,57.54,36.83,70.88,72.10
58.61,58.61,36.28,72.69,70.97
59.92,59.92,35.91,73.47,70.25
61.40,61.40,35.68,71.99,71.82
62.87,62.87,36.12,73.90,73.56
62.41,62.41,33.98,73.69,72.79
60.40,60.40,32.40,71.86,73.22
59.64,59.64,35.83,72.44,73.50
61.54,61.54,47.93,75.82,72.14
59.90,59.90,60.92,71.97,69.30
58.88,58.88,68.87,71.69,65.45
57.47,57.47,79.61,67.27,64.13
52.13,52.13,78.51,61.63,63.97
50.35,50.35,76.42,60.69,64.74
50.27,50.27,73.93,61.35,68.95
51.65,51.65,72.64,60.88,71.00
48.98,48.98,68.17,62.14,70.97
51.18,51.18,68.10,59.92,70.63
47.40,47.40,59.27,59.77,72.72
47.52,47.52,58.42,63.60,73.00
48.59,48.59,54.11,61.84,74.60
48.64,48.64,52.90,63.68,71.43
49.77,49.77,51.39,65.05,70.50
53.04,53.04,52.35,61.90,70.80
51.19,51.19,47.39,64.07,70.14
49.43,49.43,47.69,65.39,72.75
47.93,47.93,46.24,63.11,70.11
47.51,47.51,45.47,63.40,70.36
47.24,47.24,43.17,64.48,72.13
47.55,47.55,39.42,64.48,71.18
51.82,51.82,37.75,63.32,72.01
54.66,54.66,34.75,62.63,70.02
61.23,61.23,30.32,65.43,73.19
67.09,67.09,30.71,63.57,73.45
68.02,68.02,30.96,62.15,73.64
69.70,69.70,28.69,63.04,73.70
69.35,69.35,31.34,61.70,70.53
66.71,66.71,28.25,64.43,70.35
68.22,68.22,27.10,63.83,69.64
67.50,67.50,26.52,54.26,71.76
66.83,66.83,26.54,55.03,69.91
65.09,65.09,30.87,49.63,69.97
65.62,65.62,34.89,47.35,69.87
62.51,62.51,37.13,41.22,71.53
65.14,65.14,39.93,32.75,73.55
60.70,60.70,39.10,20.20,71.93
60.63,60.63,39.91,25.70,72.89
58.90,58.90,40.23,18.29,72.28
60.33,60.33,41.45,22.30,69.31
56.43,56.43,39.77,21.07,71.96
68.05,68.05,33.59,18.12,74.29
73.75,73.75,35.59,19.22,73.52
72.48,72.48,32.01,14.15,73.80
71.37,71.37,33.51,22.28,73.25
68.74,68.74,36.14,24.12,70.11
68.00,68.00,54.83,34.08,68.30
68.13,68.13,59.46,38.44,65.15
65.79,65.79,69.60,41.62,66.74
58.49,58.49,83.06,59.07,64.87
62.77,62.77,76.40,57.81,70.77
63.11,63.11,73.00,59.89,73.35
66.42,66.42,75.30,62.41,73.57
65.14,65.14,68.22,67.96,72.52
66.61,66.61,64.46,65.33,72.28
66.87,66.87,60.32,63.02,71.19
65.40,65.40,57.03,69.56,71.03
65.76,65.76,56.08,73.76,70.93
66.84,66.84,57.80,71.45,69.38
63.94,63.94,58.81,69.92,69.94
63.06,63.06,57.06,72.61,70.17
62.90,62.90,55.71,72.80,70.17
63.75,63.75,52.96,72.76,71.38
68.34,68.34,50.25,71.86,72.07
69.53,69.53,46.16,73.82,71.37
71.02,71.02,45.64,73.00,73.57
70.69,70.69,45.39,73.43,71.07
69.82,69.82,45.33,72.07,72.00
69.55,69.55,46.29,72.75,75.37
67.91,67.91,47.00,74.12,76.73
67.34,67.34,47.92,71.96,75.39
65.88,65.88,50.34,73.20,73.86
65.61,65.61,50.99,74.13,69.11
69.26,69.26,53.17,73.87,68.00
69.86,69.86,53.25,73.66,67.15
68.74,68.74,52.81,73.23,68.62
68.32,68.32,53.15,73.43,68.39
66.77,66.77,53.87,73.24,70.24
67.02,67.02,55.32,73.15,72.71
65.52,65.52,52.29,72.73,69.98
66.87,66.87,52.45,73.63,71.55
67.03,67.03,52.06,72.90,74.03
67.54,67.54,52.11,72.51,74.15
68.15,68.15,52.19,72.42,72.28
68.68,68.68,53.43,74.55,70.48
67.64,67.64,51.80,72.55,75.24
65.93,65.93,51.02,71.16,75.42
66.06,66.06,52.97,72.40,71.02
66.74,66.74,54.11,73.02,72.46
65.72,65.72,53.11,71.84,72.70
66.89,66.89,53.66,69.65,74.99
68.49,68.49,53.61,71.97,71.29
67.54,67.54,58.63,72.18,71.33
66.37,66.37,64.45,70.73,73.52
62.58,62.58,75.67,67.79,67.38
55.26,55.26,77.53,60.29,67.40
57.23,57.23,77.19,60.42,67.47
59.57,59.57,77.14,63.25,68.47
60.16,60.16,73.51,65.25,72.91
63.22,63.22,70.08,64.15,72.16
63.81,63.81,66.24,63.50,68.00
64.88,64.88,63.47,64.60,67.24
63.24,63.24,57.77,67.09,68.88
65.26,65.26,54.06,67.90,71.05
66.30,66.30,52.96,66.25,69.06
69.60,69.60,52.07,65.24,68.78
69.65,69.65,49.99,67.43,69.89
69.16,69.16,49.71,69.26,67.92
68.78,68.78,49.56,64.95,69.41
68.60,68.60,49.74,63.98,71.79
68.76,68.76,49.01,67.93,71.73
67.23,67.23,50.06,68.84,73.77
68.68,68.68,47.77,62.43,71.16
68.78,68.78,49.35,61.25,70.93
68.25,68.25,51.41,68.49,75.04
69.07,69.07,49.96,69.15,76.23
68.03,68.03,49.25,67.60,76.22
65.66,65.66,50.16,66.51,75.18
65.30,65.30,49.11,71.79,71.72
65.42,65.42,46.48,68.67,69.92
67.21,67.21,46.05,68.46,69.09
69.77,69.77,47.18,70.82,69.39
71.02,71.02,45.79,71.60,70.21
70.84,70.84,45.03,69.53,71.79
70.08,70.08,44.69,69.74,72.01
69.61,69.61,45.69,73.31,71.15
70.31,70.31,47.07,71.75,70.74
69.31,69.31,51.37,71.66,72.99
69.77,69.77,58.96,69.62,74.03
64.57,64.57,71.41,70.46,69.90
61.24,61.24,82.98,62.00,66.30
63.31,63.31,76.48,54.33,72.01
65.24,65.24,73.82,60.13,74.87
66.32,66.32,70.11,67.25,70.96
66.77,66.77,65.36,69.58,73.93
66.16,66.16,62.91,70.54,70.56
68.01,68.01,52.95,70.37,75.01
67.81,67.81,50.30,70.12,73.63
67.93,67.93,53.86,71.54,71.03
66.08,66.08,60.52,69.61,74.65
64.11,64.11,73.30,68.20,71.31
57.00,57.00,82.79,48.62,66.59
62.47,62.47,75.64,60.32,73.20
63.29,63.29,72.62,66.20,71.20
62.80,62.80,74.35,64.85,75.18
64.87,64.87,72.13,65.42,74.93
64.89,64.89,66.79,68.79,69.68
66.72,66.72,58.67,70.14,67.94
67.08,67.08,60.90,66.26,70.04
66.45,66.45,57.18,71.14,71.64
67.60,67.60,49.40,68.92,71.93
67.94,67.94,47.92,70.79,70.19
69.10,69.10,49.84,72.94,71.53
68.00,68.00,46.34,72.25,69.55
66.69,66.69,48.57,69.31,71.37
65.92,65.92,46.64,73.33,71.88
65.55,65.55,45.62,74.23,72.40
65.47,65.47,46.60,73.36,74.01
65.70,65.70,46.24,71.01,72.12
65.96,65.96,46.56,71.77,70.36
66.65,66.65,46.55,74.74,73.82
65.22,65.22,44.88,72.93,76.82
66.97,66.97,45.93,72.84,75.70
66.07,66.07,47.13,73.49,75.04
63.74,63.74,44.26,74.51,72.61
65.08,65.08,46.09,71.20,71.98
66.19,66.19,44.62,70.24,73.31
68.27,68.27,43.87,75.54,71.48
66.87,66.87,42.52,71.44,70.03
68.41,68.41,40.89,70.29,69.51
69.76,69.76,41.07,72.26,72.33
69.23,69.23,41.38,75.74,72.72
69.11,69.11,40.90,72.41,72.29
69.90,69.90,42.97,70.17,71.29
68.76,68.76,43.14,73.06,70.50
67.83,67.83,42.13,74.66,70.08
68.40,68.40,42.64,69.55,70.43
67.74,67.74,42.39,71.27,70.37
65.87,65.87,43.53,75.59,71.15
67.33,67.33,41.26,72.25,72.73
67.87,67.87,40.64,68.95,74.32
65.02,65.02,40.73,69.62,72.23
66.79,66.79,41.92,75.31,74.81
64.57,64.57,47.01,70.99,72.82
60.91,60.91,53.18,68.85,71.03
57.75,57.75,61.54,72.13,69.05
55.51,55.51,75.45,70.98,67.06
49.21,49.21,77.56,64.82,65.16
45.87,45.87,78.27,56.62,67.03
47.78,47.78,76.84,57.08,68.79
47.04,47.04,75.01,64.14,69.50
46.89,46.89,71.53,64.02,69.63
46.71,46.71,67.13,65.59,69.46
52.03,52.03,62.87,70.64,69.97
50.07,50.07,59.46,66.71,70.32
54.53,54.53,56.86,66.28,70.70
51.59,51.59,55.80,67.09,71.01
54.33,54.33,54.00,72.89,70.79
55.52,55.52,54.44,68.71,71.95
56.08,56.08,51.90,68.97,70.86
53.07,53.07,51.22,71.65,70.67
54.99,54.99,50.79,71.06,72.54
53.87,53.87,50.23,67.23,71.93
54.43,54.43,49.05,69.26,74.83
54.74,54.74,48.74,73.59,71.78
52.46,52.46,49.08,70.21,71.75
52.90,52.90,50.94,68.48,74.15
52.15,52.15,49.67,68.53,76.44
53.13,53.13,49.14,73.44,76.70
52.39,52.39,49.20,68.02,74.81
53.25,53.25,50.01,68.28,72.34
52.55,52.55,49.98,64.19,69.28
52.84,52.84,51.33,69.24,69.71
53.57,53.57,51.26,67.79,71.61
53.49,53.49,49.86,68.60,71.13
55.50,55.50,48.83,69.61,73.53
54.89,54.89,47.88,72.23,74.11
55.66,55.66,46.05,67.01,72.91
54.88,54.88,47.20,68.89,71.43
54.50,54.50,47.16,68.25,73.54
55.05,55.05,46.69,61.97,74.88
54.30,54.30,47.53,58.81,74.45
55.45,55.45,48.70,60.28,71.77
54.23,54.23,48.42,61.74,72.53
53.31,53.31,48.07,59.82,77.29
52.85,52.85,49.26,54.70,69.97
54.84,54.84,49.69,55.65,74.73
54.57,54.57,47.65,55.44,72.27
55.03,55.03,46.15,49.84,76.77
56.93,56.93,46.56,59.55,73.44
60.44,60.44,51.99,70.63,69.73
65.95,65.95,60.50,69.13,74.05
65.74,65.74,67.24,69.08,72.37
62.78,62.78,81.90,61.57,64.29
62.45,62.45,81.02,62.87,69.51
67.46,67.46,73.62,69.89,71.11
70.42,70.42,68.68,73.59,71.61
71.30,71.30,68.47,74.66,69.46
65.33,65.33,58.25,75.12,69.49
65.21,65.21,53.39,74.70,70.12
66.85,66.85,48.83,74.53,69.08
67.72,67.72,57.21,74.42,71.46
66.17,66.17,52.28,75.77,68.61
66.56,66.56,51.34,77.35,69.46
67.23,67.23,50.25,76.28,69.12
66.19,66.19,49.15,76.46,68.80
64.66,64.66,52.54,76.57,68.54
64.74,64.74,53.53,77.83,69.85
66.54,66.54,48.05,78.47,68.98
66.45,66.45,48.78,78.45,70.15
66.80,66.80,48.74,77.74,70.23
67.58,67.58,47.51,77.86,69.84
67.74,67.74,46.51,78.09,70.55
66.35,66.35,47.35,78.34,74.42
65.58,65.58,46.97,78.19,75.56
66.83,66.83,46.27,79.24,74.24
67.90,67.90,45.22,78.11,70.91
65.82,65.82,46.05,77.91,70.26
66.69,66.69,46.05,77.61,70.88
68.26,68.26,45.66,77.89,71.80
68.19,68.19,44.75,79.15,72.49
67.00,67.00,45.88,79.60,70.88
67.70,67.70,44.08,78.66,70.53
68.08,68.08,45.34,78.81,70.30
67.91,67.91,44.65,78.52,69.49
68.84,68.84,44.44,78.62,69.34
69.79,69.79,44.71,79.29,69.94
68.50,68.50,43.52,80.61,69.02
68.33,68.33,45.31,79.12,69.65
73.64,73.64,45.84,78.83,69.71
71.22,71.22,45.28,78.79,68.63
68.22,68.22,43.50,78.57,70.28
66.79,66.79,43.97,79.54,69.60
68.89,68.89,44.02,80.76,70.11
69.76,69.76,43.70,79.25,70.33
67.81,67.81,44.70,78.80,70.08
68.92,68.92,49.42,78.79,68.76
66.61,66.61,55.79,78.83,68.17
65.35,65.35,62.30,79.49,67.71
63.52,63.52,73.65,78.18,66.18
62.94,62.94,77.18,70.69,64.64
62.87,62.87,77.30,66.65,66.68
61.70,61.70,76.41,63.75,68.95
64.77,64.77,73.41,69.41,68.39
62.41,62.41,70.91,72.03,69.51
65.87,65.87,66.33,74.08,68.60
62.89,62.89,63.56,74.00,69.14
65.37,65.37,60.06,73.74,71.29
65.57,65.57,55.45,74.40,70.10
65.64,65.64,54.25,75.42,70.61
64.34,64.34,53.82,76.62,70.27
64.13,64.13,51.71,77.93,69.94
64.99,64.99,51.39,76.94,70.47
62.77,62.77,52.80,76.68,70.12
62.80,62.80,49.75,77.65,70.96
61.00,61.00,47.81,78.62,71.98
61.93,61.93,46.63,79.61,71.41
61.23,61.23,44.92,78.75,69.83
61.84,61.84,44.47,78.43,72.34
62.63,62.63,42.99,77.71,75.48
63.59,63.59,42.23,77.08,75.26
64.76,64.76,42.53,77.68,74.26
66.96,66.96,43.31,78.63,70.53
70.50,70.50,44.36,78.97,67.68
70.62,70.62,42.26,78.07,68.36
72.24,72.24,42.46,77.45,68.22
68.33,68.33,42.34,77.55,68.80
68.88,68.88,43.91,77.73,68.94
70.14,70.14,43.21,78.82,70.13
70.74,70.74,42.26,78.51,70.46
69.29,69.29,42.26,77.34,70.18
65.17,65.17,42.46,77.71,69.15
69.45,69.45,41.52,77.19,69.08
67.68,67.68,41.31,77.34,67.86
67.69,67.69,40.64,78.70,70.70
68.73,68.73,39.72,77.53,73.95
65.55,65.55,40.24,76.69,74.16
70.60,70.60,39.45,76.51,73.54
69.51,69.51,39.27,76.09,70.58
66.62,66.62,40.54,76.33,68.56
67.43,67.43,38.90,77.49,67.76
68.80,68.80,39.22,77.45,71.02
67.25,67.25,40.69,76.23,70.83
68.80,68.80,47.23,75.76,71.01
69.07,69.07,62.41,65.82,69.00
68.82,68.82,70.51,74.05,66.52
64.62,64.62,78.55,66.42,66.26
62.47,62.47,81.90,60.75,66.63
66.85,66.85,77.01,62.30,69.85
69.72,69.72,77.84,62.65,69.82
68.97,68.97,61.07,59.90,71.03
70.76,70.76,60.64,62.00,72.03
71.89,71.89,59.78,61.27,71.69
70.73,70.73,61.57,65.07,71.17
69.96,69.96,57.10,67.38,70.61
72.17,72.17,53.60,67.52,72.63
74.88,74.88,51.01,69.43,71.89
74.42,74.42,49.44,68.11,70.59
70.00,70.00,45.64,68.54,70.31
69.80,69.80,45.97,68.57,72.50
69.13,69.13,46.36,69.71,71.93
69.93,69.93,46.41,65.11,70.31
69.55,69.55,46.40,70.28,71.15
70.03,70.03,44.68,66.74,70.09
72.76,72.76,45.91,64.15,71.56
71.19,71.19,44.36,70.09,69.71
64.37,64.37,43.88,66.32,71.15
67.24,67.24,43.09,68.28,73.12
68.24,68.24,45.20,70.10,70.24
71.69,71.69,43.89,67.93,73.95
67.30,67.30,43.17,71.47,74.23
70.11,70.11,45.44,68.46,73.22
69.45,69.45,45.72,70.11,74.62
71.08,71.08,42.53,70.90,74.36
71.17,71.17,42.84,69.15,70.01
70.86,70.86,44.00,71.87,70.58
69.56,69.56,43.99,71.51,70.89
69.74,69.74,43.36,71.05,71.38
68.76,68.76,43.18,73.34,73.67
66.00,66.00,41.57,69.77,73.34
71.35,71.35,42.64,71.98,70.58
66.49,66.49,42.56,72.67,71.12
67.66,67.66,42.22,69.66,71.49
67.82,67.82,41.34,74.35,71.33
67.12,67.12,42.17,70.20,71.10
68.20,68.20,42.16,71.17,70.28
67.19,67.19,42.51,73.67,72.04
68.04,68.04,44.17,70.10,73.24
66.66,66.66,50.44,71.70,72.11
66.80,66.80,58.83,72.80,71.44
65.66,65.66,65.58,70.44,71.49
60.73,60.73,77.03,67.96,68.39
61.14,61.14,76.63,57.26,66.67
59.89,59.89,75.53,62.42,68.07
65.64,65.64,74.37,58.76,68.42
64.97,64.97,72.50,56.19,68.00
67.00,67.00,69.01,64.47,69.74
65.68,65.68,64.09,65.02,69.95
68.83,68.83,58.89,64.99,72.97
67.75,67.75,57.20,70.00,69.87
71.91,71.91,54.29,65.91,70.71
68.12,68.12,49.76,66.72,72.36
70.07,70.07,49.50,69.72,74.47
69.16,69.16,46.53,65.35,73.30
65.25,65.25,45.95,66.65,71.84
66.54,66.54,45.12,69.68,72.60
67.56,67.56,43.64,69.06,73.31
67.33,67.33,43.68,66.65,71.82
68.91,68.91,43.14,66.17,71.88
66.91,66.91,42.43,73.10,71.81
67.27,67.27,42.05,69.35,74.70
66.94,66.94,44.33,68.01,72.98
69.66,69.66,51.81,75.41,71.24
67.88,67.88,61.06,70.08,74.21
64.12,64.12,71.89,70.24,70.76
62.27,62.27,81.76,67.88,66.33
64.51,64.51,81.10,60.99,69.95
67.46,67.46,68.04,55.29,70.90
69.18,69.18,69.06,61.48,74.36
66.63,66.63,76.73,63.88,71.16
66.04,66.04,70.78,66.09,70.54
66.06,66.06,64.65,63.26,70.00
67.82,67.82,62.80,67.43,72.45
67.88,67.88,57.90,68.10,73.27
69.00,69.00,61.15,69.52,72.19
68.11,68.11,59.24,70.03,72.40
68.08,68.08,50.33,69.48,71.51
68.06,68.06,43.02,65.43,70.26
68.32,68.32,40.80,72.49,70.96
70.15,70.15,40.35,69.78,70.14
69.16,69.16,41.30,69.22,68.60
69.99,69.99,43.82,74.05,69.57
70.45,70.45,39.99,69.37,70.85
68.83,68.83,39.29,71.48,69.32
69.33,69.33,44.32,74.12,69.14
69.64,69.64,50.17,70.75,71.05
69.35,69.35,61.68,73.17,71.90
70.78,70.78,62.83,72.37,71.87
69.47,69.47,61.43,72.52,70.69
69.38,69.38,56.91,73.90,69.87
68.52,68.52,53.46,70.83,70.91
70.07,70.07,48.88,73.20,70.01
68.87,68.87,44.57,73.53,71.64
69.27,69.27,42.03,71.87,72.18
68.99,68.99,40.28,73.69,72.29
67.51,67.51,40.39,72.69,70.35
69.45,69.45,40.89,71.54,67.40
71.49,71.49,39.73,74.90,71.17
69.04,69.04,39.23,71.67,76.50
69.27,69.27,39.14,72.58,73.64
69.63,69.63,40.33,74.74,71.12
68.35,68.35,40.03,70.82,73.21
67.43,67.43,38.25,74.27,75.16
68.13,68.13,39.63,73.42,69.53
69.24,69.24,38.34,71.32,71.26
67.55,67.55,37.62,74.78,71.21
66.19,66.19,36.39,71.43,74.31
68.37,68.37,37.43,73.00,71.57
71.60,71.60,37.02,75.31,71.16
69.45,69.45,36.62,72.18,75.04
67.96,67.96,37.79,74.16,71.47
68.65,68.65,39.18,74.96,73.95
66.20,66.20,39.16,71.94,75.31
66.71,66.71,38.18,74.59,72.81
67.56,67.56,39.21,74.48,74.42
65.92,65.92,39.11,73.44,69.70
63.43,63.43,38.45,75.42,70.14
62.78,62.78,37.81,73.51,70.57
63.83,63.83,38.31,75.12,69.25
62.50,62.50,37.19,75.97,70.63
61.70,61.70,36.34,73.07,68.95
63.14,63.14,36.16,76.82,73.96
64.12,64.12,35.99,74.77,73.83
64.11,64.11,36.30,74.32,72.42
62.02,62.02,36.01,77.28,71.53
60.20,60.20,36.45,74.21,70.30
62.31,62.31,32.35,75.00,72.72
62.07,62.07,30.83,77.28,73.15
62.05,62.05,31.63,74.12,74.39
60.42,60.42,33.14,75.58,74.48
59.54,59.54,40.40,76.79,73.81
57.25,57.25,54.12,74.73,71.80
55.82,55.82,63.17,75.60,68.11
58.12,58.12,74.29,71.71,63.52
50.43,50.43,77.72,69.77,61.98
48.51,48.51,79.34,62.13,63.26
50.24,50.24,74.47,57.22,67.52
49.80,49.80,74.28,60.16,68.86
52.73,52.73,70.48,59.99,69.86
52.87,52.87,66.24,59.92,69.79
55.49,55.49,64.84,58.73,70.18
52.88,52.88,61.09,61.55,71.20
54.40,54.40,53.20,62.03,71.01
55.43,55.43,52.70,60.52,71.31
55.60,55.60,50.04,60.84,72.02
56.22,56.22,48.34,61.99,71.27
59.58,59.58,48.20,61.47,71.11
59.20,59.20,47.16,61.66,71.56
57.08,57.08,44.27,60.73,71.21
60.19,60.19,44.36,62.94,72.07
59.80,59.80,44.70,61.43,72.06
60.40,60.40,44.78,59.97,71.44
57.71,57.71,42.36,60.87,71.78
58.77,58.77,39.88,62.34,72.47
59.43,59.43,37.69,58.50,70.85
63.54,63.54,35.28,53.82,70.37
65.67,65.67,33.57,39.17,74.08
68.35,68.35,30.25,29.26,73.04
68.68,68.68,32.52,34.20,74.36
70.14,70.14,30.31,31.62,72.55
70.53,70.53,35.18,27.82,71.53
66.80,66.80,37.65,23.25,70.86
65.40,65.40,44.16,17.50,70.58
60.96,60.96,40.98,24.17,71.83
62.44,62.44,40.89,23.43,70.34
62.55,62.55,44.12,21.96,69.52
60.27,60.27,46.51,12.99,70.13
59.38,59.38,42.46,15.06,73.47
59.10,59.10,37.15,18.25,71.10
60.51,60.51,44.98,22.11,73.38
59.71,59.71,42.76,22.08,71.69
59.60,59.60,44.59,14.89,70.81
60.81,60.81,42.29,17.99,70.47
70.37,70.37,44.55,20.30,72.04
72.38,72.38,45.53,24.13,73.27
69.93,69.93,50.25,24.77,73.71
70.07,70.07,59.34,37.32,73.14
67.59,67.59,66.48,46.54,69.90
59.30,59.30,82.33,58.21,62.61
63.83,63.83,81.91,59.45,64.34
66.79,66.79,73.97,65.88,66.89
65.94,65.94,76.18,62.77,70.19
64.68,64.68,71.79,69.33,71.29
66.52,66.52,65.35,70.81,72.67
67.30,67.30,60.09,68.74,71.56
65.79,65.79,50.96,75.42,71.22
65.62,65.62,54.92,69.02,71.21
68.64,68.64,50.40,70.74,69.95
67.91,67.91,48.93,72.60,72.43
66.37,66.37,50.65,72.34,71.78
65.31,65.31,48.48,69.03,71.48
65.75,65.75,47.69,70.71,69.84
67.91,67.91,42.14,72.45,70.14
64.84,64.84,36.16,74.09,71.72
66.04,66.04,31.45,70.62,70.97
69.93,69.93,32.66,69.06,73.70
68.97,68.97,31.99,75.72,72.44
70.32,70.32,32.06,74.66,71.05
69.52,69.52,30.68,69.78,72.57
69.97,69.97,31.54,72.08,75.37
67.87,67.87,33.29,74.34,75.43
67.78,67.78,31.67,72.92,75.39
68.55,68.55,31.63,73.59,72.61
67.11,67.11,30.34,74.02,68.28
66.92,66.92,32.50,74.65,67.99
68.07,68.07,36.79,74.11,69.29
66.90,66.90,37.12,72.65,67.14
66.77,66.77,37.96,75.57,70.87
66.82,66.82,38.89,73.93,72.94
66.77,66.77,36.12,74.97,72.09
65.47,65.47,36.69,71.44,70.85
65.93,65.93,36.07,74.52,73.53
66.89,66.89,33.65,74.40,73.27
66.54,66.54,33.50,73.15,74.32
67.07,67.07,33.11,72.84,71.25
66.92,66.92,32.17,72.20,72.65
66.73,66.73,31.64,73.91,77.71
66.82,66.82,30.50,72.06,71.56
66.89,66.89,30.15,73.07,73.66
67.04,67.04,34.06,72.66,71.99
67.63,67.63,32.30,71.66,74.22
68.35,68.35,32.12,68.39,73.61
67.15,67.15,34.63,71.48,72.63
65.19,65.19,45.65,74.66,72.63
65.30,65.30,59.60,71.10,73.66
63.82,63.82,69.99,68.04,66.54
59.41,59.41,77.37,65.69,68.27
58.11,58.11,77.45,61.40,66.62
62.06,62.06,75.83,65.45,69.17
65.07,65.07,76.25,62.97,70.73
68.34,68.34,70.93,61.76,69.82
67.94,67.94,69.48,68.44,66.99
69.14,69.14,64.25,64.06,67.86
68.63,68.63,59.75,68.12,70.14
68.46,68.46,52.78,69.38,72.19
69.02,69.02,51.10,71.52,69.55
68.48,68.48,47.68,68.27,70.06
67.54,67.54,45.89,69.45,70.17
66.00,66.00,46.15,72.97,68.94
66.20,66.20,43.76,70.72,71.61
66.35,66.35,39.59,70.99,72.73
66.76,66.76,38.08,71.59,73.92
65.74,65.74,37.71,73.23,73.51
66.32,66.32,37.78,72.18,71.67
66.77,66.77,38.62,72.03,72.08
65.89,65.89,36.55,73.17,74.31
66.00,66.00,36.63,72.66,75.48
66.36,66.36,36.71,70.66,74.78
69.81,69.81,38.09,71.32,72.40
68.66,68.66,38.18,73.20,68.48
65.84,65.84,38.80,71.93,70.49
66.30,66.30,37.55,71.37,69.36
65.56,65.56,37.90,72.07,69.80
65.24,65.24,35.91,72.66,70.89
65.75,65.75,34.62,72.30,73.15
66.69,66.69,35.10,72.46,73.59
66.27,66.27,33.54,73.10,69.21
64.80,64.80,32.98,72.82,71.46
65.64,65.64,40.22,71.80,74.61
67.91,67.91,52.24,71.42,75.40
67.82,67.82,66.55,67.65,72.06
65.38,65.38,80.33,59.99,68.43
63.58,63.58,81.60,58.64,72.06
68.44,68.44,76.94,53.37,71.94
70.78,70.78,71.62,56.93,72.93
71.17,71.17,64.97,60.76,71.77
70.57,70.57,64.92,59.88,72.87
69.64,69.64,59.00,63.62,73.90
69.80,69.80,47.35,67.80,71.49
68.80,68.80,47.95,68.57,72.95
70.12,70.12,57.24,66.95,74.95
69.95,69.95,64.49,65.20,69.11
65.20,65.20,78.65,60.45,66.77
64.06,64.06,80.97,54.54,69.85
69.43,69.43,77.79,51.61,71.93
71.03,71.03,70.37,54.26,74.87
71.72,71.72,72.20,61.11,72.48
72.69,72.69,68.03,62.09,69.54
73.25,73.25,59.19,65.02,70.11
73.25,73.25,62.59,59.29,71.75
74.40,74.40,59.69,59.60,72.33
74.16,74.16,51.42,62.49,70.35
72.87,72.87,54.88,65.42,69.53
73.23,73.23,50.07,62.69,70.49
72.64,72.64,51.98,68.46,70.52
73.08,73.08,44.41,69.65,71.71
72.73,72.73,45.14,68.11,71.83
71.25,71.25,41.47,67.18,73.26
70.28,70.28,41.50,68.54,73.47
69.01,69.01,38.41,68.73,71.45
68.40,68.40,41.72,66.68,71.95
68.65,68.65,40.50,67.56,74.52
68.59,68.59,40.98,68.14,75.71
68.11,68.11,39.13,68.84,74.19
68.68,68.68,39.24,66.13,73.20
67.89,67.89,39.53,67.36,70.45
66.80,66.80,40.44,69.62,71.75
68.60,68.60,39.49,68.07,68.40
68.59,68.59,39.85,65.85,68.94
68.16,68.16,40.25,68.13,71.22
66.87,66.87,38.34,72.40,71.25
70.02,70.02,37.92,68.14,74.55
73.36,73.36,36.42,65.03,69.22
70.47,70.47,36.69,69.09,72.67
69.52,69.52,36.06,70.76,74.81
69.12,69.12,35.48,67.27,74.32
68.55,68.55,36.64,64.99,73.48
69.21,69.21,36.58,69.64,71.14
71.56,71.56,37.34,68.62,75.29
70.33,70.33,37.96,67.00,73.08
69.31,69.31,38.67,67.92,71.28
69.27,69.27,38.77,71.93,71.68
69.32,69.32,36.20,67.59,71.62
69.00,69.00,35.65,65.57,74.96
68.45,68.45,35.93,70.99,72.84
67.43,67.43,42.35,72.00,72.45
61.94,61.94,55.38,69.17,75.79
55.42,55.42,62.59,65.65,69.46
58.90,58.90,75.80,72.77,68.05
54.10,54.10,77.25,70.25,67.68
57.66,57.66,77.72,65.85,68.25
53.48,53.48,74.94,53.52,71.55
57.86,57.86,72.87,63.08,69.21
54.47,54.47,70.34,59.70,65.25
57.91,57.91,67.08,63.59,65.51
53.21,53.21,65.17,59.80,69.00
54.16,54.16,60.17,63.38,71.84
48.53,48.53,56.86,61.62,70.78
50.92,50.92,55.11,63.39,69.72
48.27,48.27,56.66,63.40,69.84
47.00,47.00,54.98,62.98,68.39
47.39,47.39,52.33,62.85,70.75
48.15,48.15,48.83,63.22,71.68
50.01,50.01,49.18,64.73,72.26
50.74,50.74,47.63,63.12,74.07
51.16,51.16,45.50,64.53,71.52
51.25,51.25,46.41,61.22,70.92
51.28,51.28,46.40,64.60,75.66
51.66,51.66,46.41,62.00,76.87
50.66,50.66,46.32,60.65,76.63
48.47,48.47,45.72,65.42,74.65
50.33,50.33,47.66,61.24,69.89
49.37,49.37,48.07,63.18,70.01
49.02,49.02,48.71,73.96,68.82
49.29,49.29,47.96,78.43,69.87
48.62,48.62,47.04,76.10,71.10
47.74,47.74,44.98,77.80,72.40
49.06,49.06,45.83,76.30,74.23
47.69,47.69,45.24,75.32,71.68
47.77,47.77,45.63,71.36,71.77
46.08,46.08,44.21,73.27,74.51
44.18,44.18,44.31,77.19,75.25
45.96,45.96,46.23,72.61,73.58
45.06,45.06,46.36,71.60,71.73
43.35,43.35,45.93,73.91,74.84
41.39,41.39,46.12,74.19,75.09
42.54,42.54,46.42,77.04,71.88
42.58,42.58,46.45,75.76,73.40
45.17,45.17,45.75,75.44,71.67
49.17,49.17,44.32,75.57,75.52
52.43,52.43,42.70,75.81,72.78
52.29,52.29,42.14,72.16,71.86
52.39,52.39,51.76,74.11,75.88
54.94,54.94,61.48,75.51,71.03
60.77,60.77,71.79,68.12,70.99
59.89,59.89,83.08,61.21,66.49
64.03,64.03,81.36,63.72,67.55
69.04,69.04,71.19,63.09,72.33
69.80,69.80,72.01,64.79,71.26
66.44,66.44,72.32,67.53,68.88
67.22,67.22,63.02,68.06,69.73
67.81,67.81,61.49,70.87,71.53
68.05,68.05,58.11,73.79,71.63
67.81,67.81,54.52,71.29,70.37
67.60,67.60,51.37,70.76,70.85
67.71,67.71,50.64,71.79,71.01
67.72,67.72,50.82,73.53,71.10
67.26,67.26,49.37,74.14,71.50
64.09,64.09,51.16,74.41,71.29
66.06,66.06,51.60,76.10,71.96
65.93,65.93,52.14,74.30,73.85
66.20,66.20,48.32,75.38,69.92
66.94,66.94,47.60,74.98,68.86
66.34,66.34,48.42,75.93,70.82
65.73,65.73,46.98,77.24,73.91
63.02,63.02,47.20,75.96,75.78
66.58,66.58,47.89,74.95,74.33
69.82,69.82,46.97,75.66,71.14
69.54,69.54,47.43,75.46,69.36
68.37,68.37,46.73,75.71,69.69
69.36,69.36,48.04,77.70,70.88
67.56,67.56,46.90,76.96,70.01
70.56,70.56,45.65,76.00,70.04
71.99,71.99,42.59,75.84,71.15
66.61,66.61,44.17,75.39,71.44
66.04,66.04,45.45,75.21,71.05
69.24,69.24,45.84,75.50,70.50
71.07,71.07,45.53,77.09,70.27
70.58,70.58,45.56,76.13,69.81
73.13,73.13,45.38,75.48,69.86
73.40,73.40,44.95,75.33,70.17
72.87,72.87,44.93,75.48,70.12
71.08,71.08,45.63,76.01,70.57
70.18,70.18,44.93,76.85,70.58
69.78,69.78,45.27,75.70,70.39
69.51,69.51,45.18,75.44,69.48
70.40,70.40,46.69,75.45,70.87
69.64,69.64,48.29,75.40,69.90
68.85,68.85,55.71,76.06,68.50
66.99,66.99,65.12,77.08,67.18
62.25,62.25,75.28,71.96,65.12
62.48,62.48,77.51,52.24,64.05
62.02,62.02,76.19,61.43,65.55
66.33,66.33,74.05,65.23,67.85
64.40,64.40,73.63,66.91,66.04
65.56,65.56,70.28,67.61,66.40
67.46,67.46,65.39,69.14,66.41
67.60,67.60,62.65,68.56,69.95
67.16,67.16,57.03,68.51,69.32
67.75,67.75,54.75,70.33,69.54
68.33,68.33,53.99,72.72,70.43
71.39,71.39,51.25,73.18,72.00
70.21,70.21,54.19,72.67,71.63
70.75,70.75,51.88,72.97,71.92
69.02,69.02,47.84,73.47,71.29
69.63,69.63,47.79,74.13,71.01
69.65,69.65,48.57,74.82,73.49
70.48,70.48,46.63,76.41,71.15
70.49,70.49,47.15,74.78,69.75
70.47,70.47,47.21,74.95,73.01
70.15,70.15,46.34,74.24,75.57
68.42,68.42,46.12,74.67,75.63
68.55,68.55,45.71,75.21,74.53
69.90,69.90,44.81,75.86,71.69
67.28,67.28,45.72,74.91,69.73
68.89,68.89,46.64,74.93,70.49
69.85,69.85,46.03,74.78,71.85
68.03,68.03,44.02,74.92,70.73
68.79,68.79,43.94,75.70,71.14
69.96,69.96,44.10,76.23,71.66
70.72,70.72,43.81,74.91,71.02
70.64,70.64,44.42,74.37,70.10
69.76,69.76,45.30,74.76,70.50
69.91,69.91,44.93,74.53,69.43
69.96,69.96,44.77,75.20,70.15
70.84,70.84,44.53,75.92,74.04
69.25,69.25,44.83,74.51,72.69
71.03,71.03,44.53,73.93,73.04
71.64,71.64,43.81,73.61,72.93
65.02,65.02,43.94,73.58,69.91
67.90,67.90,43.55,74.33,66.61
69.06,69.06,43.23,74.61,69.07
70.09,70.09,42.38,73.70,71.46
71.44,71.44,41.67,74.41,70.47
71.03,71.03,48.57,72.03,71.51
68.80,68.80,59.71,70.71,67.07
65.67,65.67,63.77,57.41,67.39
62.50,62.50,82.65,66.84,66.06
65.59,65.59,81.42,57.99,68.91
67.71,67.71,73.20,58.50,70.37
66.50,66.50,75.94,53.24,70.21
68.68,68.68,70.96,48.69,70.29
71.49,71.49,64.24,57.56,70.90
72.08,72.08,59.48,58.59,71.22
69.47,69.47,59.94,55.66,69.12
66.80,66.80,58.57,55.06,70.30
69.22,69.22,55.81,61.49,71.09
70.93,70.93,55.67,62.71,70.09
69.03,69.03,55.52,63.63,71.39
68.41,68.41,54.59,62.72,69.50
72.92,72.92,53.40,61.01,71.38
69.62,69.62,53.46,62.09,69.78
68.37,68.37,53.67,64.94,69.58
69.38,69.38,54.23,69.06,69.26
72.35,72.35,52.30,65.40,71.43
72.60,72.60,51.46,68.38,69.65
69.51,69.51,50.86,68.63,70.44
64.07,64.07,49.04,69.83,71.90
65.76,65.76,49.99,69.83,72.34
68.12,68.12,48.23,70.00,70.04
68.65,68.65,46.90,71.37,73.10
71.58,71.58,45.68,68.93,73.33
69.73,69.73,45.36,71.10,75.98
69.67,69.67,44.31,71.22,74.97
68.97,68.97,46.00,69.31,70.88
70.96,70.96,46.08,70.22,69.64
70.99,70.99,45.24,72.88,68.18
70.27,70.27,44.14,71.30,70.34
68.91,68.91,44.55,71.05,73.27
67.51,67.51,45.60,73.58,72.39
67.95,67.95,45.07,70.69,68.80
67.50,67.50,43.72,70.16,70.55
68.53,68.53,44.02,73.72,69.64
67.85,67.85,44.59,72.05,70.96
68.75,68.75,44.77,70.27,70.74
66.91,66.91,44.15,73.45,70.78
69.70,69.70,44.04,72.69,72.05
69.10,69.10,43.52,70.20,72.19
65.48,65.48,44.30,73.82,72.01
66.70,66.70,44.94,73.75,72.37
66.98,66.98,50.60,73.10,71.63
66.20,66.20,59.95,74.80,72.20
64.41,64.41,66.86,74.80,68.92
61.95,61.95,77.44,67.90,66.73
59.36,59.36,77.60,57.41,65.94
60.57,60.57,75.99,67.21,66.91
64.32,64.32,74.06,68.47,66.29
63.77,63.77,71.36,67.77,68.27
65.17,65.17,68.90,69.66,70.19
67.62,67.62,64.26,69.99,71.42
67.29,67.29,59.31,67.84,70.63
66.74,66.74,57.58,73.71,72.73
69.80,69.80,53.62,72.34,72.41
67.25,67.25,51.05,69.98,75.24
67.38,67.38,49.31,74.82,72.59
68.16,68.16,50.36,73.37,71.38
70.50,70.50,49.12,72.98,74.57
71.13,71.13,48.29,75.46,70.01
70.47,70.47,48.39,73.99,71.93
70.86,70.86,48.08,74.96,69.73
71.59,71.59,47.68,75.68,73.02
68.68,68.68,46.78,74.67,74.04
67.34,67.34,46.69,75.55,71.37
68.90,68.90,46.38,75.62,72.94
68.95,68.95,46.43,74.81,72.76
68.17,68.17,47.21,76.62,70.18
66.88,66.88,47.94,75.74,75.53
65.89,65.89,49.04,75.68,73.78
67.61,67.61,49.88,76.93,74.97
69.19,69.19,48.55,73.65,71.60
69.27,69.27,48.27,77.59,69.58
67.55,67.55,48.02,75.47,67.01
67.71,67.71,47.60,75.15,66.92
68.91,68.91,46.19,77.86,70.01
67.45,67.45,45.60,75.91,70.71
66.25,66.25,50.02,76.48,70.11
65.25,65.25,57.59,78.16,69.08
66.54,66.54,64.16,73.74,67.52
62.02,62.02,80.80,72.09,65.04
63.21,63.21,80.02,59.50,67.80
66.20,66.20,77.29,64.14,67.89
68.03,68.03,73.11,72.58,67.13
73.21,73.21,65.93,71.18,68.25
73.94,73.94,56.54,73.86,68.93
72.30,72.30,57.62,73.23,68.38
70.36,70.36,51.54,72.14,69.35
69.89,69.89,49.66,75.73,70.25
71.35,71.35,55.96,76.61,69.05
71.29,71.29,66.02,71.51,68.69
69.40,69.40,80.25,71.63,65.79
69.29,69.29,78.85,70.72,65.88
69.95,69.95,74.65,71.48,68.49
70.94,70.94,69.20,73.39,68.41
69.55,69.55,73.52,68.24,67.58
70.80,70.80,65.28,71.64,68.49
70.40,70.40,59.40,69.67,71.72
68.06,68.06,60.01,70.81,67.26
70.45,70.45,53.55,75.70,69.64
71.45,71.45,53.67,74.56,71.88
73.33,73.33,52.54,72.29,72.80
74.12,74.12,47.01,75.99,68.36
73.53,73.53,43.20,74.21,69.67
72.09,72.09,39.61,74.49,74.95
73.09,73.09,41.18,76.73,69.60
74.34,74.34,41.73,72.19,70.92
72.97,72.97,39.52,75.62,67.47
72.83,72.83,39.12,75.54,70.57
73.42,73.42,38.86,72.79,73.59
72.04,72.04,38.27,75.74,69.75
71.10,71.10,38.18,75.12,72.25
69.28,69.28,37.62,74.94,74.15
70.13,70.13,37.90,76.29,71.42
70.09,70.09,36.75,75.02,73.35
69.44,69.44,38.25,76.35,73.31
67.87,67.87,39.46,76.78,73.01
71.23,71.23,41.11,74.82,69.49
70.46,70.46,41.81,77.75,69.39
70.00,70.00,39.32,76.03,69.61
68.98,68.98,37.84,74.95,71.08
66.31,66.31,35.72,78.50,71.15
67.87,67.87,35.86,76.38,71.29
66.43,66.43,35.23,76.24,72.21
69.45,69.45,34.67,78.42,70.79
70.24,70.24,35.39,74.38,71.47
72.40,72.40,36.44,77.38,72.10
72.29,72.29,36.95,76.51,70.11
70.29,70.29,35.26,75.20,68.66
69.76,69.76,35.30,77.59,70.55
69.24,69.24,34.75,76.30,68.77
68.75,68.75,33.45,76.53,71.05
68.75,68.75,32.85,77.58,71.82
70.29,70.29,37.03,75.67,71.44
70.95,70.95,45.47,77.31,69.02
68.66,68.66,60.08,77.37,69.43
68.43,68.43,66.22,75.33,67.72
63.67,63.67,79.33,71.16,67.36
61.65,61.65,78.02,65.22,64.68
61.61,61.61,75.95,56.44,66.04
62.52,62.52,73.00,55.01,70.45
65.81,65.81,71.35,58.67,69.49
62.67,62.67,67.96,59.90,70.17
62.28,62.28,66.18,64.39,70.42
61.92,61.92,57.28,60.63,69.99
64.75,64.75,56.82,63.91,72.30
64.98,64.98,50.32,63.67,72.38
65.40,65.40,47.52,61.91,72.64
67.98,67.98,47.01,64.03,70.96
68.60,68.60,47.91,63.35,70.20
69.48,69.48,42.15,62.48,70.19
68.68,68.68,40.06,64.65,69.74
65.30,65.30,40.73,62.27,69.57
63.85,63.85,40.03,63.43,69.67
63.47,63.47,37.98,64.58,70.32
65.95,65.95,33.61,60.47,71.66
65.54,65.54,32.96,64.75,70.70
66.24,66.24,31.32,63.43,72.34
68.88,68.88,32.43,60.86,72.17
69.27,69.27,35.98,64.44,71.35
70.97,70.97,37.63,61.19,71.38
73.58,73.58,35.17,58.03,70.17
72.05,72.05,35.53,63.15,71.56
70.81,70.81,32.88,60.14,69.34
70.27,70.27,30.60,63.18,69.53
72.02,72.02,26.57,62.68,68.23
71.39,71.39,27.24,59.97,69.09
69.79,69.79,27.70,63.72,68.94
69.80,69.80,30.47,60.59,69.93
68.83,68.83,35.96,60.19,70.36
69.85,69.85,40.84,60.89,73.19
72.32,72.32,43.55,53.16,70.81
71.57,71.57,42.65,54.74,71.20
70.75,70.75,41.21,52.45,71.43
71.49,71.49,38.25,44.73,69.83
72.47,72.47,39.59,46.25,68.30
73.67,73.67,40.12,43.38,70.51
73.95,73.95,39.54,44.22,71.02
73.97,73.97,43.79,38.21,71.16
72.23,72.23,39.52,35.94,71.99
71.88,71.88,40.14,42.70,68.79
71.27,71.27,49.26,42.47,71.08
71.23,71.23,60.12,52.33,70.74
68.94,68.94,71.41,55.53,70.68
59.88,59.88,80.45,60.73,64.31
63.79,63.79,80.56,69.72,67.47
65.48,65.48,71.28,70.50,73.47
64.03,64.03,74.77,70.25,72.20
65.47,65.47,68.98,70.94,70.66
67.82,67.82,62.19,72.52,65.60
66.80,66.80,60.73,71.74,66.57
63.04,63.04,59.88,71.10,70.98
64.18,64.18,59.88,69.39,69.90
68.95,68.95,57.82,73.30,68.21
67.27,67.27,57.98,71.23,69.97
65.29,65.29,56.65,67.83,69.19
63.04,63.04,54.90,69.64,67.66
66.14,66.14,55.25,74.00,69.48
65.93,65.93,51.88,72.74,71.35
68.44,68.44,53.39,65.94,71.29
69.94,69.94,53.34,65.84,73.24
67.80,67.80,53.38,75.25,70.01
68.50,68.50,54.35,66.97,69.06
69.40,69.40,53.74,67.18,72.79
67.28,67.28,54.39,67.90,74.85
66.55,66.55,55.79,73.40,75.46
65.50,65.50,56.77,69.98,74.57
67.20,67.20,58.58,67.30,70.90
66.41,66.41,59.44,70.48,67.16
69.11,69.11,59.72,75.48,66.04
70.36,70.36,58.40,67.81,69.03
69.68,69.68,59.04,69.08,68.51
69.95,69.95,58.48,71.96,68.25
70.84,70.84,58.84,74.12,71.84
70.73,70.73,57.80,68.48,71.15
72.23,72.23,59.50,69.87,69.41
72.64,72.64,57.57,72.89,73.09
69.94,69.94,57.27,73.17,74.26
70.05,70.05,56.42,71.51,73.37
67.39,67.39,57.37,69.05,71.68
66.12,66.12,56.81,73.20,73.82
66.06,66.06,56.43,71.30,75.95
65.90,65.90,58.20,73.06,70.08
66.18,66.18,57.95,70.09,74.03
67.13,67.13,57.27,71.84,71.27
67.90,67.90,56.35,70.82,75.34
67.86,67.86,57.75,72.09,72.83
67.11,67.11,59.62,71.33,71.36
65.24,65.24,64.62,72.29,73.38
61.69,61.69,74.42,68.74,67.58
59.30,59.30,77.74,64.56,68.22
63.35,63.35,77.70,64.48,67.38
63.36,63.36,76.11,56.31,69.71
59.74,59.74,73.74,64.84,72.85
59.76,59.76,70.17,58.66,72.56
63.92,63.92,66.17,63.00,68.18
64.59,64.59,62.30,67.92,68.53
63.95,63.95,59.93,67.58,69.76
64.12,64.12,56.71,64.95,72.06
66.31,66.31,55.46,64.10,70.19
66.77,66.77,53.52,71.20,70.15
66.82,66.82,51.09,66.22,69.82
67.95,67.95,52.38,68.86,69.50
67.10,67.10,52.05,71.61,70.51
66.94,66.94,50.30,71.83,70.30
67.11,67.11,51.02,69.20,71.06
68.04,68.04,51.70,72.24,73.64
66.08,66.08,50.40,75.11,71.13
66.10,66.10,50.00,70.84,72.94
67.11,67.11,50.86,72.51,73.75
65.97,65.97,51.39,72.96,75.29
66.75,66.75,51.37,72.94,75.74
66.08,66.08,51.67,71.46,73.79
67.78,67.78,50.19,72.38,71.18
69.91,69.91,49.39,73.83,67.80
70.01,70.01,48.85,72.97,67.65
70.63,70.63,49.27,72.48,68.38
71.71,71.71,49.41,74.61,68.92
71.49,71.49,47.69,75.79,69.93
71.06,71.06,48.49,72.96,72.84
70.30,70.30,49.51,73.34,73.14
69.87,69.87,51.43,73.91,70.68
69.91,69.91,54.78,73.26,73.85
69.09,69.09,58.37,71.59,73.18
68.40,68.40,70.20,70.30,72.05
64.61,64.61,81.88,67.17,66.68
65.89,65.89,79.64,65.84,68.30
69.30,69.30,74.78,64.48,75.00
71.42,71.42,69.50,67.13,71.10
72.28,72.28,59.65,67.17,73.81
72.23,72.23,64.41,67.47,71.17
72.08,72.08,56.49,69.20,74.57
71.74,71.74,54.42,70.11,71.59
70.49,70.49,55.90,70.01,70.09
67.95,67.95,60.33,68.81,74.52
62.25,62.25,70.33,67.11,72.49
55.59,55.59,82.22,61.83,64.70
57.55,57.55,77.72,56.33,73.51
61.46,61.46,77.51,60.64,71.57
63.54,63.54,69.14,56.69,74.89
64.00,64.00,69.73,61.44,75.77
64.73,64.73,67.70,67.92,70.39
66.85,66.85,58.87,66.70,69.58
68.14,68.14,64.28,61.30,69.27
70.08,70.08,56.02,63.60,71.55
69.91,69.91,52.18,65.84,72.20
69.80,69.80,56.71,66.79,70.41
69.10,69.10,52.79,66.26,70.25
69.76,69.76,50.02,65.82,69.25
69.06,69.06,49.52,69.51,70.71
67.41,67.41,49.26,69.31,70.17
66.86,66.86,48.40,65.98,70.43
67.49,67.49,48.49,61.32,73.51
69.13,69.13,48.21,67.93,71.31
69.63,69.63,49.45,67.94,71.03
69.83,69.83,49.73,64.40,73.86
70.60,70.60,47.06,58.38,75.31
70.77,70.77,48.42,67.21,74.89
70.13,70.13,49.83,63.06,74.15
69.46,69.46,48.23,62.44,73.75
68.78,68.78,48.10,63.78,70.60
67.18,67.18,49.13,68.73,72.56
64.40,64.40,48.68,65.63,72.37
66.01,66.01,47.51,64.69,70.73
65.65,65.65,47.26,69.34,70.01
65.77,65.77,48.63,69.65,70.88
66.68,66.68,48.52,68.59,74.22
71.60,71.60,48.63,68.43,72.71
70.55,70.55,49.41,70.67,72.47
67.33,67.33,49.58,71.12,71.69
67.74,67.74,47.53,70.94,71.77
60.98,60.98,49.50,68.08,70.35
60.59,60.59,48.44,70.88,72.49
60.75,60.75,48.91,72.61,72.80
62.75,62.75,49.34,71.82,72.21
58.76,58.76,49.01,70.48,74.81
57.42,57.42,48.72,70.47,71.51
57.36,57.36,48.83,72.76,75.75
60.57,60.57,50.86,71.30,73.11
55.60,55.60,54.66,71.38,71.79
54.99,54.99,62.57,72.90,70.45
54.10,54.10,73.92,69.55,67.59
47.37,47.37,76.59,64.26,64.37
49.06,49.06,77.80,65.44,65.56
53.58,53.58,76.72,65.02,67.97
52.17,52.17,75.43,59.70,71.34
49.86,49.86,71.11,64.20,69.74
51.23,51.23,67.72,65.75,70.01
56.37,56.37,62.10,69.54,68.46
54.27,54.27,61.54,65.38,71.49
51.59,51.59,57.56,65.55,70.73
53.04,53.04,56.40,71.16,71.61
54.63,54.63,54.23,69.53,71.68
54.61,54.61,54.63,67.36,71.31
53.44,53.44,54.68,69.32,71.72
56.84,56.84,54.12,74.32,70.48
55.05,55.05,52.77,69.59,72.67
54.34,54.34,55.55,68.79,71.97
56.10,56.10,54.43,70.11,73.86
54.22,54.22,50.82,74.43,72.24
55.33,55.33,50.77,70.18,69.45
57.48,57.48,51.90,70.21,71.56
56.62,56.62,52.21,72.97,76.13
54.93,54.93,50.96,71.62,76.58
54.32,54.32,52.19,68.85,75.18
54.54,54.54,52.99,72.58,72.65
55.97,55.97,53.70,71.80,70.82
55.15,55.15,51.79,74.50,70.83
57.58,57.58,51.92,74.98,70.62
57.20,57.20,52.05,73.51,70.93
56.19,56.19,50.30,73.93,71.44
55.87,55.87,49.78,70.31,74.58
55.14,55.14,48.58,68.72,73.36
55.23,55.23,50.45,69.40,70.23
54.85,54.85,49.90,66.74,73.95
53.15,53.15,50.92,66.31,74.61
55.38,55.38,55.47,68.68,74.84
55.32,55.32,59.75,71.72,72.58
55.50,55.50,59.05,71.04,71.93
54.69,54.69,57.45,75.60,76.07
54.76,54.76,59.56,75.23,70.21
54.89,54.89,59.30,70.02,72.93
52.90,52.90,53.39,70.81,70.90
50.63,50.63,51.55,64.26,75.37
52.84,52.84,50.97,63.08,74.53
54.08,54.08,54.03,65.36,70.35
54.16,54.16,58.64,67.48,74.84
58.07,58.07,65.48,64.26,74.83
60.78,60.78,81.58,64.64,64.44
61.74,61.74,81.06,60.77,72.52
67.82,67.82,74.19,57.14,72.18
68.23,68.23,76.09,58.96,72.31
64.15,64.15,68.13,59.77,74.05
68.57,68.57,59.99,64.35,71.00
68.56,68.56,63.98,66.37,67.88
65.00,65.00,60.19,63.36,68.41
64.52,64.52,57.72,65.46,71.16
64.77,64.77,54.95,68.54,72.81
65.00,65.00,55.14,71.66,70.76
69.22,69.22,55.95,68.09,69.17
70.30,70.30,53.31,68.21,69.72
67.54,67.54,52.64,69.40,69.62
70.13,70.13,54.00,72.18,70.82
70.50,70.50,52.40,70.59,71.71
70.55,70.55,53.14,71.36,72.87
72.82,72.82,52.45,72.39,73.06
70.67,70.67,52.08,73.10,71.21
67.53,67.53,52.52,72.95,72.70
66.88,66.88,49.19,71.84,76.27
67.38,67.38,49.76,73.06,75.99
64.54,64.54,49.97,73.23,74.50
71.81,71.81,49.38,72.49,72.13
70.90,70.90,49.61,73.12,67.52
70.77,70.77,48.26,73.33,69.91
70.87,70.87,47.77,73.42,72.42
69.39,69.39,47.83,73.07,71.14
68.94,68.94,49.33,72.47,69.58
67.42,67.42,50.30,73.62,70.61
69.18,69.18,48.42,73.75,70.65
70.99,70.99,49.03,72.89,69.85
70.04,70.04,50.48,73.60,70.70
68.47,68.47,50.33,74.31,71.10
69.86,69.86,49.77,73.78,69.86
70.10,70.10,50.53,73.46,71.57
66.73,66.73,49.38,72.79,73.76
68.70,68.70,49.80,74.04,73.06
68.86,68.86,49.17,73.14,73.25
67.90,67.90,49.05,72.03,70.75
67.12,67.12,48.99,72.60,71.04
68.81,68.81,47.96,73.55,71.62
70.71,70.71,50.51,72.49,71.23
69.41,69.41,51.66,72.68,71.46
72.46,72.46,56.71,71.63,69.68
68.44,68.44,61.59,72.22,66.97
70.27,70.27,74.32,64.47,64.48
67.67,67.67,78.10,64.10,64.59
68.76,68.76,77.04,57.68,65.40
69.73,69.73,75.96,58.45,68.57
69.52,69.52,74.80,60.01,66.71
71.30,71.30,69.54,57.58,67.73
70.40,70.40,69.03,60.11,68.33
69.11,69.11,63.80,63.50,66.06
69.49,69.49,59.48,63.50,69.65
69.90,69.90,57.19,63.19,70.58
70.44,70.44,56.53,67.55,69.61
70.55,70.55,53.26,62.48,70.83
71.23,71.23,53.64,69.80,68.65
74.86,74.86,53.54,70.73,69.86
71.32,71.32,53.35,72.01,71.41
69.58,69.58,48.90,76.13,70.69
68.90,68.90,48.12,74.51,72.08
69.14,69.14,46.43,76.26,72.45
66.37,66.37,46.55,74.61,69.52
67.73,67.73,46.81,76.12,71.04
65.93,65.93,45.97,76.67,75.19
70.98,70.98,45.53,75.47,75.19
70.35,70.35,46.58,76.59,73.92
70.49,70.49,46.48,74.62,72.60
70.96,70.96,48.31,76.73,69.19
72.37,72.37,48.87,75.08,67.99
70.25,70.25,47.54,77.07,67.29
71.91,71.91,46.68,75.63,69.34
68.48,68.48,45.51,76.83,68.60
69.60,69.60,44.19,76.28,70.27
69.80,69.80,43.24,76.61,70.58
71.82,71.82,41.72,77.34,69.34
69.49,69.49,41.33,76.02,70.17
68.73,68.73,42.69,77.75,68.73
67.51,67.51,42.07,76.05,67.52
70.23,70.23,42.10,78.03,70.33
68.29,68.29,41.88,75.62,71.69
67.15,67.15,41.63,77.48,73.27
68.01,68.01,41.12,76.49,73.72
70.26,70.26,40.93,76.22,71.43
68.81,68.81,41.20,77.10,68.60
70.13,70.13,41.40,76.01,66.59
69.27,69.27,40.65,77.32,68.87
68.85,68.85,42.21,74.95,70.35
69.11,69.11,50.42,77.41,70.33
67.17,67.17,57.62,75.17,67.50
70.08,70.08,66.30,72.47,66.73
66.24,66.24,77.50,69.44,65.77
59.77,59.77,82.04,64.69,63.84
66.30,66.30,77.77,63.60,67.80
65.05,65.05,74.22,60.58,70.11
67.19,67.19,67.93,56.83,70.69
70.81,70.81,68.61,61.65,67.97
73.36,73.36,59.41,54.10,69.91
70.51,70.51,55.31,67.23,69.33
70.16,70.16,52.80,70.88,68.13
69.86,69.86,47.59,70.87,69.49
74.74,74.74,49.04,67.36,69.66
71.15,71.15,48.67,69.72,68.86
71.55,71.55,46.30,73.40,69.05
70.92,70.92,44.66,69.36,71.09
67.04,67.04,43.03,72.48,70.96
68.44,68.44,43.29,71.76,70.85
72.71,72.71,43.24,71.99,71.21
73.50,73.50,44.40,72.80,69.55
74.03,74.03,42.78,72.54,69.29
73.08,73.08,41.59,72.28,68.48
71.91,71.91,41.34,71.78,69.40
74.96,74.96,41.20,73.73,70.62
72.18,72.18,40.99,72.51,69.02
70.33,70.33,41.16,72.16,74.14
70.47,70.47,41.96,74.05,72.58
70.77,70.77,42.36,72.99,71.57
70.13,70.13,42.02,71.63,72.32
71.89,71.89,42.96,72.62,69.23
72.87,72.87,44.67,73.46,70.02
71.73,71.73,42.85,72.78,68.46
67.11,67.11,42.43,74.50,70.56
69.98,69.98,43.71,72.02,72.06
71.11,71.11,42.00,73.63,71.84
65.05,65.05,42.29,74.26,70.27
70.66,70.66,42.07,72.02,71.30
68.09,68.09,43.69,73.37,70.70
67.21,67.21,45.72,74.83,72.13
67.01,67.01,44.93,71.92,70.27
69.10,69.10,44.10,72.80,71.24
70.90,70.90,41.96,73.11,70.25
71.16,71.16,40.34,73.70,70.21
69.85,69.85,42.69,71.66,69.73
70.83,70.83,44.89,73.10,70.95
71.88,71.88,52.62,73.43,70.87
68.16,68.16,63.06,69.66,69.40
69.26,69.26,74.30,71.35,66.64
66.27,66.27,75.30,66.07,65.32
67.24,67.24,76.87,68.59,67.93
64.62,64.62,74.44,64.12,68.05
66.74,66.74,71.72,66.25,69.04
71.85,71.85,69.66,64.67,69.45
69.45,69.45,64.29,67.71,72.12
67.03,67.03,61.08,69.52,72.22
69.82,69.82,55.14,66.64,70.59
69.91,69.91,52.74,68.58,71.42
74.62,74.62,51.59,71.43,73.08
70.33,70.33,49.92,68.46,73.78
71.38,71.38,47.85,67.89,71.96
68.81,68.81,45.49,72.07,69.60
70.97,70.97,45.46,68.92,73.66
70.01,70.01,42.59,67.30,74.88
69.83,69.83,41.92,71.64,71.55
70.74,70.74,42.26,69.11,71.93
68.64,68.64,42.61,67.77,72.06
69.61,69.61,40.77,71.99,74.36
70.17,70.17,43.14,71.27,72.40
69.52,69.52,50.89,70.61,72.32
67.73,67.73,59.53,73.03,72.47
67.71,67.71,70.01,69.60,70.12
59.98,59.98,81.85,66.96,66.60
65.23,65.23,80.48,56.77,69.56
68.10,68.10,76.39,55.05,70.28
69.86,69.86,65.84,53.87,73.13
70.25,70.25,74.35,60.69,72.28
69.71,69.71,70.50,68.21,69.41
68.05,68.05,68.96,63.91,70.06
70.12,70.12,61.77,66.43,71.82
70.13,70.13,54.98,70.56,72.11
68.73,68.73,53.44,67.81,72.98
69.36,69.36,52.90,60.56,71.38
66.96,66.96,54.53,72.84,71.46
67.87,67.87,43.17,65.72,70.73
68.46,68.46,41.11,71.10,72.01
69.29,69.29,39.35,72.93,71.93
69.29,69.29,36.83,68.12,71.62
68.49,68.49,38.83,70.07,72.26
71.27,71.27,38.79,71.30,70.11
70.82,70.82,38.51,70.42,70.92
68.25,68.25,44.11,72.96,70.46
67.63,67.63,50.35,71.55,70.70
68.40,68.40,58.91,72.07,72.17
70.52,70.52,63.68,72.57,73.21
72.42,72.42,61.02,69.73,71.85
73.08,73.08,56.28,74.52,72.44
70.80,70.80,50.53,68.93,71.29
70.33,70.33,46.27,69.91,70.89
70.71,70.71,45.12,74.77,70.17
70.88,70.88,42.23,70.61,69.15
72.52,72.52,41.54,71.96,72.31
71.05,71.05,41.21,74.46,71.81
69.34,69.34,41.10,71.51,68.85
68.47,68.47,40.63,73.80,72.19
69.64,69.64,39.43,74.36,73.58
68.69,68.69,37.93,71.40,73.70
70.18,70.18,38.63,75.05,70.93
69.86,69.86,39.03,73.02,71.91
70.98,70.98,39.78,72.01,75.13
69.78,69.78,39.30,75.24,70.50
69.64,69.64,39.01,70.57,73.22
70.11,70.11,36.26,73.61,70.67
69.95,69.95,36.56,74.11,74.03
69.52,69.52,36.76,70.91,72.64
68.58,68.58,35.56,74.01,71.47
69.53,69.53,35.18,72.49,75.16
69.93,69.93,34.56,72.81,73.27
69.95,69.95,34.62,74.41,73.87
69.19,69.19,34.20,71.07,76.22
68.78,68.78,34.23,74.26,74.05
70.20,70.20,34.40,74.04,75.97
68.88,68.88,34.24,71.10,71.31
67.96,67.96,35.37,75.17,70.71
70.21,70.21,35.67,73.79,69.63
71.40,71.40,36.21,71.72,70.09
72.39,72.39,33.28,76.24,70.84
70.92,70.92,32.02,73.19,69.61
70.79,70.79,33.92,73.17,71.25
67.57,67.57,34.16,76.31,71.13
69.69,69.69,32.59,71.91,68.70
71.71,71.71,31.78,75.43,68.58
74.26,74.26,33.31,76.39,68.57
73.46,73.46,32.90,72.87,70.62
68.40,68.40,30.04,75.95,70.40
68.67,68.67,29.50,74.32,70.52
70.85,70.85,29.99,73.39,71.41
70.73,70.73,34.94,74.95,71.61
67.52,67.52,54.71,72.74,69.34
64.42,64.42,60.96,74.63,67.93
64.79,64.79,72.58,75.32,63.91
58.98,58.98,78.78,70.01,63.72
57.60,57.60,77.87,61.63,64.70
59.19,59.19,74.41,50.42,67.90
55.77,55.77,73.76,42.50,67.40
57.66,57.66,70.84,35.03,68.70
60.20,60.20,66.06,25.25,70.96
59.96,59.96,63.37,26.81,70.14
63.81,63.81,60.64,23.48,69.73
60.67,60.67,54.96,28.06,71.10
61.57,61.57,52.15,26.12,71.97
59.71,59.71,51.63,25.73,72.77
60.47,60.47,48.94,22.87,71.84
60.76,60.76,47.27,23.13,71.09
60.65,60.65,46.24,14.28,71.84
60.38,60.38,44.99,22.21,70.35
62.75,62.75,45.00,24.49,72.49
60.86,60.86,42.80,23.92,71.44
63.54,63.54,42.12,13.26,73.88
60.32,60.32,42.52,14.72,71.96
57.66,57.66,42.52,20.36,72.45
55.65,55.65,40.16,25.71,73.02
55.88,55.88,39.95,21.91,71.89
61.52,61.52,39.44,12.02,74.75
64.24,64.24,38.26,13.28,73.17
68.40,68.40,40.10,14.34,72.60
68.50,68.50,36.91,13.93,71.47
66.01,66.01,40.09,16.27,71.48
62.63,62.63,41.85,16.06,69.34
64.28,64.28,44.06,16.56,70.89
65.37,65.37,44.90,18.77,69.91
63.84,63.84,42.81,13.61,68.96
61.17,61.17,44.94,18.61,69.82
60.73,60.73,42.91,19.28,70.90
60.80,60.80,44.55,22.03,72.94
59.92,59.92,43.31,20.32,71.35
60.78,60.78,46.74,15.00,71.27
60.98,60.98,55.02,13.35,69.72
66.03,66.03,63.92,12.97,68.53
63.36,63.36,82.37,14.35,63.44
67.91,67.91,81.78,4.99,66.55
67.30,67.30,80.12,17.80,68.61
68.45,68.45,73.98,29.82,70.46
67.99,67.99,68.54,33.61,71.09
67.38,67.38,60.31,42.32,68.65
67.51,67.51,60.97,43.56,66.91
69.91,69.91,64.26,37.79,66.41
64.15,64.15,80.95,51.60,64.75
59.61,59.61,82.77,58.90,63.50
64.69,64.69,77.89,59.73,71.34
66.68,66.68,67.73,63.43,72.55
65.25,65.25,72.90,63.76,71.93
67.29,67.29,72.73,68.90,70.83
66.64,66.64,68.48,63.16,71.00
66.37,66.37,61.42,65.10,71.45
67.48,67.48,58.81,67.25,71.34
70.50,70.50,53.26,65.73,71.35
66.47,66.47,58.59,64.41,69.83
65.92,65.92,54.82,68.78,68.58
67.25,67.25,47.64,70.65,69.84
69.58,69.58,46.31,64.79,69.64
70.43,70.43,46.10,65.75,71.13
70.38,70.38,46.82,66.38,74.54
71.59,71.59,47.16,70.44,72.84
69.83,69.83,48.41,69.68,70.07
69.76,69.76,49.11,68.93,71.66
69.71,69.71,50.56,67.83,74.56
67.47,67.47,51.78,69.73,75.82
67.06,67.06,50.53,69.65,75.59
67.00,67.00,52.58,71.34,73.97
72.69,72.69,56.30,70.95,69.46
71.74,71.74,55.22,71.76,68.26
71.79,71.79,56.32,70.69,68.38
71.88,71.88,55.53,70.79,67.10
71.53,71.53,54.15,73.92,68.60
69.84,69.84,53.66,71.28,70.26
69.42,69.42,55.45,71.84,72.34
70.08,70.08,55.21,72.72,68.91
69.34,69.34,54.79,73.74,71.06
70.68,70.68,54.70,71.99,73.73
68.34,68.34,53.84,73.29,75.13
66.40,66.40,54.82,73.45,72.17
65.47,65.47,53.01,73.37,70.83
65.11,65.11,53.84,71.90,76.12
66.15,66.15,53.96,73.74,71.51
67.34,67.34,54.00,74.69,71.26
69.45,69.45,55.58,73.61,71.21
70.24,70.24,56.34,72.91,72.73
68.81,68.81,54.12,71.52,73.27
69.67,69.67,54.37,75.38,70.51
68.75,68.75,54.58,73.13,71.47
66.07,66.07,51.37,73.29,73.96
68.05,68.05,51.85,73.45,70.09
68.69,68.69,52.58,73.99,76.22
70.46,70.46,51.84,72.53,73.43
71.40,71.40,52.46,73.60,72.68
71.32,71.32,52.23,73.82,75.17
71.07,71.07,55.86,75.37,71.30
67.73,67.73,55.53,71.54,67.14
67.79,67.79,55.48,72.80,67.79
67.04,67.04,55.73,76.03,70.91
64.91,64.91,55.24,73.63,71.56
65.20,65.20,54.28,73.03,70.30
66.05,66.05,53.13,72.95,69.88
68.63,68.63,52.93,75.30,71.15
66.73,66.73,53.30,73.64,67.99
65.86,65.86,53.92,72.90,69.67
63.90,63.90,52.77,74.34,69.81
63.29,63.29,54.09,75.81,71.04
65.10,65.10,53.35,72.55,70.14
69.84,69.84,53.78,72.78,68.11
70.21,70.21,52.01,76.14,70.44
67.19,67.19,55.83,74.66,72.21
67.24,67.24,55.13,72.42,73.29
66.80,66.80,54.19,71.07,72.67
67.17,67.17,53.67,75.70,71.86
66.21,66.21,53.95,73.58,68.17
67.14,67.14,52.78,71.91,66.07
66.95,66.95,52.94,74.19,66.49
69.43,69.43,52.71,75.46,68.03
68.81,68.81,51.45,72.78,70.51
69.04,69.04,51.44,72.27,69.01
69.25,69.25,52.55,76.25,73.17
70.47,70.47,50.87,74.03,68.47
70.64,70.64,53.08,70.56,71.62
70.19,70.19,51.24,71.08,72.46
70.94,70.94,52.34,76.01,74.05
71.76,71.76,50.51,73.16,72.61
70.79,70.79,50.43,70.57,69.90
69.20,69.20,50.75,70.66,74.41
69.55,69.55,49.46,74.73,73.26
69.25,69.25,51.34,71.46,70.71
69.83,69.83,51.28,70.53,73.08
70.44,70.44,52.83,73.99,72.22
70.28,70.28,52.88,74.27,74.12
68.59,68.59,52.08,67.94,71.88
67.64,67.64,52.73,70.13,69.79
67.73,67.73,51.29,75.63,75.19
66.31,66.31,50.39,71.17,71.54
65.33,65.33,51.02,68.92,75.18
63.91,63.91,50.54,68.45,74.42
66.07,66.07,50.75,74.65,73.23
68.40,68.40,51.73,70.03,76.39
69.32,69.32,52.39,67.37,72.79
69.48,69.48,52.87,69.79,68.04
69.77,69.77,52.18,72.88,67.13
68.89,68.89,54.35,67.48,69.40
69.27,69.27,53.95,68.86,72.36
69.50,69.50,53.49,73.78,69.27
68.72,68.72,54.08,71.18,69.76
67.74,67.74,53.23,68.88,70.76
67.34,67.34,54.05,69.61,69.50
66.87,66.87,52.55,74.41,70.66
67.48,67.48,53.23,72.48,69.39
67.94,67.94,53.54,70.39,71.12
68.15,68.15,53.11,69.37,71.78
68.69,68.69,53.56,72.69,68.19
68.41,68.41,54.76,70.91,70.31
68.94,68.94,54.24,69.63,68.81
70.57,70.57,53.70,70.77,70.85
71.55,71.55,53.12,73.50,70.56
70.35,70.35,53.07,67.58,71.67
68.51,68.51,53.12,69.89,69.68
67.23,67.23,53.50,71.78,70.70
68.58,68.58,53.38,71.29,69.13
69.82,69.82,53.86,67.93,69.62
70.40,70.40,55.53,66.02,71.00
69.89,69.89,55.37,71.86,72.28
69.92,69.92,55.10,68.20,72.87
70.14,70.14,55.56,67.95,70.10
68.91,68.91,56.16,65.77,70.88
69.23,69.23,57.35,72.38,72.54
69.36,69.36,56.67,66.44,74.46
67.38,67.38,57.67,63.68,72.70
69.66,69.66,58.97,67.36,69.84
69.10,69.10,58.59,69.86,73.57
68.78,68.78,59.33,63.27,74.49
68.10,68.10,59.83,65.39,69.38
67.33,67.33,58.62,70.69,73.72
69.99,69.99,59.30,68.75,71.73
68.61,68.61,59.61,65.40,74.11
68.80,68.80,60.99,64.14,71.43
68.41,68.41,61.52,71.70,70.33
68.24,68.24,64.07,66.41,73.39
66.81,66.81,68.03,64.75,65.50
57.27,57.27,75.55,68.83,56.34
50.58,50.58,78.69,63.63,48.63
51.57,51.57,77.80,57.79,49.23
53.52,53.52,75.72,46.23,52.27
54.39,54.39,74.77,36.03,51.69
51.53,51.53,71.81,33.82,49.81
54.20,54.20,67.37,22.84,46.11
49.79,49.79,63.49,23.56,40.67
48.26,48.26,56.98,25.84,35.45
40.52,40.52,46.12,21.76,32.48
39.27,39.27,42.02,20.83,29.82
40.39,40.39,47.40,28.85,30.78
41.91,41.91,41.57,26.34,31.90
42.47,42.47,39.77,21.91,34.98
41.93,41.93,40.86,24.63,32.74
41.95,41.95,41.63,29.32,30.23
42.05,42.05,40.74,28.11,31.74
41.90,41.90,43.17,22.56,29.54
40.90,40.90,44.16,24.71,30.04
41.65,41.65,46.04,24.91,30.50
41.91,41.91,46.31,25.39,30.75
44.85,44.85,48.54,23.91,30.47
43.73,43.73,47.14,24.92,28.13
43.63,43.63,49.01,22.56,26.89
45.04,45.04,49.40,22.83,27.78
41.86,41.86,48.32,19.70,27.58
42.38,42.38,48.48,19.77,28.64
41.07,41.07,46.94,20.10,27.99
40.13,40.13,45.57,17.07,29.38
39.63,39.63,43.17,18.61,30.38
40.88,40.88,42.93,15.50,30.86
36.79,36.79,41.99,18.48,30.13
36.35,36.35,39.91,18.04,29.81
37.36,37.36,39.43,16.65,31.58
28.42,28.42,31.85,18.48,25.43
26.66,26.66,29.97,19.27,22.48
28.74,28.74,32.22,20.95,24.49
29.37,29.37,30.72,20.81,23.93
28.88,28.88,31.57,18.20,24.45
28.69,28.69,30.42,22.76,23.08
30.57,30.57,30.70,20.99,24.78
29.76,29.76,30.14,20.98,22.53
27.70,27.70,28.84,20.27,22.01
27.73,27.73,32.40,22.03,22.80
25.89,25.89,36.56,20.63,24.23
27.92,27.92,47.10,39.46,42.05
43.47,43.47,68.95,51.31,60.73
52.20,52.20,83.06,58.56,65.52
61.15,61.15,81.87,66.04,68.33
65.12,65.12,74.15,62.42,70.27
64.97,64.97,72.70,62.35,71.24
67.60,67.60,68.29,69.74,70.84
66.90,66.90,64.63,72.29,70.29
68.16,68.16,61.53,74.28,71.13
67.35,67.35,59.29,75.05,72.74
66.86,66.86,58.24,73.31,70.86
70.50,70.50,59.06,72.78,68.98
67.54,67.54,57.70,70.87,70.02
67.24,67.24,58.79,74.22,69.18
66.43,66.43,59.58,75.73,69.18
66.25,66.25,56.06,75.23,68.77
68.62,68.62,54.72,74.23,67.57
70.20,70.20,55.03,75.15,67.71
68.16,68.16,55.64,75.19,68.96
66.62,66.62,55.60,75.31,69.00
66.21,66.21,57.00,77.34,69.52
68.06,68.06,55.80,77.22,70.04
68.56,68.56,55.31,76.20,69.79
69.59,69.59,53.75,75.85,70.88
70.65,70.65,54.98,76.67,67.95
70.31,70.31,55.06,76.02,67.92
71.07,71.07,54.39,76.69,68.11
71.86,71.86,52.07,78.27,67.82
69.72,69.72,52.76,77.55,68.20
68.15,68.15,52.65,76.91,67.76
68.06,68.06,52.98,77.40,67.58
71.44,71.44,52.14,77.76,66.84
69.69,69.69,50.88,78.19,65.67
68.93,68.93,52.41,79.83,65.77
69.56,69.56,51.37,78.49,67.77
67.70,67.70,51.08,78.59,65.26
73.22,73.22,48.80,78.14,67.17
72.11,72.11,50.26,77.36,66.73
69.98,69.98,51.00,78.00,67.17
68.73,68.73,51.19,79.33,68.75
68.91,68.91,50.72,78.54,69.63
68.19,68.19,52.03,78.53,68.49
69.07,69.07,52.45,78.34,67.02
69.92,69.92,51.37,78.88,68.29
68.91,68.91,52.48,78.30,67.76
70.47,70.47,57.48,79.26,67.85
66.51,66.51,63.55,78.39,66.05
60.43,60.43,72.38,75.02,63.75
61.04,61.04,78.27,57.14,62.94
60.20,60.20,77.74,65.49,62.61
60.93,60.93,74.37,66.84,63.98
63.71,63.71,74.52,69.75,65.98
64.31,64.31,70.93,69.44,65.00
65.32,65.32,67.32,70.87,65.79
67.43,67.43,63.83,71.72,66.02
67.67,67.67,60.53,73.09,68.13
70.51,70.51,57.53,74.10,67.91
69.74,69.74,56.97,76.41,69.29
70.76,70.76,54.01,75.71,68.52
67.14,67.14,53.34,75.29,68.77
67.52,67.52,54.13,75.73,68.23
68.36,68.36,51.75,75.96,67.70
68.83,68.83,50.39,76.71,68.92
67.82,67.82,50.27,77.81,70.29
69.46,69.46,48.12,76.93,69.55
69.07,69.07,48.63,76.64,70.65
67.24,67.24,47.37,76.70,69.52
69.67,69.67,47.10,76.90,71.64
72.14,72.14,54.58,77.30,71.06
69.72,69.72,61.37,78.00,71.38
65.20,65.20,71.06,73.47,68.96
60.92,60.92,82.69,64.85,62.20
68.70,68.70,79.66,63.69,66.42
68.26,68.26,71.16,49.97,68.81
68.46,68.46,72.32,57.72,69.22
69.89,69.89,70.10,68.21,69.91
68.67,68.67,65.22,70.87,68.87
70.00,70.00,57.08,71.71,69.25
71.05,71.05,56.88,72.81,67.29
69.69,69.69,55.16,72.38,66.53
68.70,68.70,55.04,73.53,66.15
68.52,68.52,52.56,75.67,65.06
71.13,71.13,54.35,75.10,69.66
70.88,70.88,49.94,75.47,69.87
68.48,68.48,46.98,74.05,69.07
69.63,69.63,46.99,74.50,68.52
68.92,68.92,46.59,75.49,67.03
70.99,70.99,45.46,76.13,67.52
69.75,69.75,43.69,74.40,65.83
69.07,69.07,44.11,75.29,66.06
70.44,70.44,45.00,76.47,67.02
67.84,67.84,49.75,73.01,66.85
68.09,68.09,62.68,73.04,66.98
66.65,66.65,68.27,56.09,64.44
63.50,63.50,80.43,62.95,61.92
66.24,66.24,80.97,52.88,65.38
67.44,67.44,72.52,57.67,67.08
66.58,66.58,70.18,56.01,67.14
68.61,68.61,72.34,66.92,69.02
72.41,72.41,68.72,67.23,68.53
71.63,71.63,61.20,74.61,68.86
67.16,67.16,56.89,71.30,68.35
68.79,68.79,54.05,70.53,68.77
72.56,72.56,51.10,74.20,68.98
74.76,74.76,52.22,72.43,69.19
73.08,73.08,55.11,68.08,70.94
69.00,69.00,53.12,73.76,67.68
74.23,74.23,50.36,75.71,69.88
72.14,72.14,49.24,69.92,69.40
67.86,67.86,47.04,71.10,69.97
66.14,66.14,49.13,78.02,70.04
65.59,65.59,48.18,68.05,70.44
65.98,65.98,48.46,69.71,69.23
66.64,66.64,48.75,76.62,68.98
71.92,71.92,47.12,69.69,69.80
70.56,70.56,46.68,70.62,68.39
71.65,71.65,47.52,75.42,68.36
72.29,72.29,45.61,73.86,69.79
68.35,68.35,45.08,73.52,68.24
71.83,71.83,46.66,74.62,68.87
71.27,71.27,46.35,77.06,69.21
68.07,68.07,46.63,73.71,68.55
67.30,67.30,45.54,72.68,69.70
67.70,67.70,46.44,78.16,69.02
68.30,68.30,43.94,73.66,70.53
70.55,70.55,43.24,72.94,70.94
68.74,68.74,44.81,77.81,69.37
67.91,67.91,46.69,71.49,68.42
68.79,68.79,48.87,73.69,69.12
67.33,67.33,48.68,77.07,66.73
67.95,67.95,48.34,73.13,68.53
70.58,70.58,48.94,75.50,67.59
66.10,66.10,49.50,74.82,68.96
66.67,66.67,47.71,75.88,69.42
67.41,67.41,48.09,74.56,69.95
66.94,66.94,49.10,72.31,69.45
66.70,66.70,50.67,76.94,72.07
68.59,68.59,54.91,73.73,70.68
66.22,66.22,60.72,71.13,71.13
65.70,65.70,67.91,77.78,68.06
60.54,60.54,77.10,67.41,66.08
61.78,61.78,77.47,67.62,66.12
57.56,57.56,76.91,67.44,63.25
61.52,61.52,73.71,62.25,65.47
63.66,63.66,72.20,68.41,67.32
64.38,64.38,71.97,70.03,68.05
68.53,68.53,65.86,67.69,68.96
67.71,67.71,62.74,71.44,68.28
67.57,67.57,60.51,71.05,70.06
69.00,69.00,58.43,69.47,69.14
68.58,68.58,56.00,71.20,70.83
67.37,67.37,54.80,71.15,70.86
68.40,68.40,52.38,72.07,69.60
70.98,70.98,50.32,71.42,72.13
69.33,69.33,49.57,69.08,68.55
71.25,71.25,50.14,74.58,68.37
70.88,70.88,47.89,69.50,67.32
71.54,71.54,46.92,70.82,71.83
71.24,71.24,47.12,74.82,72.87
68.59,68.59,47.97,70.42,67.70
68.73,68.73,50.90,70.61,68.55
70.50,70.50,48.24,74.45,70.44
71.16,71.16,48.21,71.38,68.19
70.71,70.71,47.99,70.83,72.51
69.78,69.78,47.52,69.96,70.15
74.03,74.03,48.40,72.99,68.43
73.52,73.52,48.87,66.59,68.25
72.61,72.61,47.43,72.21,70.65
69.04,69.04,47.78,74.35,67.45
68.67,68.67,47.18,68.61,69.24
68.58,68.58,46.52,67.08,69.31
70.64,70.64,45.97,75.15,67.70
72.23,72.23,49.31,66.25,67.56
68.75,68.75,55.70,67.73,68.55
71.07,71.07,64.54,72.67,67.59
65.32,65.32,79.12,64.09,65.29
66.68,66.68,80.68,60.68,65.10
65.80,65.80,77.74,66.50,67.47
64.29,64.29,72.66,65.26,70.38
66.83,66.83,65.10,60.60,67.07
67.44,67.44,60.67,62.08,71.18
69.05,69.05,59.98,66.03,68.07
68.81,68.81,54.11,65.19,66.87
67.19,67.19,52.39,66.53,66.94
69.84,69.84,60.81,71.68,65.48
70.04,70.04,69.44,62.09,64.57
65.26,65.26,80.80,63.05,61.02
65.68,65.68,80.87,62.30,61.64
67.53,67.53,78.07,63.45,63.80
68.89,68.89,69.09,63.44,64.86
71.18,71.18,73.47,61.61,66.44
72.11,72.11,68.06,62.82,67.21
73.44,73.44,58.05,59.95,69.78
71.22,71.22,62.26,66.95,66.13
70.82,70.82,55.12,69.05,68.04
69.52,69.52,49.60,67.93,69.98
70.59,70.59,51.56,66.46,70.63
73.06,73.06,48.81,70.90,67.62
71.76,71.76,43.57,69.07,68.70
70.38,70.38,43.17,71.44,73.45
68.60,68.60,43.55,71.56,70.56
68.19,68.19,42.48,68.62,70.74
68.12,68.12,42.42,69.17,68.82
68.41,68.41,41.24,72.19,71.03
67.33,67.33,42.21,68.88,72.62
69.61,69.61,41.86,66.80,69.78
72.58,72.58,40.61,73.86,69.30
70.40,70.40,41.14,68.46,71.15
70.43,70.43,39.22,68.45,71.83
71.53,71.53,39.54,73.52,72.16
71.05,71.05,38.90,67.54,71.60
71.31,71.31,38.94,69.59,71.50
71.35,71.35,39.66,73.35,68.64
69.79,69.79,38.21,68.69,67.99
70.25,70.25,38.49,69.60,70.02
70.12,70.12,39.53,73.79,71.01
70.25,70.25,38.30,69.39,69.17
70.21,70.21,39.14,70.96,69.54
69.82,69.82,39.70,73.30,69.76
70.49,70.49,40.99,72.35,70.38
71.60,71.60,39.85,70.90,69.99
73.12,73.12,40.27,72.31,70.69
73.07,73.07,39.68,73.96,67.63
74.47,74.47,41.54,70.78,66.88
74.95,74.95,38.73,71.57,68.13
73.92,73.92,37.85,74.12,68.80
72.69,72.69,37.80,70.78,68.25
74.24,74.24,38.73,72.84,68.87
75.56,75.56,40.11,74.00,67.51
74.99,74.99,47.30,71.28,66.73
71.36,71.36,57.89,72.76,65.90
68.25,68.25,67.23,73.53,65.01
61.41,61.41,78.24,61.26,63.01
61.43,61.43,77.50,59.03,62.39
61.08,61.08,77.60,59.97,63.86
61.76,61.76,73.59,63.81,68.01
64.32,64.32,71.88,54.02,67.54
64.51,64.51,70.33,49.35,67.34
67.47,67.47,68.34,42.82,68.81
69.16,69.16,59.78,47.20,69.17
70.66,70.66,56.42,34.04,70.97
70.00,70.00,52.29,30.15,70.04
69.89,69.89,51.62,32.93,70.09
72.61,72.61,48.19,22.83,69.55
71.80,71.80,47.74,22.30,69.59
72.02,72.02,45.47,12.98,68.99
72.00,72.00,44.07,22.22,67.18
69.11,69.11,43.50,23.81,69.76
68.06,68.06,43.45,27.87,68.14
67.98,67.98,42.22,20.19,66.48
70.39,70.39,42.34,28.39,70.10
70.86,70.86,40.18,18.70,68.23
71.45,71.45,39.09,24.21,68.59
74.38,74.38,34.18,20.67,69.02
70.51,70.51,35.36,19.55,68.73
73.58,73.58,34.29,15.34,67.62
74.56,74.56,38.22,24.97,68.83
73.94,73.94,38.69,25.56,69.59
71.57,71.57,38.17,18.03,69.64
72.85,72.85,38.07,14.78,69.06
73.60,73.60,38.07,14.20,66.58
72.32,72.32,38.98,17.98,67.72
70.99,70.99,35.46,26.19,67.51
71.85,71.85,37.17,17.74,67.50
69.82,69.82,39.16,13.47,68.09
71.07,71.07,38.60,23.32,70.94
74.02,74.02,39.54,19.75,69.04
73.21,73.21,39.57,16.43,68.61
72.54,72.54,37.51,22.18,67.80
71.23,71.23,35.48,13.22,68.19
72.85,72.85,35.52,16.33,66.85
74.65,74.65,36.38,15.67,67.49
73.69,73.69,39.41,14.17,68.14
74.61,74.61,41.54,19.98,68.71
74.36,74.36,42.62,22.84,67.99
72.84,72.84,40.58,20.81,66.33
71.63,71.63,45.01,19.12,67.10
74.98,74.98,54.71,23.95,69.69
69.83,69.83,64.12,36.39,67.74
62.14,62.14,79.53,49.24,62.96
61.35,61.35,80.25,53.14,64.05
64.09,64.09,69.58,56.17,72.01
64.93,64.93,72.21,60.53,71.70
64.77,64.77,72.50,66.50,69.49
65.60,65.60,63.72,66.84,69.02
64.72,64.72,59.47,63.67,68.00
62.23,62.23,56.63,65.92,69.79
60.25,60.25,54.02,70.80,70.35
61.31,61.31,55.12,70.22,70.79
63.32,63.32,50.45,67.38,71.14
65.37,65.37,49.91,70.67,70.55
67.77,67.77,43.83,71.68,70.76
69.95,69.95,44.94,67.35,68.15
69.95,69.95,46.10,67.73,70.34
71.04,71.04,46.00,70.98,69.94
70.68,70.68,46.96,67.28,71.21
70.86,70.86,44.52,69.48,69.46
70.67,70.67,42.12,69.71,70.39
69.35,69.35,44.83,68.96,72.84
68.54,68.54,46.13,67.22,74.53
66.39,66.39,46.87,69.26,74.70
68.30,68.30,49.62,69.75,72.64
70.14,70.14,51.90,67.56,70.48
68.03,68.03,53.28,69.17,68.59
67.44,67.44,54.99,68.88,69.33
67.96,67.96,54.55,66.87,68.81
68.67,68.67,55.57,68.83,68.24
67.27,67.27,55.65,67.00,70.78
64.68,64.68,56.05,68.69,71.22
65.98,65.98,55.70,66.58,70.88
65.05,65.05,56.07,68.67,69.95
64.99,64.99,54.63,67.39,70.71
64.90,64.90,56.87,67.66,73.60
65.11,65.11,55.38,65.49,71.73
65.03,65.03,55.37,71.18,68.37
67.07,67.07,55.78,69.43,71.41
66.97,66.97,55.39,68.79,75.42
67.59,67.59,56.20,68.63,70.24
65.38,65.38,56.80,70.73,71.70
65.46,65.46,57.27,71.37,71.01
66.11,66.11,56.29,67.57,73.29
65.56,65.56,56.62,70.51,72.15
66.14,66.14,59.84,73.27,70.02
63.58,63.58,64.47,68.70,71.62
62.07,62.07,74.08,65.66,67.94
58.59,58.59,76.77,66.67,63.92
60.75,60.75,78.14,65.15,64.43
62.21,62.21,77.39,62.64,66.58
58.19,58.19,74.77,61.93,69.64
60.06,60.06,70.48,64.35,71.44
65.86,65.86,67.42,68.33,68.65
66.65,66.65,64.18,66.80,67.01
66.14,66.14,61.19,69.00,68.55
67.75,67.75,55.40,68.91,69.81
67.28,67.28,53.94,72.14,71.51
67.57,67.57,53.99,69.28,68.62
68.54,68.54,51.12,71.78,68.88
68.83,68.83,52.79,74.55,69.81
67.60,67.60,53.33,73.17,68.41
67.98,67.98,49.29,72.79,69.02
67.15,67.15,50.55,72.95,69.15
64.89,64.89,51.93,75.26,70.48
65.53,65.53,51.93,73.72,68.84
65.37,65.37,50.72,73.87,69.00
65.95,65.95,54.30,75.18,72.49
63.79,63.79,50.90,76.29,73.47
64.89,64.89,51.46,71.98,73.69
66.22,66.22,53.13,72.77,73.23
65.65,65.65,50.72,76.92,69.71
64.03,64.03,50.07,74.59,69.53
64.31,64.31,50.63,73.35,68.17
63.52,63.52,50.65,72.32,67.69
65.59,65.59,49.42,76.27,67.74
66.13,66.13,45.60,72.66,68.46
68.37,68.37,47.89,71.71,71.78
68.55,68.55,49.12,73.94,71.10
67.54,67.54,50.46,74.82,69.67
66.11,66.11,52.28,67.88,71.07
67.39,67.39,58.32,70.53,71.13
65.80,65.80,69.77,71.58,71.34
62.66,62.66,81.71,64.84,66.02
65.60,65.60,81.42,57.88,68.44
65.00,65.00,75.53,62.41,73.72
64.44,64.44,70.62,68.25,68.37
63.77,63.77,62.40,68.22,72.35
64.96,64.96,61.70,65.90,70.60
65.28,65.28,52.87,65.98,73.12
66.26,66.26,53.21,73.88,72.17
66.71,66.71,54.05,66.19,68.47
65.06,65.06,60.26,69.42,73.29
62.51,62.51,69.07,69.14,71.25
55.23,55.23,83.08,64.22,62.63
60.75,60.75,77.15,55.71,71.08
63.22,63.22,76.26,63.16,71.05
64.42,64.42,69.02,55.32,72.27
64.71,64.71,73.13,62.66,73.43
66.20,66.20,67.03,65.04,70.90
67.79,67.79,57.41,67.86,68.11
68.10,68.10,63.93,69.55,67.44
68.29,68.29,58.23,69.07,68.58
67.31,67.31,54.78,69.81,71.21
66.82,66.82,53.26,69.24,68.53
66.41,66.41,52.53,71.67,69.33
66.85,66.85,49.58,67.17,69.55
67.24,67.24,47.70,66.17,69.87
67.12,67.12,48.96,70.46,68.88
67.96,67.96,46.37,70.28,69.57
67.18,67.18,47.62,67.88,73.36
66.74,66.74,47.41,65.69,71.51
65.28,65.28,47.42,69.96,71.12
65.74,65.74,47.83,70.91,71.84
66.68,66.68,46.14,69.15,74.60
67.02,67.02,47.23,67.16,74.69
67.64,67.64,46.40,70.35,72.38
67.86,67.86,45.57,68.59,72.59
68.48,68.48,46.48,66.94,71.45
69.69,69.69,44.13,68.68,68.72
68.49,68.49,45.13,71.68,69.43
65.68,65.68,45.05,67.77,69.26
66.78,66.78,45.03,67.75,70.19
66.48,66.48,45.26,71.26,72.08
66.49,66.49,45.70,72.29,72.09
66.19,66.19,44.54,68.99,70.74
65.88,65.88,43.43,68.50,70.42
65.12,65.12,45.30,71.63,69.96
67.07,67.07,45.08,70.37,70.44
66.31,66.31,44.71,69.37,68.47
65.53,65.53,44.10,70.32,68.91
64.15,64.15,44.27,72.30,70.31
69.22,69.22,43.50,69.84,70.72
70.34,70.34,42.32,70.09,70.36
68.69,68.69,43.10,70.77,68.39
67.33,67.33,43.78,72.97,68.50
67.27,67.27,47.13,70.06,68.91
64.34,64.34,53.08,69.98,70.99
60.88,60.88,60.52,73.58,68.77
56.89,56.89,72.33,67.85,68.53
50.53,50.53,77.83,67.76,65.60
47.90,47.90,77.56,69.32,66.51
52.94,52.94,75.32,61.25,68.36
49.40,49.40,75.78,63.25,68.16
45.89,45.89,70.89,60.16,67.95
50.08,50.08,69.00,60.43,69.60
55.59,55.59,65.60,60.57,70.06
51.61,51.61,61.64,58.77,70.21
53.33,53.33,59.24,61.88,69.85
46.73,46.73,58.30,68.41,69.23
49.35,49.35,54.94,64.91,69.06
48.50,48.50,55.34,64.34,69.20
48.65,48.65,54.05,66.67,70.27
53.68,53.68,53.87,70.66,67.90
49.43,49.43,52.24,65.25,69.53
47.45,47.45,53.28,65.57,70.28
50.83,50.83,51.00,69.10,72.35
47.45,47.45,50.91,69.28,71.85
47.44,47.44,50.49,65.81,70.94
48.89,48.89,51.43,67.42,71.35
48.59,48.59,50.71,72.06,74.66
46.22,46.22,51.58,68.55,76.04
47.20,47.20,50.69,65.27,74.76
47.06,47.06,49.74,67.38,72.24
48.72,48.72,50.44,72.85,69.04
47.17,47.17,49.62,67.23,69.34
49.64,49.64,49.02,68.78,71.18
47.64,47.64,47.86,68.92,68.87
48.06,48.06,47.58,71.25,70.94
48.83,48.83,47.01,67.69,72.95
48.58,48.58,46.10,67.66,72.52
47.47,47.47,46.36,67.93,68.05
48.75,48.75,47.12,69.08,71.38
47.99,47.99,47.13,63.16,73.72
48.25,48.25,46.20,59.93,74.52
48.15,48.15,48.55,59.87,71.74
47.18,47.18,48.07,63.60,70.97
47.09,47.09,46.93,58.62,76.22
45.96,45.96,48.28,54.89,69.61
45.00,45.00,49.03,53.29,71.87
45.22,45.22,48.56,55.62,71.17
45.38,45.38,46.85,46.75,73.07
47.06,47.06,47.85,58.06,73.89
47.59,47.59,49.18,70.98,69.72
48.03,48.03,54.65,76.25,72.04
54.84,54.84,63.84,70.66,74.93
57.79,57.79,79.55,65.61,65.99
61.04,61.04,82.46,56.62,69.27
63.18,63.18,77.86,57.75,69.62
67.61,67.61,70.81,60.50,70.13
67.01,67.01,69.40,64.47,72.16
66.13,66.13,68.52,70.60,71.25
66.90,66.90,60.32,72.01,68.98
69.71,69.71,54.74,71.62,71.43
68.19,68.19,56.32,71.35,70.10
68.48,68.48,56.12,71.32,69.57
66.90,66.90,56.03,68.54,68.11
67.41,67.41,53.86,68.54,68.41
66.81,66.81,53.72,71.26,68.57
67.43,67.43,52.69,69.72,69.08
67.60,67.60,53.17,70.67,69.74
66.64,66.64,52.22,69.03,70.88
66.85,66.85,51.30,69.65,70.72
67.68,67.68,51.43,70.08,71.27
67.34,67.34,52.19,69.05,68.88
65.70,65.70,52.04,72.76,68.53
66.21,66.21,50.59,72.10,69.91
64.69,64.69,50.08,71.44,71.71
67.54,67.54,49.98,70.81,73.86
68.13,68.13,48.59,71.87,70.96
68.74,68.74,48.61,72.07,68.95
71.78,71.78,46.81,71.90,69.71
73.61,73.61,47.29,73.80,68.88
70.04,70.04,46.56,73.06,67.80
68.66,68.66,46.33,72.90,68.06
70.26,70.26,45.17,73.22,68.95
70.53,70.53,46.56,74.00,69.23
68.51,68.51,47.41,75.63,70.43
69.31,69.31,47.24,74.74,69.47
68.44,68.44,46.74,74.38,70.29
69.19,69.19,47.96,74.15,71.58
69.50,69.50,45.93,75.13,71.40
67.71,67.71,47.38,74.80,70.20
65.89,65.89,46.55,74.63,70.37
65.84,65.84,47.32,77.15,69.04
64.86,64.86,47.62,75.10,69.95
67.83,67.83,45.82,74.59,70.41
68.46,68.46,46.05,74.53,70.12
69.26,69.26,46.02,75.53,69.59
68.82,68.82,49.08,76.44,69.25
68.51,68.51,54.17,76.21,67.62
67.57,67.57,59.39,75.02,66.54
64.39,64.39,71.26,73.15,66.64
63.09,63.09,77.40,64.66,64.08
62.97,62.97,77.30,62.67,64.38
63.40,63.40,75.81,64.77,66.30
63.54,63.54,75.57,64.38,67.64
68.19,68.19,70.06,62.24,67.62
70.51,70.51,67.98,61.14,67.49
67.36,67.36,64.21,64.20,67.05
65.16,65.16,58.02,65.16,68.51
65.72,65.72,55.89,69.91,67.40
65.42,65.42,53.13,70.08,68.02
65.21,65.21,52.54,70.47,67.82
65.77,65.77,52.66,71.24,69.62
65.20,65.20,51.03,72.18,68.99
63.77,63.77,51.73,72.17,68.96
65.16,65.16,49.99,72.33,70.18
65.84,65.84,48.28,73.30,71.32
64.92,64.92,47.65,72.55,70.73
66.68,66.68,45.77,72.69,68.39
65.92,65.92,45.99,72.52,70.14
66.76,66.76,47.44,73.24,72.52
66.58,66.58,46.19,74.73,73.63
66.72,66.72,46.65,73.25,73.61
65.73,65.73,45.96,73.25,70.75
69.83,69.83,45.58,73.53,67.38
69.13,69.13,45.95,72.95,68.18
71.93,71.93,47.16,73.31,69.36
70.07,70.07,47.42,74.24,68.93
68.05,68.05,48.36,74.32,68.84
69.51,69.51,47.67,72.90,70.00
70.42,70.42,45.95,72.62,70.20
70.87,70.87,45.51,73.30,71.50
69.97,69.97,45.53,73.49,71.27
68.06,68.06,48.05,74.13,69.64
67.53,67.53,47.70,73.24,68.54
70.07,70.07,48.05,73.21,70.02
70.00,70.00,47.21,72.56,69.50
69.16,69.16,45.66,72.44,67.85
66.93,66.93,45.97,72.74,69.46
64.85,64.85,45.88,73.39,66.66
67.18,67.18,45.23,73.55,66.81
67.93,67.93,45.83,71.68,68.52
69.51,69.51,45.12,71.36,70.24
70.05,70.05,46.23,72.34,71.17
70.17,70.17,48.23,72.39,67.87
68.21,68.21,56.21,71.14,67.21
68.06,68.06,65.38,71.93,65.35
65.86,65.86,76.76,67.04,65.93
60.02,60.02,82.97,64.02,63.25
65.54,65.54,78.26,65.63,66.55
68.42,68.42,77.01,63.25,69.09
67.57,67.57,69.46,67.56,69.82
70.78,70.78,68.18,65.18,69.30
72.98,72.98,59.87,68.07,70.02
70.31,70.31,62.13,65.56,69.27
66.82,66.82,56.20,70.66,68.62
67.04,67.04,51.55,66.46,68.58
72.03,72.03,47.84,72.16,69.51
71.32,71.32,50.07,71.73,69.91
66.49,66.49,48.23,70.13,68.50
67.25,67.25,47.40,70.56,71.77
69.05,69.05,47.96,74.90,71.17
66.56,66.56,46.17,69.55,69.87
67.56,67.56,45.61,69.34,72.03
67.94,67.94,44.55,74.97,72.20
69.77,69.77,43.56,67.38,72.17
69.40,69.40,41.61,65.95,71.01
67.01,67.01,42.27,73.52,69.90
67.12,67.12,42.94,67.78,71.81
70.10,70.10,42.61,65.44,69.69
71.52,71.52,42.35,73.11,73.20
69.41,69.41,43.74,70.66,73.03
69.28,69.28,44.52,68.94,71.32
69.95,69.95,42.34,70.65,72.38
69.83,69.83,43.59,73.28,71.29
70.30,70.30,42.06,65.24,69.93
68.93,68.93,40.96,66.03,70.77
68.26,68.26,41.53,76.89,69.54
70.16,70.16,41.61,68.66,69.64
67.76,67.76,41.01,66.43,69.44
68.96,68.96,42.51,76.44,69.17
69.25,69.25,41.38,68.14,66.84
68.48,68.48,42.00,69.09,66.89
66.97,66.97,43.00,75.51,67.58
69.40,69.40,44.18,71.23,69.65
67.45,67.45,45.36,68.69,68.99
67.06,67.06,43.01,72.88,69.79
67.52,67.52,44.39,73.03,71.37
68.79,68.79,44.86,70.71,71.95
68.10,68.10,47.90,71.73,69.30
66.91,66.91,55.51,76.00,69.95
66.99,66.99,63.46,70.75,67.65
65.01,65.01,74.16,68.20,64.76
58.18,58.18,75.36,67.50,63.46
61.51,61.51,77.76,61.38,64.50
64.82,64.82,74.03,62.66,66.00
64.48,64.48,73.78,67.97,66.23
63.69,63.69,71.09,63.11,67.86
65.96,65.96,66.37,65.13,68.80
66.10,66.10,61.92,68.90,70.69
64.90,64.90,58.28,67.66,70.21
68.22,68.22,55.83,68.66,69.62
69.78,69.78,53.28,69.87,69.79
70.75,70.75,50.64,70.68,70.83
70.07,70.07,49.68,70.46,70.32
69.52,69.52,49.03,70.46,69.14
68.90,68.90,47.28,71.74,71.09
68.06,68.06,45.85,70.45,73.53
68.04,68.04,44.91,70.74,69.75
68.64,68.64,46.08,74.44,69.32
68.28,68.28,42.63,70.56,67.97
70.80,70.80,44.89,71.70,72.17
72.20,72.20,44.16,73.99,71.73
69.23,69.23,50.80,71.73,69.13
68.68,68.68,63.63,74.41,69.78
67.60,67.60,68.52,71.85,69.65
61.75,61.75,80.58,63.77,65.33
63.97,63.97,81.08,62.50,68.67
66.87,66.87,77.48,64.64,70.32
67.32,67.32,65.31,63.67,72.10
68.03,68.03,73.80,68.46,71.72
68.15,68.15,70.74,66.55,69.48
68.14,68.14,69.85,65.09,69.68
69.62,69.62,64.14,64.88,68.96
71.54,71.54,54.46,68.59,70.84
69.68,69.68,53.30,71.05,70.95
69.51,69.51,54.86,68.25,69.98
70.72,70.72,48.96,63.35,69.95
70.94,70.94,42.81,73.25,69.84
71.79,71.79,42.82,67.84,70.19
71.72,71.72,42.45,71.09,67.86
69.25,69.25,41.06,72.63,67.98
71.13,71.13,40.40,70.53,68.30
67.98,67.98,40.22,72.52,68.87
67.92,67.92,40.07,72.27,70.57
69.31,69.31,41.40,73.17,69.10
69.49,69.49,44.31,73.47,71.13
69.42,69.42,50.07,71.03,68.66
69.27,69.27,58.81,74.52,68.55
70.21,70.21,64.43,72.22,67.00
72.22,72.22,61.94,71.45,66.96
70.65,70.65,59.43,75.42,68.73
69.55,69.55,54.28,72.16,67.57
68.80,68.80,49.20,72.46,69.00
68.53,68.53,47.15,76.24,65.99
70.36,70.36,45.82,71.79,69.98
69.35,69.35,44.12,74.48,71.04
70.33,70.33,44.43,74.70,68.06
69.43,69.43,43.24,73.11,70.10
69.91,69.91,44.28,73.82,72.36
70.06,70.06,44.17,73.19,71.67
70.29,70.29,42.87,73.84,66.24
70.20,70.20,41.25,72.52,72.18
70.51,70.51,40.76,72.95,74.33
70.13,70.13,40.03,74.71,67.55
71.29,71.29,41.11,73.21,69.78
72.25,72.25,42.27,72.04,67.81
72.25,72.25,41.69,76.02,72.32
72.96,72.96,41.58,72.17,71.85
71.78,71.78,40.72,71.35,70.04
69.91,69.91,39.15,76.35,72.10
67.86,67.86,40.87,70.80,72.35
66.38,66.38,40.95,72.29,72.93
67.97,67.97,41.16,75.89,74.39
69.19,69.19,41.24,71.35,73.28
71.56,71.56,39.57,73.51,72.88
69.62,69.62,38.77,74.40,70.00
70.72,70.72,38.96,73.18,70.00
71.53,71.53,38.75,74.01,69.10
71.39,71.39,39.07,73.21,69.22
69.20,69.20,38.94,75.04,69.26
69.45,69.45,37.54,73.62,69.46
69.20,69.20,37.03,71.54,71.02
69.76,69.76,37.05,75.70,70.64
68.21,68.21,35.97,73.57,70.73
67.73,67.73,35.66,71.91,70.19
67.27,67.27,35.49,77.13,69.26
66.33,66.33,35.12,72.54,68.27
66.32,66.32,33.80,72.40,69.56
65.99,65.99,34.26,77.31,70.29
66.17,66.17,36.33,72.18,72.23
63.07,63.07,40.37,74.26,71.96
62.99,62.99,49.80,77.19,69.38
57.37,57.37,59.38,72.69,66.19
56.30,56.30,68.58,73.95,62.73
54.82,54.82,80.22,70.77,59.79
51.46,51.46,78.80,65.12,62.20
52.26,52.26,74.85,57.75,64.91
52.89,52.89,74.32,46.95,65.98
53.19,53.19,70.95,46.48,68.15
53.62,53.62,66.53,50.09,67.32
56.74,56.74,64.54,36.49,68.39
55.65,55.65,58.91,37.25,68.25
61.41,61.41,55.63,28.95,70.28
57.76,57.76,52.85,31.33,70.15
58.46,58.46,53.17,26.02,69.35
57.94,57.94,50.78,29.98,68.75
61.81,61.81,49.73,28.94,69.53
63.89,63.89,46.04,27.54,70.18
62.84,62.84,46.32,24.40,69.14
60.68,60.68,47.46,29.83,70.45
60.41,60.41,44.96,25.24,67.87
60.89,60.89,43.83,20.54,71.08
61.87,61.87,42.60,25.72,73.03
62.22,62.22,41.46,25.71,69.81
63.73,63.73,39.60,26.25,71.29
63.12,63.12,42.66,20.68,69.42
63.98,63.98,41.26,10.79,70.97
65.15,65.15,41.20,13.23,71.19
65.03,65.03,38.02,27.85,72.78
64.62,64.62,38.20,20.68,73.07
65.65,65.65,34.80,11.22,70.63
65.00,65.00,36.43,16.19,69.38
66.21,66.21,36.14,12.67,69.61
62.51,62.51,38.34,12.77,69.19
61.09,61.09,38.81,17.34,68.31
61.72,61.72,39.00,16.91,70.30
60.23,60.23,38.21,15.08,68.95
60.64,60.64,38.78,12.41,70.12
61.17,61.17,39.82,10.95,70.20
60.05,60.05,45.32,17.27,70.27
56.54,56.54,56.76,17.45,70.43
56.12,56.12,60.57,16.46,70.27
54.63,54.63,80.53,19.51,62.58
53.87,53.87,84.17,27.55,65.00
55.84,55.84,79.63,27.93,68.50
57.24,57.24,74.84,37.16,71.00
56.56,56.56,69.32,38.96,71.70
56.20,56.20,65.87,42.31,69.57
56.16,56.16,57.27,49.39,67.71
56.07,56.07,60.85,41.60,65.82
52.69,52.69,79.52,50.62,63.81
52.78,52.78,83.68,53.63,63.61
57.37,57.37,76.88,60.61,70.16
58.18,58.18,74.54,63.09,71.06
57.97,57.97,72.53,59.01,70.54
58.05,58.05,63.76,64.30,69.87
59.99,59.99,63.06,63.29,70.93
60.22,60.22,61.07,66.50,71.05
59.95,59.95,54.58,65.27,70.82
58.20,58.20,54.35,68.37,71.92
59.68,59.68,58.36,68.97,71.31
57.86,57.86,53.21,63.59,70.34
57.77,57.77,50.78,69.70,70.60
55.91,55.91,47.39,62.22,71.31
54.95,54.95,47.39,67.46,72.08
58.21,58.21,47.34,67.25,73.13
60.68,60.68,46.83,68.25,71.87
63.01,63.01,45.48,66.70,70.82
63.33,63.33,46.27,69.46,70.56
64.56,64.56,43.62,70.43,73.38
65.93,65.93,44.90,70.85,74.03
63.84,63.84,45.45,68.81,73.55
62.95,62.95,45.37,69.86,71.65
62.13,62.13,44.94,73.24,67.73
60.50,60.50,44.55,69.97,69.79
59.30,59.30,44.59,71.73,69.51
57.52,57.52,43.59,72.90,70.69
57.05,57.05,44.62,73.66,70.93
57.81,57.81,44.90,71.64,71.86
57.73,57.73,45.34,73.79,72.50
58.72,58.72,47.18,74.39,69.69
58.08,58.08,45.54,75.00,72.65
57.96,57.96,45.12,72.02,72.53
58.36,58.36,46.23,73.95,73.65
57.81,57.81,44.22,75.96,71.96
57.53,57.53,44.97,74.77,72.13
56.96,56.96,45.89,74.18,75.91
56.87,56.87,44.66,73.18,72.83
55.47,55.47,46.72,76.72,72.22
56.35,56.35,48.62,74.13,72.47
55.89,55.89,48.76,73.95,70.59
56.02,56.02,46.43,74.72,73.15
55.55,55.55,49.66,75.26,71.65
56.14,56.14,53.14,74.00,71.57
54.80,54.80,60.20,73.51,74.36
51.32,51.32,67.22,76.15,67.81
49.47,49.47,78.12,66.40,66.25
46.30,46.30,77.31,64.97,67.09
45.97,45.97,75.85,63.94,68.02
45.85,45.85,76.62,69.20,70.17
49.69,49.69,71.10,67.73,69.06
51.07,51.07,71.71,66.48,66.99
49.02,49.02,64.14,69.08,65.97
53.03,53.03,61.71,71.51,69.55
48.21,48.21,56.43,69.25,70.88
49.77,49.77,55.24,69.64,69.01
53.13,53.13,53.47,74.28,68.58
53.06,53.06,52.24,73.65,68.90
57.64,57.64,51.06,70.67,70.23
56.81,56.81,49.36,71.97,72.51
58.40,58.40,50.16,76.43,73.61
58.30,58.30,48.98,72.55,73.22
59.14,59.14,47.61,71.16,75.62
58.57,58.57,46.46,71.76,71.68
57.88,57.88,46.09,75.27,72.12
56.90,56.90,47.64,72.00,73.35
55.20,55.20,47.58,70.39,74.82
53.34,53.34,49.04,73.68,73.26
53.33,53.33,49.65,73.35,71.95
55.02,55.02,49.11,69.56,68.16
55.14,55.14,47.10,69.94,71.15
55.79,55.79,47.90,76.27,68.91
57.83,57.83,46.28,73.87,71.96
59.30,59.30,46.26,71.26,71.25
59.61,59.61,44.81,69.68,70.19
59.01,59.01,45.73,75.87,71.82
56.90,56.90,44.20,73.31,69.80
57.69,57.69,44.96,72.58,71.34
57.06,57.06,44.66,71.98,73.09
54.17,54.17,55.00,75.72,74.32
51.38,51.38,65.58,70.87,71.92
51.65,51.65,77.43,67.04,66.43
49.15,49.15,82.48,54.46,70.38
52.19,52.19,79.14,61.87,71.94
52.46,52.46,73.47,65.16,70.00
55.01,55.01,71.15,66.16,73.20
55.19,55.19,59.58,68.42,71.76
56.28,56.28,57.80,70.38,73.26
56.46,56.46,54.61,68.35,72.47
56.23,56.23,51.27,68.70,70.18
55.94,55.94,57.85,73.47,73.09
52.73,52.73,65.61,69.43,70.45
52.55,52.55,75.81,60.03,68.57
53.47,53.47,82.03,55.82,66.32
56.35,56.35,78.38,64.02,70.84
58.74,58.74,66.24,57.95,73.78
60.18,60.18,76.11,56.56,72.98
61.78,61.78,67.67,62.09,70.49
63.78,63.78,60.87,67.27,68.35
64.84,64.84,58.27,66.58,69.79
65.81,65.81,59.15,68.29,72.74
63.85,63.85,55.56,70.64,70.35
64.48,64.48,54.29,68.46,69.49
63.37,63.37,56.39,71.76,69.77
62.65,62.65,54.01,68.64,69.94
64.09,64.09,48.38,73.40,69.76
63.42,63.42,47.78,66.02,71.54
63.01,63.01,49.00,65.57,71.53
60.96,60.96,48.01,71.05,72.89
59.49,59.49,45.51,72.08,70.86
57.46,57.46,46.13,68.48,70.70
56.96,56.96,45.87,68.27,74.08
56.02,56.02,46.93,71.52,74.71
56.64,56.64,46.60,71.69,74.22
57.14,57.14,44.74,69.05,73.24
56.41,56.41,43.58,66.41,70.15
56.67,56.67,46.01,72.65,70.23
56.18,56.18,48.00,69.37,70.81
58.27,58.27,50.45,67.91,71.55
57.11,57.11,49.02,69.32,70.38
56.45,56.45,47.83,72.56,73.42
55.22,55.22,46.54,67.03,74.36
54.62,54.62,46.16,68.04,72.47
55.34,55.34,46.17,68.31,71.77
55.76,55.76,48.09,72.60,73.29
55.97,55.97,49.67,66.31,73.67
54.74,54.74,48.77,65.77,73.29
55.25,55.25,49.09,69.72,72.18
53.19,53.19,48.44,72.22,74.15
54.87,54.87,51.71,68.83,74.27
55.52,55.52,52.61,66.98,71.47
55.30,55.30,54.02,70.97,73.08
53.67,53.67,51.95,70.08,72.22
52.33,52.33,50.03,68.96,73.67
51.37,51.37,51.07,70.42,72.48
51.28,51.28,54.52,72.13,71.92
49.67,49.67,58.16,69.17,73.53
46.48,46.48,63.23,68.80,70.51
45.58,45.58,73.19,67.21,66.40
43.22,43.22,78.28,65.27,64.49
40.80,40.80,78.66,66.86,65.60
39.91,39.91,75.68,56.75,69.38
40.27,40.27,74.94,49.60,68.50
44.97,44.97,71.15,40.91,65.98
42.03,42.03,68.48,31.23,64.95
42.09,42.09,63.52,30.72,67.61
44.30,44.30,59.85,18.51,70.15
41.67,41.67,56.58,18.11,70.79
41.41,41.41,56.78,21.37,69.70
40.48,40.48,56.61,23.00,69.00
40.94,40.94,53.48,24.08,69.08
39.56,39.56,52.19,23.67,69.57
41.72,41.72,53.05,19.05,70.57
42.18,42.18,50.73,18.74,70.10
41.05,41.05,47.91,17.35,72.61
41.20,41.20,47.10,12.90,70.76
41.56,41.56,47.24,7.77,69.41
41.32,41.32,47.11,16.87,71.98
41.40,41.40,46.64,23.66,75.57
42.72,42.72,48.26,26.13,75.11
41.41,41.41,46.76,35.08,72.92
40.57,40.57,49.44,51.05,70.77
40.86,40.86,50.94,60.67,68.46
39.92,39.92,50.60,72.73,69.68
39.22,39.22,48.26,75.31,70.06
41.17,41.17,46.88,76.97,69.13
40.61,40.61,45.03,77.75,71.43
39.92,39.92,45.92,76.22,73.71
38.06,38.06,47.52,78.45,71.30
39.20,39.20,48.08,71.31,72.28
36.85,36.85,46.86,76.42,72.36
37.55,37.55,45.31,72.14,73.34
39.03,39.03,46.15,75.22,73.51
38.68,38.68,46.61,72.80,70.84
38.13,38.13,47.91,74.68,71.79
39.79,39.79,48.36,75.13,75.61
39.87,39.87,48.01,74.98,68.79
39.29,39.29,45.56,75.17,73.60
39.50,39.50,46.92,76.97,69.59
40.36,40.36,46.27,75.20,74.15
40.18,40.18,45.96,74.52,71.72
40.21,40.21,47.01,74.60,69.15
42.18,42.18,51.54,77.05,73.98
41.89,41.89,58.18,74.72,72.05
40.73,40.73,68.59,71.71,68.71
35.36,35.36,82.37,60.80,64.70
34.01,34.01,82.28,57.27,66.04
35.61,35.61,75.94,62.18,73.14
36.27,36.27,72.56,63.02,74.04
35.00,35.00,70.43,66.01,72.05
33.92,33.92,63.00,70.79,70.54
34.57,34.57,60.41,74.17,70.34
34.65,34.65,56.97,75.59,70.91
33.67,33.67,58.25,74.96,71.50
33.70,33.70,57.45,74.25,69.62
33.03,33.03,57.86,72.35,69.79
34.81,34.81,57.40,75.91,70.94
35.69,35.69,56.85,77.68,70.28
36.04,36.04,54.70,76.03,71.35
37.38,37.38,54.14,76.44,71.96
38.11,38.11,53.19,76.56,72.24
35.86,35.86,53.92,77.93,71.06
36.46,36.46,54.45,78.91,70.43
37.75,37.75,55.20,77.80,71.14
36.19,36.19,54.50,77.47,72.54
36.80,36.80,53.97,77.30,73.33
35.99,35.99,53.55,76.46,71.72
33.96,33.96,54.65,77.43,70.79
31.72,31.72,53.18,78.50,70.54
32.13,32.13,52.19,78.19,72.62
31.17,31.17,52.31,77.87,71.28
32.33,32.33,52.74,78.01,69.93
33.94,33.94,53.22,77.85,69.86
34.67,34.67,51.47,78.44,69.56
32.76,32.76,51.87,79.83,70.45
36.10,36.10,52.58,79.63,70.31
35.95,35.95,51.92,78.82,71.58
37.30,37.30,52.29,78.15,70.53
36.88,36.88,51.21,78.77,70.38
35.48,35.48,51.79,78.62,72.12
36.83,36.83,51.98,79.88,70.05
37.05,37.05,51.60,79.77,71.54
34.18,34.18,51.30,78.91,72.61
33.70,33.70,50.62,78.54,71.13
32.55,32.55,50.88,79.11,68.79
31.25,31.25,50.61,79.46,69.83
32.64,32.64,51.99,79.70,69.98
31.08,31.08,52.12,80.86,71.74
28.44,28.44,56.90,79.38,70.19
21.16,21.16,62.84,78.44,68.06
18.39,18.39,71.83,77.23,66.15
17.87,17.87,79.22,59.98,64.84
12.73,12.73,77.38,67.84,65.02
11.28,11.28,74.52,65.36,66.73
9.43,9.43,76.02,67.86,67.24
8.74,8.74,72.16,70.05,67.51
10.29,10.29,67.63,71.21,67.02
19.74,19.74,64.24,72.91,66.52
26.35,26.35,62.48,74.11,68.20
30.13,30.13,57.93,76.04,68.21
31.99,31.99,56.81,75.52,67.49
32.41,32.41,55.95,75.47,68.08
32.75,32.75,55.66,75.73,67.93
32.10,32.10,56.51,77.30,69.25
35.75,35.75,54.60,78.39,70.79
36.02,36.02,52.95,77.41,71.06
35.96,35.96,52.40,77.13,72.43
36.13,36.13,51.38,77.58,71.67
39.26,39.26,51.45,77.70,71.24
36.64,36.64,52.53,77.38,72.99
36.40,36.40,50.71,78.13,75.20
35.48,35.48,52.30,78.60,73.63
35.43,35.43,51.11,77.24,74.69
33.05,33.05,51.47,76.49,71.32
31.52,31.52,51.88,77.08,69.08
30.29,30.29,52.07,77.60,71.76
29.98,29.98,51.26,78.06,73.24
31.30,31.30,51.22,77.32,70.45
31.78,31.78,51.25,76.91,70.81
33.29,33.29,50.93,76.97,69.95
32.81,32.81,49.24,77.48,70.79
33.21,33.21,50.75,77.24,71.96
34.21,34.21,50.35,78.34,70.63
34.48,34.48,49.91,77.95,69.98
34.74,34.74,49.17,77.04,68.95
33.10,33.10,49.61,76.60,71.78
33.64,33.64,48.13,76.42,73.77
33.65,33.65,47.64,77.42,73.56
33.80,33.80,47.26,77.56,72.51
30.62,30.62,47.83,76.10,71.99
29.69,29.69,48.19,76.13,69.83
29.83,29.83,48.24,76.13,68.62
30.26,30.26,48.39,75.74,70.67
30.77,30.77,47.69,76.75,71.16
28.94,28.94,48.18,74.75,69.89
29.68,29.68,57.97,75.21,66.88
26.69,26.69,67.56,65.13,64.43
26.06,26.06,77.61,67.97,66.18
29.32,29.32,83.02,66.32,68.31
30.77,30.77,76.93,63.25,71.43
27.41,27.41,71.00,62.71,70.73
27.87,27.87,74.50,67.23,71.18
26.41,26.41,66.91,63.70,72.64
23.68,23.68,59.41,68.33,73.19
22.61,22.61,59.69,72.01,69.73
22.42,22.42,58.27,61.79,72.81
24.45,24.45,55.47,67.82,73.13
24.78,24.78,55.86,74.75,74.32
25.43,25.43,55.47,67.58,71.59
24.13,24.13,52.45,69.57,72.42
26.16,26.16,52.71,73.90,76.34
26.82,26.82,51.89,69.48,72.97
28.72,28.72,51.71,68.10,72.21
27.72,27.72,52.16,74.16,72.25
30.88,30.88,50.27,71.44,73.43
32.89,32.89,49.71,71.39,74.90
30.18,30.18,50.51,71.54,71.71
27.50,27.50,49.50,73.16,73.25
26.18,26.18,49.30,71.71,74.49
25.13,25.13,48.58,72.53,72.80
23.91,23.91,49.69,71.51,76.06
27.72,27.72,50.77,71.91,72.04
30.54,30.54,50.69,74.23,73.07
28.69,28.69,52.10,70.70,75.90
27.87,27.87,50.01,71.49,73.79
26.35,26.35,49.54,71.97,71.00
27.82,27.82,49.97,72.31,73.57
29.19,29.19,49.69,70.67,71.67
30.63,30.63,49.77,70.43,74.14
25.07,25.07,49.42,71.98,73.27
27.39,27.39,49.74,70.04,72.61
28.68,28.68,52.06,71.44,71.76
27.29,27.29,51.94,71.75,72.67
28.87,28.87,52.21,68.96,71.89
29.60,29.60,50.33,71.13,73.09
29.16,29.16,51.62,73.41,71.66
28.96,28.96,52.08,66.35,70.11
29.88,29.88,53.74,69.14,71.21
27.47,27.47,51.35,73.87,70.67
25.20,25.20,49.64,67.43,71.07
26.66,26.66,52.01,68.48,70.19
24.11,24.11,56.27,73.78,70.73
18.33,18.33,66.10,72.06,71.58
14.24,14.24,76.50,67.64,69.50
15.99,15.99,78.58,62.50,64.90
10.03,10.03,77.81,57.54,65.65
8.83,8.83,75.00,57.77,67.36
7.65,7.65,73.44,60.35,66.71
14.56,14.56,71.19,56.45,69.06
13.38,13.38,65.93,60.53,70.78
17.98,17.98,63.50,65.94,69.46
23.25,23.25,58.50,63.76,71.00
28.90,28.90,54.95,64.01,71.81
30.46,30.46,53.53,66.91,74.07
30.43,30.43,51.88,69.00,72.74
30.43,30.43,52.19,70.35,72.00
30.23,30.23,52.80,70.43,74.93
30.03,30.03,51.18,70.19,73.90
31.18,31.18,48.45,71.65,73.02
34.11,34.11,49.40,69.42,72.71
34.74,34.74,48.34,71.91,75.26
33.84,33.84,47.72,72.43,74.35
34.76,34.76,49.29,69.31,72.39
33.59,33.59,49.35,73.91,72.87
30.95,30.95,48.76,71.42,74.53
31.83,31.83,48.41,71.83,72.17
32.76,32.76,48.99,74.11,75.46
32.72,32.72,49.03,71.66,72.37
34.25,34.25,48.02,73.23,73.18
32.66,32.66,48.21,74.52,75.15
32.16,32.16,47.61,72.14,73.84
34.81,34.81,48.51,74.91,70.28
31.30,31.30,47.54,74.66,70.72
34.01,34.01,48.02,73.08,72.47
36.33,36.33,48.08,75.65,74.30
34.63,34.63,48.12,73.31,74.33
32.15,32.15,55.37,73.27,74.37
31.09,31.09,61.92,75.07,69.50
29.85,29.85,76.80,67.55,65.65
30.98,30.98,83.21,50.95,68.77
33.87,33.87,78.17,58.98,71.71
32.50,32.50,74.20,64.18,71.03
35.21,35.21,69.32,67.30,73.43
34.67,34.67,60.98,68.41,73.15
33.95,33.95,58.14,66.78,72.35
33.56,33.56,52.22,72.01,71.76
31.50,31.50,50.43,70.13,72.33
29.55,29.55,57.96,73.64,72.02
24.80,24.80,65.31,72.89,72.77
19.37,19.37,80.28,66.72,67.00
21.43,21.43,80.27,68.40,67.48
26.41,26.41,78.41,69.22,70.95
30.16,30.16,68.76,70.69,69.42
29.85,29.85,74.72,67.88,71.71
31.88,31.88,69.92,65.89,72.33
32.93,32.93,60.18,59.28,73.71
33.10,33.10,54.72,70.26,72.47
31.63,31.63,56.00,68.49,72.74
30.46,30.46,53.42,71.01,74.00
31.13,31.13,52.84,72.04,74.50
33.44,33.44,49.48,71.76,73.49
34.96,34.96,46.51,73.97,73.34
36.09,36.09,43.96,73.52,75.71
34.18,34.18,44.33,72.51,74.38
34.15,34.15,44.94,73.67,72.46
35.16,35.16,44.67,72.50,73.61
34.14,34.14,44.93,75.38,73.71
35.48,35.48,43.51,73.69,73.13
34.25,34.25,41.84,71.82,71.73
34.95,34.95,43.51,76.48,71.69
36.91,36.91,42.32,73.39,74.56
36.13,36.13,41.47,74.38,73.82
35.25,35.25,43.36,76.72,73.83
34.16,34.16,45.97,72.09,75.20
32.46,32.46,43.98,74.50,74.84
32.04,32.04,44.67,75.22,74.86
33.09,33.09,46.14,73.25,73.33
33.24,33.24,45.11,74.65,72.35
33.56,33.56,43.53,73.66,73.22
35.07,35.07,41.57,74.72,72.42
35.99,35.99,42.39,75.26,73.28
35.29,35.29,42.18,73.93,73.27
36.51,36.51,43.47,76.07,74.00
36.38,36.38,41.43,74.93,74.28
35.63,35.63,43.31,73.64,74.83
35.06,35.06,41.76,76.12,74.06
34.72,34.72,41.04,75.25,71.55
35.73,35.73,43.40,74.22,72.20
37.17,37.17,43.47,77.62,73.96
37.10,37.10,43.83,74.38,72.61
36.24,36.24,41.98,74.89,73.36
35.92,35.92,43.40,77.76,73.15
34.72,34.72,46.79,73.54,72.81
26.01,26.01,57.05,75.83,73.97
20.40,20.40,65.21,76.33,69.99
24.18,24.18,76.66,71.05,67.47
13.80,13.80,78.29,65.73,65.97
11.30,11.30,78.57,56.52,65.55
11.99,11.99,73.16,55.98,68.67
8.49,8.49,72.65,41.04,70.33
9.46,9.46,71.52,49.51,67.68
13.95,13.95,67.39,43.15,73.16
21.53,21.53,60.94,31.04,70.06
26.07,26.07,55.54,27.61,73.50
32.54,32.54,50.65,28.04,71.51
33.21,33.21,48.80,25.78,74.23
37.17,37.17,47.40,28.69,74.83
36.29,36.29,46.41,19.10,73.80
37.66,37.66,45.00,19.10,75.19
35.53,35.53,42.05,27.13,74.98
35.00,35.00,40.44,27.55,73.81
35.54,35.54,40.91,27.21,73.32
34.47,34.47,40.00,18.86,72.07
35.43,35.43,39.78,21.86,74.00
37.51,37.51,39.39,30.07,74.11
35.08,35.08,40.74,28.60,75.48
33.00,33.00,39.27,25.48,76.65
33.09,33.09,40.28,16.96,74.19
32.10,32.10,40.23,11.93,74.18
33.30,33.30,40.32,21.76,76.26
32.31,32.31,38.60,28.65,75.67
34.08,34.08,39.00,30.15,74.97
34.25,34.25,39.65,22.89,76.32
32.43,32.43,39.36,20.11,76.07
31.95,31.95,40.90,20.36,73.90
30.94,30.94,37.70,25.06,72.84
29.83,29.83,40.08,24.18,74.71
28.13,28.13,40.16,18.91,73.58
27.40,27.40,37.48,18.85,76.60
24.72,24.72,38.52,19.80,76.27
22.65,22.65,37.20,21.70,76.27
21.26,21.26,37.37,20.04,74.78
20.07,20.07,38.42,21.93,75.22
22.84,22.84,37.68,19.60,75.32
26.07,26.07,39.20,22.77,74.69
28.28,28.28,39.41,18.89,76.08
26.48,26.48,37.63,15.12,77.20
28.00,28.00,38.18,14.38,76.63
28.27,28.27,42.49,23.26,74.00
24.10,24.10,48.72,27.51,73.77
19.79,19.79,54.63,29.74,77.05
16.19,16.19,63.97,45.44,73.22
12.57,12.57,79.98,53.44,64.16
17.14,17.14,81.34,62.68,66.81
20.47,20.47,71.48,69.73,73.27
20.00,20.00,72.98,67.29,72.22
14.87,14.87,72.30,65.55,71.18
15.23,15.23,65.64,70.06,70.15
11.37,11.37,62.05,69.74,69.50
9.11,9.11,62.00,67.52,69.98
15.20,15.20,62.83,63.24,71.50
24.73,24.73,62.20,73.14,70.74
22.31,22.31,61.34,69.51,71.32
15.14,15.14,63.77,65.22,69.31
11.82,11.82,64.44,70.50,68.20
17.42,17.42,64.60,73.51,70.14
12.18,12.18,65.07,66.44,71.11
9.93,9.93,65.54,69.22,70.75
7.05,7.05,65.99,73.83,72.88
6.40,6.40,66.24,75.39,70.05
9.33,9.33,65.75,68.17,69.89
9.78,9.78,67.14,71.74,72.28
12.02,12.02,66.07,72.69,75.42
13.38,13.38,67.11,73.65,74.90
14.95,14.95,65.45,73.15,73.11
14.78,14.78,65.95,70.57,70.68
8.90,8.90,64.88,73.08,68.70
10.31,10.31,66.34,73.51,70.96
13.28,13.28,64.96,72.45,69.90
13.97,13.97,65.85,71.77,69.99
14.51,14.51,63.95,72.04,71.98
13.12,13.12,65.02,72.12,72.34
13.08,13.08,63.26,72.12,71.36
15.84,15.84,63.46,71.00,70.14
14.87,14.87,63.02,72.42,72.24
13.81,13.81,64.43,72.17,73.62
12.05,12.05,63.31,71.14,73.69
15.78,15.78,63.34,70.53,71.03
17.05,17.05,62.87,72.24,71.31
19.75,19.75,62.53,72.46,76.21
19.68,19.68,62.51,69.00,70.36
17.58,17.58,63.16,69.61,73.46
17.12,17.12,63.40,73.56,71.90
13.07,13.07,61.98,71.01,74.06
15.92,15.92,62.71,66.58,73.10
13.51,13.51,62.60,67.09,71.33
8.73,8.73,65.13,72.54,73.18
9.35,9.35,71.83,65.97,69.71
19.24,19.24,77.93,67.75,65.36
21.24,21.24,77.60,62.28,67.18
14.96,14.96,76.47,64.76,66.64
7.46,7.46,75.46,60.35,70.06
7.76,7.76,71.90,63.04,72.01
11.16,11.16,68.40,66.62,70.09
10.73,10.73,64.73,68.71,69.38
14.83,14.83,63.45,65.45,68.11
21.24,21.24,61.74,66.22,69.99
25.85,25.85,60.64,71.05,71.34
24.79,24.79,60.64,68.78,70.84
21.59,21.59,60.55,70.72,70.85
23.22,23.22,60.48,69.83,71.98
22.44,22.44,60.11,72.38,70.36
24.22,24.22,59.74,70.86,73.11
27.40,27.40,60.58,72.87,72.75
28.65,28.65,60.93,73.40,74.07
24.41,24.41,60.98,72.64,71.56
27.11,27.11,60.25,71.79,70.09
30.83,30.83,60.52,73.43,72.78
31.42,31.42,60.15,74.27,75.61
29.87,29.87,60.20,72.37,75.45
29.89,29.89,60.33,72.30,74.68
29.69,29.69,59.45,73.81,73.21
26.86,26.86,59.70,73.27,70.64
25.88,25.88,59.61,72.49,70.37
28.62,28.62,59.23,73.93,69.43
29.75,29.75,59.72,74.82,71.40
28.38,28.38,59.84,73.07,70.54
30.01,30.01,58.50,73.24,73.17
29.99,29.99,57.73,74.43,71.76
27.74,27.74,59.33,75.24,71.54
29.68,29.68,58.97,73.10,74.01
25.12,25.12,61.95,72.86,73.33
26.82,26.82,66.07,70.60,73.15
25.48,25.48,81.05,67.75,65.04
26.73,26.73,81.05,67.05,66.59
27.07,27.07,76.63,64.21,73.63
27.23,27.23,72.62,67.56,70.66
29.09,29.09,64.45,66.25,72.97
30.22,30.22,63.74,68.69,71.12
29.99,29.99,56.19,70.73,72.98
29.49,29.49,55.12,71.77,73.93
25.69,25.69,57.18,71.87,73.49
19.22,19.22,61.38,70.39,73.16
19.54,19.54,69.10,68.36,72.66
19.62,19.62,80.83,63.70,63.11
23.60,23.60,79.96,55.93,71.11
25.86,25.86,76.74,56.06,70.75
27.14,27.14,69.63,61.00,71.96
30.59,30.59,72.68,62.78,74.17
27.86,27.86,68.78,66.87,71.31
31.95,31.95,58.56,69.26,70.81
33.79,33.79,61.09,66.75,71.85
30.21,30.21,58.20,64.98,71.55
31.20,31.20,54.41,69.28,72.21
32.48,32.48,54.98,69.16,73.08
33.15,33.15,55.57,69.03,72.94
31.00,31.00,54.59,71.02,73.09
30.60,30.60,54.87,71.88,70.94
31.74,31.74,56.76,71.45,70.59
33.04,33.04,55.34,70.36,71.42
35.21,35.21,56.23,70.51,72.45
33.26,33.26,55.37,71.49,71.99
31.07,31.07,55.06,71.30,69.49
32.33,32.33,55.02,70.11,71.89
33.93,33.93,54.81,70.84,75.18
34.92,34.92,56.12,73.36,74.47
31.13,31.13,55.60,69.52,74.03
30.14,30.14,55.21,69.49,72.79
29.07,29.07,54.67,70.59,72.13
29.74,29.74,53.67,72.24,72.72
29.95,29.95,54.01,69.20,72.16
32.43,32.43,53.67,70.32,72.26
33.16,33.16,52.08,71.77,72.29
35.88,35.88,52.16,70.91,73.52
34.49,34.49,51.79,68.22,72.90
32.57,32.57,51.43,69.39,73.42
33.89,33.89,51.43,72.75,73.99
31.84,31.84,52.44,67.99,73.78
34.35,34.35,53.20,67.42,72.34
33.81,33.81,53.09,69.86,70.52
35.29,35.29,52.64,72.30,70.99
34.70,34.70,51.54,68.10,70.92
34.44,34.44,52.34,67.78,71.56
33.50,33.50,52.52,70.58,75.25
35.95,35.95,52.39,70.19,71.93
33.72,33.72,52.11,67.69,74.12
34.48,34.48,52.53,67.98,73.05
30.87,30.87,54.67,71.59,72.32
20.42,20.42,60.97,67.65,68.64
17.32,17.32,71.44,66.22,68.06
20.33,20.33,78.52,61.17,65.02
17.43,17.43,78.11,59.52,63.30
19.68,19.68,75.43,61.70,67.33
15.51,15.51,76.29,59.58,68.77
13.73,13.73,71.88,63.62,68.28
12.50,12.50,69.38,56.44,67.80
18.50,18.50,65.39,58.89,66.47
28.08,28.08,60.60,59.99,67.68
32.60,32.60,57.67,67.89,70.08
34.73,34.73,56.50,63.04,69.85
35.40,35.40,56.24,64.88,69.80
35.47,35.47,54.55,67.67,69.13
35.18,35.18,54.61,68.09,68.95
33.90,33.90,55.94,66.98,68.90
33.38,33.38,55.89,65.93,68.71
35.91,35.91,54.06,66.68,70.06
36.11,36.11,54.96,72.08,72.44
36.28,36.28,55.55,66.95,72.07
37.64,37.64,54.70,65.98,68.05
37.52,37.52,55.67,67.55,70.76
37.58,37.58,54.51,71.59,74.54
36.59,36.59,53.61,67.07,76.00
34.02,34.02,54.88,68.26,74.41
27.79,27.79,57.82,68.21,72.69
23.86,23.86,56.01,70.23,69.08
24.84,24.84,56.35,74.88,69.19
24.67,24.67,56.21,70.12,68.31
27.79,27.79,56.86,73.67,69.33
30.82,30.82,55.66,71.89,70.38
34.49,34.49,54.31,71.56,72.30
35.21,35.21,53.34,66.98,73.80
33.38,33.38,52.64,69.99,68.40
31.55,31.55,52.54,64.31,71.39
31.35,31.35,52.85,58.80,73.40
27.75,27.75,55.47,52.38,73.92
27.20,27.20,57.83,71.40,71.62
28.06,28.06,56.73,64.22,69.45
29.79,29.79,56.24,73.44,75.22
30.36,30.36,55.73,72.80,71.44
31.87,31.87,57.23,74.22,70.53
31.69,31.69,53.41,65.91,70.71
32.84,32.84,53.11,66.85,72.20
34.49,34.49,53.55,65.60,74.13
31.31,31.31,54.98,65.13,70.19
31.23,31.23,60.39,67.89,70.87
30.07,30.07,65.65,61.41,74.88
23.24,23.24,79.34,59.13,67.18
23.35,23.35,83.32,56.85,69.98
26.57,26.57,74.59,61.87,71.83
25.52,25.52,75.06,65.86,72.27
23.16,23.16,69.93,67.07,74.95
22.26,22.26,64.64,66.62,72.78
23.77,23.77,62.80,65.89,71.29
23.29,23.29,61.53,65.01,70.59
25.71,25.71,61.28,69.14,72.83
26.00,26.00,58.87,69.40,72.14
29.42,29.42,58.60,67.18,73.47
31.03,31.03,59.46,64.81,72.77
31.61,31.61,59.17,64.18,72.51
28.22,28.22,58.84,64.28,71.43
27.39,27.39,59.97,66.62,71.31
26.96,26.96,59.48,64.28,71.78
29.36,29.36,59.43,64.92,71.52
30.53,30.53,59.56,59.62,71.10
32.32,32.32,59.28,63.43,71.83
30.82,30.82,58.68,65.85,71.89
30.40,30.40,58.28,63.83,74.15
33.25,33.25,57.28,66.04,75.31
32.35,32.35,55.35,66.68,76.22
30.55,30.55,54.82,67.50,74.52
29.12,29.12,55.58,67.61,71.83
26.06,26.06,55.41,67.54,72.47
25.76,25.76,54.43,67.98,71.88
23.41,23.41,53.76,66.71,74.68
27.18,27.18,54.53,66.11,73.16
31.45,31.45,53.29,67.13,73.61
31.76,31.76,52.93,68.40,73.59
33.35,33.35,54.94,67.68,74.01
32.67,32.67,53.50,67.89,74.32
31.52,31.52,53.82,67.40,70.70
31.21,31.21,54.67,68.22,72.69
31.48,31.48,53.52,67.74,72.80
28.53,28.53,54.49,66.73,74.28
32.38,32.38,52.89,67.12,73.06
30.77,30.77,52.72,67.72,72.51
29.19,29.19,53.50,66.83,71.56
26.06,26.06,53.72,66.62,70.64
26.39,26.39,53.31,67.67,69.99
30.11,30.11,53.88,68.67,72.01
27.36,27.36,55.60,67.57,72.53
23.35,23.35,59.37,66.43,70.70
12.74,12.74,64.32,66.66,71.60
9.50,9.50,78.48,62.71,66.89
11.48,11.48,77.35,60.51,65.89
13.60,13.60,77.22,66.19,67.69
12.28,12.28,76.84,63.02,69.28
4.26,4.26,73.89,64.51,69.03
6.12,6.12,71.94,57.41,69.84
12.37,12.37,67.04,37.12,70.32
19.38,19.38,64.52,46.49,69.79
27.16,27.16,61.16,44.56,70.53
30.43,30.43,58.72,42.60,70.33
31.36,31.36,57.47,40.43,70.71
28.08,28.08,59.23,41.99,70.60
27.91,27.91,66.73,50.94,70.45
26.07,26.07,81.78,54.00,66.51
28.73,28.73,82.23,53.40,67.79
31.46,31.46,67.93,60.90,70.89
33.43,33.43,71.71,64.82,70.42
33.86,33.86,68.68,67.59,71.64
32.09,32.09,68.17,71.41,71.16
33.08,33.08,60.41,70.50,71.33
31.78,31.78,56.41,72.60,73.38
32.32,32.32,53.89,74.37,74.95
33.25,33.25,50.14,73.60,74.01
32.57,32.57,52.08,73.92,72.97
30.93,30.93,51.59,71.69,69.91
28.78,28.78,51.29,75.87,68.84
28.91,28.91,51.34,75.29,72.37
30.17,30.17,49.65,76.76,71.81
31.40,31.40,48.04,75.76,70.63
28.64,28.64,46.57,77.14,71.39
27.75,27.75,46.86,77.23,70.75
28.82,28.82,46.02,76.57,71.83
30.13,30.13,46.24,77.66,70.87
30.49,30.49,46.32,75.41,71.84
30.57,30.57,47.28,78.06,71.44
26.66,26.66,46.69,76.34,71.86
25.62,25.62,45.81,78.23,72.76
24.56,24.56,47.24,75.45,72.11
24.35,24.35,46.32,77.13,73.44
24.65,24.65,44.80,77.43,70.33
23.50,23.50,46.48,76.69,71.33
21.53,21.53,44.93,77.93,66.71
21.22,21.22,45.21,75.48,69.15
23.49,23.49,47.20,78.52,70.54
19.56,19.56,48.81,76.54,68.86
13.73,13.73,54.85,77.78,68.21
16.16,16.16,66.83,72.12,67.83
21.52,21.52,73.91,68.43,69.67
14.52,14.52,82.46,61.07,62.99
19.19,19.19,80.97,54.11,68.84
22.48,22.48,78.03,55.08,69.47
24.97,24.97,71.51,62.74,71.33
25.57,25.57,64.66,70.06,69.86
26.00,26.00,58.52,68.30,73.64
25.29,25.29,57.23,66.67,73.05
20.62,20.62,57.12,71.91,72.45
22.48,22.48,55.86,66.02,72.98
22.69,22.69,54.14,70.06,74.67
22.57,22.57,52.64,70.48,75.28
22.33,22.33,53.00,71.68,72.58
24.15,24.15,52.36,69.58,74.16
23.87,23.87,51.24,69.29,74.90
23.42,23.42,49.95,70.47,71.74
20.71,20.71,50.72,70.81,72.85
24.30,24.30,51.99,68.82,72.37
23.74,23.74,51.22,72.23,74.08
23.04,23.04,51.08,69.78,74.17
26.56,26.56,51.42,69.33,72.91
26.31,26.31,50.36,71.47,74.11
25.09,25.09,48.81,73.03,73.62
24.30,24.30,51.62,69.59,74.21
24.65,24.65,50.07,70.08,75.95
26.49,26.49,49.88,73.79,72.37
26.23,26.23,48.20,70.92,75.18
25.71,25.71,49.24,70.69,74.41
27.61,27.61,49.44,74.33,72.59
25.75,25.75,49.56,69.38,72.18
26.46,26.46,50.84,69.19,69.71
26.46,26.46,51.10,71.81,71.30
28.09,28.09,50.03,72.63,74.68
27.22,27.22,48.28,69.27,73.06
28.14,28.14,51.55,71.52,73.55
28.22,28.22,50.77,72.45,72.12
29.11,29.11,50.74,69.68,74.78
30.34,30.34,50.65,72.44,74.05
30.74,30.74,51.00,75.81,73.72
29.81,29.81,51.76,71.75,73.91
27.44,27.44,51.32,74.28,75.78
25.06,25.06,50.95,75.29,73.57
25.49,25.49,51.68,73.01,73.29
21.12,21.12,55.52,73.49,72.82
13.95,13.95,63.26,73.42,71.16
16.73,16.73,74.40,72.80,68.53
14.57,14.57,76.50,66.55,66.43
11.24,11.24,77.89,67.37,65.06
4.91,4.91,75.59,65.81,68.52
9.41,9.41,73.67,66.54,67.49
13.03,13.03,72.13,68.79,67.69
12.30,12.30,67.30,67.56,70.39
17.25,17.25,63.70,68.33,72.88
21.31,21.31,60.92,69.87,73.19
28.41,28.41,56.18,69.74,71.95
30.52,30.52,53.31,70.65,74.69
30.75,30.75,53.27,70.39,75.77
31.21,31.21,53.00,69.07,75.20
29.79,29.79,50.91,69.97,74.64
30.93,30.93,49.48,71.45,73.43
32.71,32.71,49.53,68.49,75.52
33.23,33.23,48.99,71.32,72.42
33.60,33.60,49.65,72.93,74.26
32.26,32.26,49.75,69.68,73.31
32.82,32.82,49.59,70.77,73.99
33.07,33.07,50.42,71.77,75.00
33.21,33.21,51.71,72.22,71.49
28.59,28.59,57.21,69.24,74.31
28.03,28.03,69.48,67.43,71.92
25.82,25.82,79.57,64.83,67.10
24.93,24.93,83.39,57.10,69.59
28.65,28.65,76.71,53.10,68.75
30.97,30.97,72.98,58.13,74.13
31.24,31.24,72.86,55.97,75.54
32.97,32.97,73.35,57.53,73.77
30.84,30.84,69.38,51.01,72.93
31.61,31.61,61.03,60.39,71.87
32.71,32.71,55.32,62.00,74.07
30.18,30.18,52.08,66.84,74.30
28.52,28.52,53.52,59.77,72.82
30.92,30.92,50.96,64.55,73.06
30.18,30.18,51.33,64.51,74.22
31.27,31.27,51.18,69.89,74.13
29.01,29.01,50.92,65.82,75.02
30.96,30.96,50.90,64.50,75.89
31.70,31.70,49.57,69.16,74.11
31.58,31.58,50.03,64.89,72.88
31.54,31.54,51.16,63.46,73.39
30.75,30.75,50.15,71.81,73.88
27.32,27.32,51.57,66.70,73.70
22.16,22.16,53.61,67.14,74.20
17.29,17.29,59.56,70.16,74.38
18.92,18.92,66.39,72.38,74.73
17.93,17.93,64.14,68.04,75.79
16.18,16.18,61.58,70.74,72.72
16.36,16.36,58.75,71.59,71.87
19.69,19.69,58.62,69.35,71.18
21.14,21.14,54.97,69.30,71.46
22.28,22.28,54.37,71.42,73.21
24.11,24.11,53.02,72.02,72.56
25.29,25.29,52.04,67.54,71.10
27.22,27.22,51.66,71.07,72.91
27.66,27.66,51.64,74.02,73.11
27.71,27.71,51.23,69.86,74.99
29.06,29.06,51.78,72.29,71.57
27.68,27.68,51.30,76.08,71.17
25.75,25.75,52.23,70.92,76.08
26.34,26.34,51.65,71.65,71.26
27.56,27.56,51.92,76.09,72.64
29.46,29.46,51.31,71.55,70.98
31.20,31.20,49.61,71.68,72.80
30.70,30.70,50.51,75.07,72.09
30.56,30.56,50.11,74.63,70.98
31.24,31.24,50.18,72.60,73.17
28.25,28.25,48.22,73.72,74.45
26.05,26.05,50.47,74.93,73.28
23.75,23.75,55.10,71.82,75.33
23.82,23.82,58.16,72.85,73.20
18.98,18.98,57.03,75.99,75.13
19.61,19.61,57.00,72.16,72.24
21.57,21.57,56.18,73.25,71.09
22.86,22.86,55.51,77.50,69.94
25.01,25.01,58.43,72.54,69.75
25.75,25.75,58.22,71.61,69.61
24.14,24.14,58.19,77.16,71.03
22.75,22.75,57.11,73.72,70.97
23.63,23.63,57.65,71.92,72.11
22.21,22.21,56.34,75.68,72.25
23.69,23.69,58.16,75.10,71.02
23.13,23.13,56.69,69.49,70.87
25.21,25.21,56.07,72.24,71.75
25.34,25.34,56.95,75.69,71.75
25.58,25.58,57.65,70.56,73.25
22.97,22.97,56.37,72.81,72.58
20.85,20.85,56.94,76.76,73.09
17.51,17.51,58.22,72.82,70.94
14.65,14.65,61.37,73.03,68.50
10.49,10.49,67.75,76.46,65.60
18.75,18.75,80.74,69.87,61.99
17.77,17.77,78.97,64.53,64.18
15.41,15.41,76.12,62.37,64.44
9.24,9.24,74.95,58.18,67.04
5.25,5.25,72.09,56.91,68.19
7.03,7.03,67.69,50.85,70.17
15.11,15.11,66.57,43.57,69.41
23.30,23.30,64.84,39.92,69.80
29.33,29.33,58.10,25.35,69.13
31.40,31.40,57.87,34.71,70.90
30.74,30.74,57.11,29.21,71.09
31.68,31.68,54.20,32.20,70.73
29.75,29.75,54.63,18.53,70.50
31.86,31.86,54.29,15.71,71.12
30.79,30.79,54.35,28.56,69.50
29.42,29.42,55.63,23.10,71.72
29.91,29.91,53.96,26.70,68.74
30.72,30.72,54.43,15.56,71.75
27.79,27.79,53.73,20.48,71.37
30.38,30.38,51.90,24.64,71.38
28.94,28.94,52.91,28.72,70.98
29.77,29.77,52.40,23.29,70.84
29.42,29.42,54.43,16.43,71.83
31.01,31.01,52.76,12.33,72.23
30.66,30.66,53.19,23.98,73.16
29.62,29.62,52.63,25.62,72.32
30.40,30.40,53.66,17.69,72.23
29.32,29.32,51.20,11.36,69.79
32.81,32.81,51.82,9.67,71.19
32.84,32.84,50.87,13.83,71.58
30.26,30.26,51.41,15.69,69.78
28.83,28.83,51.05,9.09,71.51
28.39,28.39,50.87,9.41,68.67
30.66,30.66,53.18,14.01,70.88
31.40,31.40,51.06,11.68,71.36
30.05,30.05,51.36,14.18,71.13
28.17,28.17,51.92,14.32,71.52
30.80,30.80,50.96,7.96,71.01
30.64,30.64,51.89,11.89,70.10
31.34,31.34,51.85,11.01,72.29
30.07,30.07,51.24,17.89,71.59
31.43,31.43,52.16,22.35,72.27
31.59,31.59,51.22,24.36,73.34
31.04,31.04,50.99,33.05,72.44
26.67,26.67,53.79,33.96,69.54
22.31,22.31,59.39,39.19,66.52
18.08,18.08,76.21,45.42,68.95
15.46,15.46,83.14,51.72,63.45
21.86,21.86,79.69,54.50,70.32
25.58,25.58,73.87,59.63,71.37
25.33,25.33,74.87,61.77,71.67
21.88,21.88,74.99,64.81,70.41
19.31,19.31,73.55,70.03,69.78
18.29,18.29,64.09,67.67,71.54
15.46,15.46,60.23,67.96,69.95
14.05,14.05,60.90,73.80,69.82
13.41,13.41,63.22,70.74,67.75
13.63,13.63,62.53,70.88,68.31
15.39,15.39,62.22,74.20,68.14
17.90,17.90,62.69,74.10,68.22
16.70,16.70,63.41,72.51,69.98
15.97,15.97,63.77,71.35,70.73
13.16,13.16,63.79,72.25,72.13
13.98,13.98,65.25,74.31,69.67
12.84,12.84,64.43,73.55,69.24
11.57,11.57,63.70,70.99,72.45
14.25,14.25,63.32,72.37,74.84
14.20,14.20,64.01,72.94,75.27
16.80,16.80,62.36,72.48,73.79
16.43,16.43,63.69,72.84,67.54
15.41,15.41,62.93,71.83,68.15
15.07,15.07,64.24,72.85,66.09
16.27,16.27,63.20,71.87,67.31
15.01,15.01,63.77,71.64,66.87
15.76,15.76,63.11,71.59,69.70
16.58,16.58,62.95,71.67,70.60
16.16,16.16,62.95,70.45,70.87
16.27,16.27,62.57,71.98,70.28
14.98,14.98,62.14,70.38,71.55
16.79,16.79,61.76,70.46,71.49
17.74,17.74,62.23,69.26,68.42
14.72,14.72,61.90,70.02,69.78
14.18,14.18,62.92,68.09,69.58
13.36,13.36,62.13,70.89,71.77
15.84,15.84,61.90,67.11,71.69
17.63,17.63,62.31,66.30,70.22
16.20,16.20,61.98,67.73,71.67
17.96,17.96,61.74,68.96,70.06
20.11,20.11,61.51,68.05,69.98
17.30,17.30,61.12,66.90,70.14
18.01,18.01,61.19,71.03,72.82
17.97,17.97,61.24,67.04,75.48
16.23,16.23,60.89,70.47,71.72
17.07,17.07,60.53,69.09,69.88
17.44,17.44,61.41,71.55,69.29
17.80,17.80,61.93,70.85,71.15
20.46,20.46,61.32,70.72,71.05
20.77,20.77,61.10,70.98,69.87
21.34,21.34,60.14,70.27,70.03
19.21,19.21,59.83,72.47,73.21
17.80,17.80,59.83,67.79,75.56
20.95,20.95,59.97,71.06,74.71
22.13,22.13,60.12,73.31,75.73
23.80,23.80,60.30,71.67,74.48
22.37,22.37,60.13,68.94,73.23
19.62,19.62,60.67,70.20,71.09
19.35,19.35,60.66,74.89,70.42
18.56,18.56,60.01,71.78,70.32
22.95,22.95,60.18,72.00,71.50
23.45,23.45,59.91,72.85,73.71
22.29,22.29,58.11,74.70,75.65
22.44,22.44,58.15,71.90,72.19
23.10,23.10,58.19,72.90,73.19
23.33,23.33,57.83,74.27,73.07
26.36,26.36,58.63,74.92,71.47
27.31,27.31,59.52,70.95,71.67
26.11,26.11,57.77,72.91,70.67
27.86,27.86,57.07,76.73,71.65
24.88,24.88,57.24,73.89,71.94
24.94,24.94,58.10,73.09,71.72
25.81,25.81,58.93,72.87,71.72
23.47,23.47,58.90,77.52,70.18
24.86,24.86,57.86,73.46,69.80
25.07,25.07,57.50,73.27,70.51
26.41,26.41,57.08,74.84,69.67
26.34,26.34,57.40,76.29,70.02
28.85,28.85,58.41,71.98,70.82
27.70,27.70,57.98,73.40,73.27
28.30,28.30,58.42,77.23,73.09
27.38,27.38,56.70,74.48,70.94
26.80,26.80,57.70,72.62,72.09
26.90,26.90,57.95,72.03,72.53
29.36,29.36,58.19,77.01,72.16
29.72,29.72,57.44,72.51,72.50
30.33,30.33,57.94,71.91,73.03
29.10,29.10,59.26,74.08,73.79
30.20,30.20,58.75,75.05,70.38
30.70,30.70,60.12,70.49,71.49
31.16,31.16,59.59,72.32,72.81
33.06,33.06,58.70,77.19,70.43
29.74,29.74,58.81,73.93,73.53
32.29,32.29,57.88,70.88,71.04
32.51,32.51,58.87,70.40,71.38
32.30,32.30,58.94,76.92,69.70
34.69,34.69,58.60,72.89,70.05
32.12,32.12,58.17,70.89,71.11
32.73,32.73,59.79,73.50,70.30
33.15,33.15,60.44,75.48,70.15
33.87,33.87,58.16,72.09,70.35
37.39,37.39,59.01,71.18,72.80
35.28,35.28,59.99,75.47,72.14
33.77,33.77,59.39,74.23,70.28
35.29,35.29,60.16,68.79,72.07
33.54,33.54,60.73,70.16,71.54
33.31,33.31,59.98,76.70,71.67
32.56,32.56,60.16,71.03,73.43
33.73,33.73,60.39,70.00,73.17
33.43,33.43,62.63,71.46,70.60
33.28,33.28,62.14,76.01,70.98
33.37,33.37,61.36,71.26,71.18
34.06,34.06,62.07,70.44,70.60
32.56,32.56,61.08,73.89,74.04
33.65,33.65,61.85,73.61,73.66
34.37,34.37,61.56,67.30,73.22
30.28,30.28,61.42,70.63,72.84
31.62,31.62,61.69,74.14,73.45
31.64,31.64,61.92,72.24,74.08
30.49,30.49,63.10,70.51,72.43
31.29,31.29,62.02,69.08,72.63
29.35,29.35,62.32,74.16,72.05
31.60,31.60,63.58,68.98,73.99
29.95,29.95,62.72,69.75,71.33
31.30,31.30,62.83,69.38,73.24
29.95,29.95,63.86,71.94,72.07
26.25,26.25,64.23,68.86,73.21
23.12,23.12,63.56,68.64,73.94
24.04,24.04,64.13,71.33,71.59
21.93,21.93,63.68,70.95,71.35
21.77,21.77,64.55,65.83,72.36
24.33,24.33,64.73,65.03,73.87
23.84,23.84,65.13,70.83,74.21
21.93,21.93,65.50,68.12,75.19
17.77,17.77,66.32,64.22,73.81
9.86,9.86,68.43,63.65,69.76
7.11,7.11,72.53,71.30,64.16
9.45,9.45,79.54,66.02,57.83
8.73,8.73,78.76,61.39,55.59
10.79,10.79,75.93,50.50,55.34
15.31,15.31,75.27,38.52,58.41
11.59,11.59,72.49,38.02,55.34
14.25,14.25,67.96,31.09,53.48
16.18,16.18,63.37,26.62,48.69
15.44,15.44,52.84,26.06,40.00
15.61,15.61,44.33,27.21,36.95
16.20,16.20,40.94,15.15,32.07
16.98,16.98,47.13,28.23,31.96
16.71,16.71,42.71,26.91,30.86
18.15,18.15,30.49,21.22,30.95
17.17,17.17,40.91,22.40,28.98
17.33,17.33,43.89,29.62,29.94
17.21,17.21,38.31,26.70,28.58
18.32,18.32,28.73,21.43,24.31
18.45,18.45,36.45,20.13,24.95
19.86,19.86,38.71,26.53,27.74
20.31,20.31,32.03,23.91,26.81
19.96,19.96,29.68,22.25,22.90
18.51,18.51,32.19,19.63,22.68
19.17,19.17,32.06,22.46,24.56
19.73,19.73,29.98,24.35,25.56
21.07,21.07,28.85,23.75,24.93
20.68,20.68,27.55,17.84,22.69
21.26,21.26,29.26,20.79,22.10
20.85,20.85,31.77,23.65,25.79
20.95,20.95,28.91,21.95,26.48
21.67,21.67,29.42,20.14,26.42
20.79,20.79,30.76,23.35,25.13
21.41,21.41,28.87,21.69,22.96
21.53,21.53,28.65,21.00,20.82
22.96,22.96,28.88,19.57,21.66
24.25,24.25,28.81,21.90,22.02
22.15,22.15,29.90,18.62,20.94
21.32,21.32,29.31,17.89,21.36
21.04,21.04,30.22,18.10,21.40
21.77,21.77,26.21,16.57,24.20
22.93,22.93,30.42,16.23,24.08
23.57,23.57,27.37,15.86,22.51
23.10,23.10,30.84,14.40,21.17
20.59,20.59,29.45,13.85,21.25
19.26,19.26,29.44,11.71,25.83
14.80,14.80,41.10,32.24,39.77
21.31,21.31,58.57,38.41,56.81
20.02,20.02,82.76,48.26,63.24
17.08,17.08,82.29,51.29,65.36
23.06,23.06,77.04,60.55,70.94
23.98,23.98,73.67,58.26,70.69
28.92,28.92,74.16,61.90,72.38
29.69,29.69,65.48,63.85,71.71
30.51,30.51,62.54,66.12,72.38
30.98,30.98,59.35,67.21,73.51
30.27,30.27,57.20,69.00,73.06
30.12,30.12,56.87,69.19,73.61
29.64,29.64,58.38,68.07,73.69
31.93,31.93,58.20,72.63,72.37
33.41,33.41,58.08,68.20,73.54
31.55,31.55,57.68,69.91,73.06
33.94,33.94,57.82,69.89,72.77
34.23,34.23,57.21,70.51,75.06
34.63,34.63,55.21,68.37,74.53
35.89,35.89,55.94,69.86,71.31
36.88,36.88,55.88,70.42,73.37
36.31,36.31,56.70,67.68,75.31
40.22,40.22,56.94,70.29,74.84
36.91,36.91,55.67,70.97,74.34
33.40,33.40,55.92,70.26,72.60
32.21,32.21,55.19,72.42,72.70
31.99,31.99,55.01,71.75,73.12
31.45,31.45,55.33,71.02,73.20
32.58,32.58,54.85,72.21,71.86
30.67,30.67,54.21,74.25,72.46
32.17,32.17,52.87,74.13,72.12
32.13,32.13,53.27,74.51,72.92
30.69,30.69,52.78,74.58,73.10
29.72,29.72,53.52,74.91,73.24
28.69,28.69,53.28,74.47,72.78
32.10,32.10,51.38,74.27,74.12
32.90,32.90,52.32,75.52,72.58
33.38,33.38,52.93,75.82,73.17
34.94,34.94,53.64,74.98,72.80
33.26,33.26,52.18,74.62,73.06
32.74,32.74,53.63,74.65,73.33
32.22,32.22,53.95,75.78,74.82
30.12,30.12,52.70,75.56,73.17
29.79,29.79,53.18,75.20,72.82
29.52,29.52,53.20,75.31,73.08
26.99,26.99,55.61,75.38,71.84
18.11,18.11,63.42,74.48,71.38
16.89,16.89,71.16,73.96,69.46
18.84,18.84,79.61,67.12,64.27
17.46,17.46,77.72,61.57,64.78
5.22,5.22,76.75,54.80,65.90
6.23,6.23,75.64,38.31,66.39
7.68,7.68,72.28,41.97,67.73
14.96,14.96,70.10,25.06,69.47
25.15,25.15,64.54,20.07,69.30
32.95,32.95,63.81,19.68,68.92
37.55,37.55,59.90,18.44,70.86
36.37,36.37,56.07,19.62,74.34
37.13,37.13,55.42,17.63,74.56
38.52,38.52,56.30,23.22,74.26
38.28,38.28,54.96,19.49,74.65
37.62,37.62,55.71,18.59,74.28
36.61,36.61,56.18,19.55,72.47
37.07,37.07,54.52,24.11,73.14
37.46,37.46,55.63,27.65,72.45
37.60,37.60,53.94,19.11,72.49
40.66,40.66,54.97,17.84,73.39
37.02,37.02,54.82,23.37,73.37
35.04,35.04,55.79,32.13,75.93
33.57,33.57,60.01,38.88,73.56
29.78,29.78,66.06,48.93,72.39
26.75,26.75,82.44,54.20,66.64
29.15,29.15,81.13,52.46,69.75
32.15,32.15,76.11,54.11,70.19
31.97,31.97,74.85,62.90,70.91
33.68,33.68,68.02,68.18,73.04
32.91,32.91,61.25,69.06,73.00
30.24,30.24,60.13,72.37,70.51
29.98,29.98,55.38,75.84,73.38
33.20,33.20,58.11,75.14,73.12
31.41,31.41,56.15,75.28,72.60
31.15,31.15,58.93,72.96,71.94
31.20,31.20,56.05,75.20,73.26
31.86,31.86,52.72,75.72,72.77
30.91,30.91,51.69,76.02,72.40
33.01,33.01,51.44,77.29,71.70
33.35,33.35,49.84,76.56,73.53
35.72,35.72,49.29,75.97,73.22
36.39,36.39,50.00,75.79,73.49
33.32,33.32,48.74,75.48,72.65
34.28,34.28,48.30,77.46,73.07
33.54,33.54,50.42,76.96,72.06
29.54,29.54,56.09,75.10,73.58
29.54,29.54,63.41,71.71,68.51
24.67,24.67,76.46,72.85,68.28
25.66,25.66,81.08,63.57,66.04
28.37,28.37,78.47,58.58,71.44
29.81,29.81,73.53,52.21,71.68
28.27,28.27,75.97,61.32,72.69
29.34,29.34,67.14,63.54,73.57
31.42,31.42,58.53,70.67,73.87
33.93,33.93,56.15,66.81,74.47
33.60,33.60,57.51,65.53,73.84
34.10,34.10,55.41,70.34,75.51
32.93,32.93,51.96,68.18,75.64
32.10,32.10,52.03,67.67,73.98
33.69,33.69,48.89,71.74,74.22
34.67,34.67,49.59,70.17,76.36
30.76,30.76,49.42,72.05,74.62
33.90,33.90,50.92,71.03,75.17
33.76,33.76,50.51,71.96,73.52
33.99,33.99,50.30,72.81,74.76
36.57,36.57,49.76,68.61,75.41
38.62,38.62,51.72,72.99,73.90
36.42,36.42,50.78,69.83,74.58
34.44,34.44,50.04,67.44,73.90
35.97,35.97,50.41,75.02,72.13
35.37,35.37,50.94,67.20,75.06
34.34,34.34,49.92,68.03,74.22
33.80,33.80,49.24,76.01,73.48
31.24,31.24,49.84,68.52,75.99
31.96,31.96,49.68,68.69,73.99
30.23,30.23,50.79,73.85,71.44
31.65,31.65,50.70,71.74,72.19
34.12,34.12,50.37,70.03,73.42
34.31,34.31,49.47,72.47,71.97
35.93,35.93,50.47,73.81,71.88
33.37,33.37,50.15,67.67,75.35
36.65,36.65,51.33,70.78,73.82
36.73,36.73,50.41,75.36,74.91
33.66,33.66,50.47,64.89,75.01
35.63,35.63,51.73,66.01,75.18
35.81,35.81,52.01,76.11,73.85
34.20,34.20,51.69,63.64,74.57
35.52,35.52,52.22,64.93,76.07
34.35,34.35,50.41,75.73,74.82
33.85,33.85,52.47,68.16,74.43
34.11,34.11,54.31,65.65,72.77
28.35,28.35,57.41,75.58,71.85
23.41,23.41,62.58,71.68,72.05
20.89,20.89,74.79,66.36,69.36
18.59,18.59,78.96,69.58,64.33
13.35,13.35,77.75,66.00,62.95
12.41,12.41,75.21,60.39,64.45
9.87,9.87,74.57,63.56,66.67
15.76,15.76,71.04,69.62,68.81
17.28,17.28,65.69,63.60,70.82
26.26,26.26,64.46,62.37,73.29
32.25,32.25,60.30,70.78,75.13
34.64,34.64,55.95,65.29,75.20
34.77,34.77,54.77,68.67,75.89
36.98,36.98,53.17,73.67,75.13
38.94,38.94,52.81,67.99,74.08
40.10,40.10,52.43,70.14,73.19
41.05,41.05,51.96,72.39,72.85
38.78,38.78,50.23,71.34,73.18
39.48,39.48,50.89,71.08,74.20
40.67,40.67,50.46,72.18,73.33
41.12,41.12,49.63,73.51,73.56
38.53,38.53,51.32,71.02,74.30
37.90,37.90,50.80,71.37,72.99
35.96,35.96,53.86,76.01,72.65
35.15,35.15,51.35,72.40,71.92
35.52,35.52,51.75,72.18,72.90
35.74,35.74,52.48,76.14,73.91
35.98,35.98,50.12,71.08,72.28
36.13,36.13,50.09,71.41,74.75
35.07,35.07,50.05,74.67,75.15
37.06,37.06,49.82,71.54,75.74
36.03,36.03,49.99,72.66,74.32
37.80,37.80,49.69,73.39,74.35
37.76,37.76,50.76,72.80,78.06
35.59,35.59,49.86,70.77,77.71
36.45,36.45,55.70,71.38,75.62
35.34,35.34,63.73,71.35,73.06
36.39,36.39,74.86,66.97,70.27
33.72,33.72,80.86,61.49,67.95
36.97,36.97,78.64,64.86,75.28
36.72,36.72,70.56,63.95,77.32
38.20,38.20,69.84,62.18,76.44
38.06,38.06,59.61,64.63,79.04
38.44,38.44,65.08,65.37,79.13
38.73,38.73,57.10,66.30,73.53
36.48,36.48,52.51,69.85,73.72
33.76,33.76,56.36,66.37,73.56
27.48,27.48,65.18,72.19,72.49
24.35,24.35,76.23,66.55,70.05
23.82,23.82,80.59,53.58,66.74
29.66,29.66,76.93,65.38,72.53
32.82,32.82,71.44,65.90,71.23
33.00,33.00,76.55,65.68,74.23
34.44,34.44,68.84,64.46,75.94
35.09,35.09,66.22,63.66,73.80
35.17,35.17,58.51,67.49,72.85
33.46,33.46,55.17,64.75,75.18
32.61,32.61,56.09,67.44,75.14
33.96,33.96,58.36,66.75,75.45
33.17,33.17,52.76,66.17,76.03
32.99,32.99,50.60,65.34,75.24
35.89,35.89,51.08,71.89,76.45
35.86,35.86,51.49,67.34,74.72
33.95,33.95,50.91,71.39,72.95
33.44,33.44,50.93,70.93,76.04
33.29,33.29,50.34,69.45,75.29
36.40,36.40,51.93,70.36,74.21
35.46,35.46,50.94,69.22,75.56
36.35,36.35,52.52,70.65,76.78
34.65,34.65,50.94,71.28,78.23
35.02,35.02,50.44,69.05,75.57
34.53,34.53,50.02,72.28,72.61
34.69,34.69,50.21,70.26,71.32
35.41,35.41,50.15,68.18,72.31
37.75,37.75,52.65,74.34,73.48
40.01,40.01,54.12,70.54,74.85
38.90,38.90,51.28,70.51,75.05
34.96,34.96,49.79,74.52,75.34
33.27,33.27,48.68,69.64,72.74
33.81,33.81,48.12,71.82,73.14
36.34,36.34,48.76,74.06,72.96
34.82,34.82,48.36,70.53,74.68
35.75,35.75,49.53,72.62,75.71
37.26,37.26,50.22,72.63,75.60
37.61,37.61,47.66,72.56,74.01
36.21,36.21,47.39,72.70,74.29
34.58,34.58,48.45,72.05,71.97
33.76,33.76,47.65,73.69,73.08
35.12,35.12,48.25,74.00,74.63
36.39,36.39,47.75,72.26,72.89
36.32,36.32,46.55,75.00,72.32
34.09,34.09,49.33,73.73,73.59
25.26,25.26,55.62,72.35,74.22
18.56,18.56,63.53,76.15,70.90
20.68,20.68,76.39,69.22,68.18
22.02,22.02,77.34,63.04,65.43
20.26,20.26,77.91,57.58,64.41
12.00,12.00,74.24,58.53,67.91
11.71,11.71,73.09,47.65,68.13
11.03,11.03,71.06,41.85,70.84
17.64,17.64,65.38,25.89,73.20
26.43,26.43,60.59,30.29,75.20
32.37,32.37,55.93,22.94,74.38
36.01,36.01,56.05,19.30,72.57
37.35,37.35,55.92,22.97,73.99
38.71,38.71,52.89,21.65,75.15
38.26,38.26,48.53,17.66,73.52
37.54,37.54,49.92,17.75,72.47
38.03,38.03,48.41,20.83,72.54
37.17,37.17,47.56,23.03,73.43
36.36,36.36,45.55,20.26,73.74
36.91,36.91,44.44,20.11,70.61
37.40,37.40,44.27,17.42,74.82
36.32,36.32,46.43,20.25,74.80
35.35,35.35,45.63,17.88,72.50
36.46,36.46,45.36,19.23,74.57
35.66,35.66,43.63,14.83,75.65
36.04,36.04,44.65,17.20,76.33
35.74,35.74,43.80,19.51,75.79
31.18,31.18,41.13,20.41,73.44
34.20,34.20,41.83,16.68,73.30
30.94,30.94,40.56,14.35,72.66
32.44,32.44,39.58,11.86,74.96
33.74,33.74,39.82,14.05,73.82
31.41,31.41,39.51,14.66,72.55
30.01,30.01,38.71,14.35,73.99
28.96,28.96,38.50,16.93,73.41
25.77,25.77,38.49,15.00,74.90
24.79,24.79,38.46,17.38,75.96
26.00,26.00,37.28,21.37,76.59
24.99,24.99,35.00,21.42,74.29
24.31,24.31,36.46,23.31,76.40
25.68,25.68,37.38,19.44,73.83
26.40,26.40,36.10,18.87,75.44
27.31,27.31,35.16,21.56,74.84
26.90,26.90,33.52,15.42,75.69
27.56,27.56,37.65,19.47,75.81
27.04,27.04,37.35,32.59,73.51
24.49,24.49,45.98,52.25,73.66
21.98,21.98,61.52,54.23,75.24
20.64,20.64,66.70,62.01,73.34
18.38,18.38,78.85,53.02,66.50
20.70,20.70,82.42,53.12,64.07
28.75,28.75,71.93,56.79,70.93
31.10,31.10,73.15,60.71,71.68
27.37,27.37,73.66,68.65,68.83
26.28,26.28,66.74,66.61,69.34
23.03,23.03,61.65,68.30,69.11
23.84,23.84,58.47,69.98,71.53
22.13,22.13,59.63,70.48,71.96
22.81,22.81,59.57,71.77,72.87
19.19,19.19,60.52,69.35,71.90
19.93,19.93,63.68,72.78,69.74
19.34,19.34,62.21,72.52,69.85
18.35,18.35,61.84,71.84,66.40
19.38,19.38,62.50,71.09,68.55
18.13,18.13,63.76,71.51,70.50
17.78,17.78,62.52,69.02,72.43
19.73,19.73,63.48,72.03,71.67
18.18,18.18,63.28,72.17,70.72
19.17,19.17,62.18,68.98,72.13
20.31,20.31,61.89,67.13,74.71
19.96,19.96,61.98,68.99,74.85
21.22,21.22,61.51,69.79,73.54
19.23,19.23,63.90,68.35,70.66
19.18,19.18,63.09,67.94,67.27
17.73,17.73,62.84,69.69,69.57
17.31,17.31,63.73,67.81,68.46
16.57,16.57,63.50,69.16,69.08
16.64,16.64,62.19,66.05,71.02
15.22,15.22,62.86,66.19,72.39
16.44,16.44,63.73,68.64,72.82
17.27,17.27,63.39,68.96,70.23
15.80,15.80,61.93,67.54,73.31
16.92,16.92,62.54,64.98,73.13
16.22,16.22,62.54,69.97,71.28
18.65,18.65,61.53,66.99,70.39
18.65,18.65,63.25,66.08,70.03
19.51,19.51,62.89,68.41,70.84
19.61,19.61,63.58,70.49,72.46
20.13,20.13,62.64,70.86,72.21
18.21,18.21,62.51,69.30,72.30
17.73,17.73,62.45,70.57,71.81
16.91,16.91,62.31,70.71,71.07
15.68,15.68,63.31,70.11,71.91
13.42,13.42,65.39,67.57,72.12
12.79,12.79,69.78,66.07,72.25
20.13,20.13,77.79,67.17,66.37
12.68,12.68,78.16,65.64,63.60
7.93,7.93,76.93,62.56,62.16
5.98,5.98,76.23,67.64,64.77
7.40,7.40,71.93,68.65,67.65
12.41,12.41,71.03,64.62,66.30
19.63,19.63,67.27,66.75,66.93
22.38,22.38,64.01,68.40,69.37
26.61,26.61,59.75,69.48,72.61
29.25,29.25,58.90,69.20,74.40
30.20,30.20,59.21,71.15,73.45
29.71,29.71,58.71,72.01,74.67
29.89,29.89,57.70,73.64,74.40
31.10,31.10,55.78,69.84,71.77
29.53,29.53,56.53,73.09,70.64
30.36,30.36,58.02,75.90,70.66
30.76,30.76,56.21,73.48,68.23
34.65,34.65,57.38,73.51,70.96
36.15,36.15,55.47,73.42,75.14
37.10,37.10,56.77,75.23,74.42
34.97,34.97,55.65,74.04,69.86
33.92,33.92,56.49,74.33,70.58
33.01,33.01,57.06,75.08,68.49
36.86,36.86,56.23,76.35,68.90
34.20,34.20,54.70,72.96,70.11
34.42,34.42,53.12,74.99,71.51
33.02,33.02,53.17,77.67,71.93
33.73,33.73,54.01,76.26,70.70
35.20,35.20,54.51,73.58,73.34
32.92,32.92,52.30,73.38,71.93
31.38,31.38,52.63,77.58,70.76
32.22,32.22,53.21,74.92,70.64
32.30,32.30,54.65,73.36,72.30
33.29,33.29,57.51,74.25,69.05
34.11,34.11,65.32,73.92,70.41
31.24,31.24,79.71,69.90,69.26
33.99,33.99,79.87,69.65,70.11
35.41,35.41,78.02,67.96,70.47
37.29,37.29,71.92,72.18,70.59
37.36,37.36,63.89,67.62,73.03
35.88,35.88,62.09,68.79,72.64
36.86,36.86,58.03,73.99,70.40
35.67,35.67,56.78,70.74,72.33
33.91,33.91,56.06,70.93,73.22
29.02,29.02,59.98,72.44,69.03
25.14,25.14,66.36,74.51,69.10
20.73,20.73,80.45,62.34,68.27
26.20,26.20,80.88,62.48,66.69
29.53,29.53,75.03,61.83,70.57
30.07,30.07,68.39,60.47,72.13
32.56,32.56,74.29,64.39,69.36
33.46,33.46,70.66,65.96,71.98
32.36,32.36,60.75,74.03,71.55
35.69,35.69,62.34,70.39,71.74
34.86,34.86,59.66,70.42,71.62
37.03,37.03,54.47,70.44,70.55
35.71,35.71,56.61,72.56,71.58
35.10,35.10,53.51,72.03,70.84
33.62,33.62,52.10,70.38,72.29
35.21,35.21,52.30,73.21,71.82
34.57,34.57,54.11,73.57,70.36
36.08,36.08,53.17,69.38,70.07
37.89,37.89,52.94,71.31,70.86
36.64,36.64,53.21,74.31,69.53
38.53,38.53,53.26,73.83,71.26
38.01,38.01,54.42,71.43,72.81
40.10,40.10,52.84,71.39,71.10
37.75,37.75,52.36,74.08,71.17
38.39,38.39,52.23,73.33,69.76
38.07,38.07,52.49,70.55,69.96
36.44,36.44,51.57,70.90,72.27
34.44,34.44,52.74,75.20,71.55
32.82,32.82,53.50,69.89,69.79
32.60,32.60,55.48,70.95,72.36
32.74,32.74,54.35,71.85,70.92
31.00,31.00,54.29,73.46,69.91
33.73,33.73,53.25,67.87,71.55
35.06,35.06,53.27,68.96,71.76
35.97,35.97,51.96,70.73,70.55
36.43,36.43,54.00,71.00,71.98
36.77,36.77,54.31,65.29,70.07
37.04,37.04,53.36,60.59,70.56
36.47,36.47,54.05,72.86,69.77
36.12,36.12,53.23,66.22,68.38
37.26,37.26,53.99,62.70,68.69
34.77,34.77,54.40,65.60,67.91
33.85,33.85,53.84,72.67,68.91
33.27,33.27,54.23,62.16,70.57
33.22,33.22,55.17,67.38,71.85
31.00,31.00,56.84,67.21,72.12
22.05,22.05,61.36,72.75,69.11
18.59,18.59,69.13,62.12,66.11
17.10,17.10,79.30,65.68,63.81
21.85,21.85,78.81,68.47,59.68
16.74,16.74,77.07,59.48,62.15
9.72,9.72,77.78,57.20,64.08
9.66,9.66,72.12,51.94,62.08
10.07,10.07,71.19,59.92,66.02
12.30,12.30,66.36,64.50,67.93
23.99,23.99,62.14,62.70,70.15
32.48,32.48,58.72,63.39,70.61
36.40,36.40,57.78,65.91,69.61
36.41,36.41,56.46,63.88,69.20
36.89,36.89,54.67,64.85,68.27
39.12,39.12,54.45,70.37,68.40
39.54,39.54,53.39,67.81,70.86
38.27,38.27,52.32,64.82,73.94
38.79,38.79,52.31,66.42,72.28
38.61,38.61,53.08,71.14,69.99
38.56,38.56,52.99,66.82,70.53
39.85,39.85,50.96,65.03,70.76
39.64,39.64,51.46,69.68,70.64
39.43,39.43,51.41,69.06,70.94
37.46,37.46,51.16,65.48,70.61
38.71,38.71,50.28,66.65,70.79
37.84,37.84,50.08,72.33,70.44
38.22,38.22,49.99,66.55,71.35
38.85,38.85,49.82,64.97,70.86
34.69,34.69,49.33,67.34,73.60
34.18,34.18,49.94,72.54,72.57
33.25,33.25,51.69,67.68,71.36
32.24,32.24,49.49,69.09,74.14
33.58,33.58,49.51,68.06,71.32
34.71,34.71,49.58,67.93,73.75
34.71,34.71,50.28,70.44,73.35
33.48,33.48,50.75,63.55,68.80
35.14,35.14,49.25,59.81,69.90
35.96,35.96,51.01,60.21,72.22
38.89,38.89,50.00,60.20,75.72
38.85,38.85,49.73,60.43,73.01
38.18,38.18,50.67,56.34,70.71
37.87,37.87,50.89,52.79,71.22
34.27,34.27,50.72,55.67,70.90
37.22,37.22,52.26,51.95,69.69
33.56,33.56,51.10,56.99,70.99
33.15,33.15,51.71,65.19,70.15
33.54,33.54,55.18,70.66,68.70
32.82,32.82,61.11,70.36,68.69
28.29,28.29,80.19,63.94,65.90
24.64,24.64,82.48,60.39,62.58
25.88,25.88,79.76,68.07,67.24
27.45,27.45,71.27,74.46,69.38
28.57,28.57,72.78,73.94,70.16
31.18,31.18,67.94,74.04,70.70
34.08,34.08,60.39,71.31,68.43
33.21,33.21,57.08,73.52,72.23
34.91,34.91,57.62,73.16,73.96
34.89,34.89,55.43,75.44,74.17
34.03,34.03,54.77,74.33,73.94
34.97,34.97,51.83,74.83,73.88
35.39,35.39,50.05,74.24,74.10
33.96,33.96,49.24,74.24,73.09
35.28,35.28,48.36,75.63,71.53
35.77,35.77,48.73,76.80,72.42
35.03,35.03,47.86,77.66,72.14
35.92,35.92,47.83,75.94,73.67
37.00,37.00,48.76,75.96,72.96
36.79,36.79,48.37,76.33,73.16
36.98,36.98,48.45,77.43,74.17
36.85,36.85,47.51,79.02,74.75
36.36,36.36,45.85,77.72,74.02
36.16,36.16,48.45,77.04,74.41
36.45,36.45,47.92,76.47,72.28
35.41,35.41,47.35,76.23,73.28
35.27,35.27,46.28,77.35,72.61
33.89,33.89,45.48,78.32,71.26
35.26,35.26,46.30,78.94,71.49
32.99,32.99,43.95,77.61,72.03
32.66,32.66,45.23,77.41,72.01
34.01,34.01,46.11,78.04,73.51
35.80,35.80,45.91,78.13,73.76
35.44,35.44,45.83,78.97,73.09
34.50,34.50,45.34,79.63,74.34
35.01,35.01,45.10,78.41,73.19
33.04,33.04,44.03,78.05,72.66
34.75,34.75,44.64,77.57,71.51
33.48,33.48,42.04,78.43,72.31
35.40,35.40,43.13,78.70,69.44
32.68,32.68,42.57,79.63,71.36
32.55,32.55,40.68,78.47,72.52
32.25,32.25,41.16,78.56,71.61
31.53,31.53,43.17,78.92,72.40
29.55,29.55,48.60,78.82,71.15
23.23,23.23,57.58,78.75,70.00
19.10,19.10,67.25,79.07,67.59
11.33,11.33,78.74,73.02,68.01
10.87,10.87,76.93,65.72,67.18
11.60,11.60,77.23,66.23,66.09
14.54,14.54,76.68,65.79,65.07
11.56,11.56,72.44,67.72,65.38
10.33,10.33,72.13,70.31,66.41
13.86,13.86,66.00,69.47,69.97
23.31,23.31,62.67,70.17,69.74
29.04,29.04,56.22,72.14,69.39
33.67,33.67,54.42,73.60,70.16
36.29,36.29,53.00,74.48,74.26
37.48,37.48,55.74,76.41,75.46
36.17,36.17,52.72,75.09,72.94
35.01,35.01,50.04,74.64,74.01
35.41,35.41,49.75,76.01,73.96
33.61,33.61,47.12,76.27,71.02
33.95,33.95,46.15,77.37,68.72
35.29,35.29,45.89,77.67,69.77
35.83,35.83,46.02,77.16,67.89
34.02,34.02,46.07,77.23,70.80
34.85,34.85,46.57,77.07,73.95
35.39,35.39,45.32,76.77,71.87
35.93,35.93,45.34,77.59,69.82
32.89,32.89,46.59,78.63,70.62
34.86,34.86,46.82,77.15,68.40
31.81,31.81,45.37,76.94,68.41
32.31,32.31,44.57,76.79,69.48
32.00,32.00,44.17,77.25,71.36
32.03,32.03,42.83,78.79,71.38
32.50,32.50,44.49,77.83,71.92
28.74,28.74,42.40,76.60,71.36
30.89,30.89,42.28,76.48,73.03
32.08,32.08,43.08,77.02,71.68
30.01,30.01,41.82,77.12,69.16
28.71,28.71,40.86,77.42,69.76
27.76,27.76,39.81,78.11,70.94
30.05,30.05,39.31,76.56,70.75
28.14,28.14,38.92,75.92,70.33
27.92,27.92,39.91,75.69,71.28
29.66,29.66,38.29,76.06,72.07
28.61,28.61,37.47,76.96,74.61
28.61,28.61,37.20,75.35,71.93
29.21,29.21,37.56,76.30,71.47
28.17,28.17,42.23,73.61,71.31
25.33,25.33,54.32,72.72,72.27
19.44,19.44,63.39,62.89,71.42
21.25,21.25,72.27,73.98,68.73
19.73,19.73,81.76,67.63,65.58
20.78,20.78,82.34,67.73,70.03
23.48,23.48,75.87,70.48,69.29
23.05,23.05,69.24,66.27,70.91
26.01,26.01,58.90,68.53,71.54
25.27,25.27,64.59,62.89,73.36
24.10,24.10,51.48,68.66,72.63
22.41,22.41,52.31,70.29,72.53
21.08,21.08,47.25,66.74,73.98
22.13,22.13,45.40,71.84,74.87
21.34,21.34,41.38,71.29,74.59
21.70,21.70,39.00,71.23,73.18
20.67,20.67,37.79,69.16,73.87
22.50,22.50,37.26,70.41,76.12
21.35,21.35,36.49,71.31,72.37
22.89,22.89,37.62,72.70,74.26
25.20,25.20,38.46,71.48,72.31
24.21,24.21,38.16,73.77,75.77
25.09,25.09,37.91,72.32,73.50
24.56,24.56,37.66,72.67,73.49
22.81,22.81,36.88,74.55,75.03
23.05,23.05,37.46,72.07,75.28
25.08,25.08,38.79,73.58,74.91
25.88,25.88,37.51,73.27,75.33
29.14,29.14,38.79,71.23,73.67
27.72,27.72,36.60,75.29,74.43
27.15,27.15,40.22,72.93,75.49
26.54,26.54,40.04,72.37,74.42
26.55,26.55,42.05,75.42,72.73
27.81,27.81,41.48,74.46,72.19
27.53,27.53,43.41,73.61,72.68
28.62,28.62,43.93,74.79,74.13
27.58,27.58,42.69,75.33,76.21
29.70,29.70,43.30,72.16,74.86
28.77,28.77,43.23,73.04,72.98
28.70,28.70,41.45,75.21,74.55
30.84,30.84,42.61,72.48,74.50
30.77,30.77,41.45,70.62,74.04
29.73,29.73,40.12,74.25,76.06
32.34,32.34,42.00,70.30,76.38
34.18,34.18,43.33,68.44,76.58
32.88,32.88,44.12,73.68,75.37
27.62,27.62,49.75,70.87,74.38
21.92,21.92,60.58,68.48,74.01
19.27,19.27,71.62,72.47,69.31
15.92,15.92,76.88,64.09,67.42
15.87,15.87,77.78,56.82,65.31
8.75,8.75,75.11,63.16,64.34
6.83,6.83,74.69,67.20,69.32
5.95,5.95,72.20,65.87,69.04
10.38,10.38,69.07,67.95,70.54
15.58,15.58,63.61,69.89,74.27
23.76,23.76,59.46,68.18,74.27
29.15,29.15,54.03,70.64,76.38
32.31,32.31,52.06,71.76,75.20
32.99,32.99,49.40,69.84,76.41
33.82,33.82,48.55,69.52,74.26
34.33,34.33,46.50,73.89,73.09
33.39,33.39,44.25,69.36,72.90
34.83,34.83,44.46,71.07,70.80
35.65,35.65,45.63,75.06,72.39
35.85,35.85,43.46,71.43,73.79
34.37,34.37,43.78,71.13,73.56
34.45,34.45,43.93,73.86,74.41
35.47,35.47,44.44,72.94,74.53
34.09,34.09,48.94,70.80,72.30
31.62,31.62,58.50,72.18,70.79
30.47,30.47,66.50,72.69,70.44
25.60,25.60,78.87,63.83,66.30
24.17,24.17,81.86,62.11,63.64
27.99,27.99,78.61,65.90,68.89
29.50,29.50,72.08,66.85,71.83
31.60,31.60,70.31,54.55,72.87
33.53,33.53,73.30,67.29,73.30
32.47,32.47,70.66,66.42,73.00
31.67,31.67,58.42,67.32,74.19
32.03,32.03,49.64,71.06,74.41
32.57,32.57,49.38,68.83,73.86
32.53,32.53,48.54,69.09,76.74
33.42,33.42,44.81,73.05,76.24
33.96,33.96,42.40,70.32,73.84
32.68,32.68,41.60,69.62,73.24
33.43,33.43,41.24,73.23,74.79
33.25,33.25,40.73,70.96,74.24
33.88,33.88,40.89,68.27,72.25
34.05,34.05,40.88,71.58,73.20
34.76,34.76,40.77,73.13,73.71
35.21,35.21,41.04,69.76,71.10
33.25,33.25,41.42,71.19,74.20
30.52,30.52,46.65,74.31,74.54
25.96,25.96,53.51,68.66,72.67
24.19,24.19,64.19,71.35,72.49
18.39,18.39,64.11,74.41,75.52
13.71,13.71,59.94,68.52,75.52
17.86,17.86,56.03,71.14,75.73
22.63,22.63,53.50,75.02,76.60
23.27,23.27,48.57,69.08,75.33
26.43,26.43,47.30,71.77,74.86
28.06,28.06,47.26,74.80,74.73
29.98,29.98,43.99,73.26,75.82
30.90,30.90,43.69,69.61,75.17
30.65,30.65,43.75,73.96,73.06
30.49,30.49,45.58,72.10,72.63
29.82,29.82,45.33,73.14,71.72
30.83,30.83,45.18,72.97,72.99
32.24,32.24,44.51,75.01,73.43
31.31,31.31,43.21,70.53,75.04
28.68,28.68,44.84,74.58,72.65
31.34,31.34,46.60,75.24,74.08
28.68,28.68,47.60,72.12,72.26
29.92,29.92,48.47,74.45,71.97
31.40,31.40,49.60,75.63,74.70
29.08,29.08,47.65,73.02,74.11
29.06,29.06,47.12,75.01,72.86
31.50,31.50,49.17,75.29,74.14
32.23,32.23,47.92,74.02,77.37
31.72,31.72,46.41,74.51,78.20
32.41,32.41,47.53,74.33,72.67
35.89,35.89,46.82,73.81,72.69
35.90,35.90,48.75,73.71,72.61
30.42,30.42,48.06,74.75,73.49
26.92,26.92,47.24,75.28,73.76
26.42,26.42,47.36,73.44,73.59
29.19,29.19,46.03,75.29,75.51
30.02,30.02,46.78,74.91,75.70
29.50,29.50,46.67,72.53,75.40
29.31,29.31,46.16,76.03,72.80
29.63,29.63,47.27,74.10,71.48
30.43,30.43,48.07,73.12,73.04
30.54,30.54,46.96,75.95,74.12
31.24,31.24,46.62,73.99,73.82
30.16,30.16,49.04,73.89,73.05
29.29,29.29,49.08,76.06,72.70
30.31,30.31,50.52,74.09,71.13
28.35,28.35,51.33,74.93,71.02
24.63,24.63,57.94,75.41,68.42
22.64,22.64,66.10,74.28,69.73
20.76,20.76,79.60,68.36,65.90
15.89,15.89,77.68,61.04,63.26
11.82,11.82,76.70,61.98,66.05
13.71,13.71,73.86,44.38,67.93
9.03,9.03,73.31,43.80,67.42
12.57,12.57,68.47,35.46,72.24
18.06,18.06,65.12,34.38,72.73
23.86,23.86,60.52,31.54,72.73
27.47,27.47,57.51,16.29,68.13
32.28,32.28,55.49,23.79,72.25
32.48,32.48,56.89,28.05,72.17
31.98,31.98,53.34,28.80,73.98
31.74,31.74,51.73,17.76,73.78
33.32,33.32,50.57,10.35,72.31
34.82,34.82,50.10,19.83,71.31
35.39,35.39,49.63,21.54,73.70
34.64,34.64,47.52,16.97,75.44
35.92,35.92,47.22,10.06,70.87
34.43,34.43,47.75,14.57,71.55
33.08,33.08,49.16,21.77,71.71
33.86,33.86,51.09,21.98,71.09
33.25,33.25,48.49,16.84,73.30
35.58,35.58,47.98,8.27,75.74
33.60,33.60,47.58,5.47,76.00
33.18,33.18,48.94,15.39,73.98
31.36,31.36,50.83,15.89,69.14
31.74,31.74,48.88,13.07,70.95
35.17,35.17,49.24,9.83,71.20
35.18,35.18,49.45,11.48,70.33
34.12,34.12,49.87,5.31,69.96
32.49,32.49,48.74,9.92,67.39
33.03,33.03,49.61,12.93,69.65
33.52,33.52,49.39,10.57,71.35
33.48,33.48,50.52,2.99,71.89
32.63,32.63,49.02,7.79,71.85
30.64,30.64,47.75,18.11,70.71
31.07,31.07,48.91,6.41,71.29
32.46,32.46,51.05,6.18,71.73
30.71,30.71,50.87,10.82,69.47
30.39,30.39,47.24,17.40,71.71
30.17,30.17,47.51,18.79,69.84
32.75,32.75,49.01,9.84,71.05
31.69,31.69,45.26,18.74,72.86
31.65,31.65,46.41,33.67,72.65
26.06,26.06,51.28,49.33,69.31
17.13,17.13,63.58,62.78,69.53
11.39,11.39,67.35,69.23,63.10
11.13,11.13,77.65,68.56,68.85
13.84,13.84,81.62,64.93,65.97
15.97,15.97,83.66,65.12,66.31
16.07,16.07,79.59,65.33,70.88
17.96,17.96,76.87,52.77,70.43
19.89,19.89,74.41,61.58,70.46
20.94,20.94,65.36,63.60,71.34
24.77,24.77,61.06,65.10,73.16
22.30,22.30,60.90,63.71,71.09
22.16,22.16,60.84,66.56,68.87
19.60,19.60,62.97,65.81,69.79
20.96,20.96,62.79,65.60,66.08
21.23,21.23,61.11,65.72,68.29
23.03,23.03,61.23,71.16,69.97
22.38,22.38,60.60,66.15,70.94
20.46,20.46,62.47,64.67,72.70
17.99,17.99,62.23,64.50,72.41
17.87,17.87,63.27,71.97,70.47
19.40,19.40,62.31,68.61,73.62
21.32,21.32,60.50,67.90,74.36
20.01,20.01,61.44,69.85,74.68
17.03,17.03,64.27,72.90,72.68
14.04,14.04,71.37,66.23,69.15
10.88,10.88,79.88,62.96,65.49
11.94,11.94,82.83,61.50,64.80
10.55,10.55,78.52,61.40,66.86
9.62,9.62,80.43,67.05,66.20
11.09,11.09,72.94,69.09,69.84
14.53,14.53,62.05,69.44,71.30
15.02,15.02,61.52,72.55,71.02
14.84,14.84,60.25,70.72,68.51
15.07,15.07,61.21,72.45,72.47
17.14,17.14,60.62,73.75,69.92
20.02,20.02,61.92,75.12,70.73
19.52,19.52,61.95,71.83,70.20
16.81,16.81,62.05,74.58,71.04
14.54,14.54,61.18,77.37,71.36
13.99,13.99,61.82,74.90,73.13
13.98,13.98,62.15,73.45,71.18
14.65,14.65,61.13,74.53,72.20
15.09,15.09,60.43,76.86,70.34
16.44,16.44,60.69,74.71,69.75
15.54,15.54,62.12,74.14,71.56
12.54,12.54,63.62,75.72,72.75
11.21,11.21,68.94,74.86,73.22
9.77,9.77,77.08,68.99,68.73
8.54,8.54,74.81,67.94,64.10
8.76,8.76,74.57,75.78,63.74
9.06,9.06,72.16,72.96,68.42
10.90,10.90,66.98,72.25,68.04
11.30,11.30,65.09,72.21,68.83
14.89,14.89,62.98,76.99,69.13
19.39,19.39,61.74,73.70,72.62
21.80,21.80,59.98,72.52,74.56
23.26,23.26,60.30,72.80,73.84
22.93,22.93,60.26,75.00,74.61
23.96,23.96,60.37,71.24,73.85
24.34,24.34,60.08,70.93,73.15
24.79,24.79,60.69,76.01,69.25
24.47,24.47,60.98,73.48,69.47
23.33,23.33,60.04,68.03,69.49
26.76,26.76,60.51,69.96,70.34
29.26,29.26,60.57,76.98,72.63
27.72,27.72,59.81,74.91,74.92
26.97,26.97,59.78,71.45,72.54
27.79,27.79,61.02,73.06,72.08
28.12,28.12,59.65,76.25,73.04
25.42,25.42,62.71,72.84,71.69
19.04,19.04,66.58,71.82,72.01
16.51,16.51,75.87,72.35,72.03
16.83,16.83,81.15,68.95,68.32
16.67,16.67,83.04,58.51,69.31
19.70,19.70,79.26,66.66,68.30
23.13,23.13,78.46,69.01,70.78
25.57,25.57,68.04,68.74,70.77
23.15,23.15,58.84,66.17,70.55
25.98,25.98,56.79,68.29,72.48
25.26,25.26,55.90,74.00,71.83
27.17,27.17,53.49,73.06,70.99
30.21,30.21,55.13,69.66,71.37
27.80,27.80,54.55,70.31,73.67
28.07,28.07,55.43,75.54,72.18
29.19,29.19,55.69,66.25,70.06
29.32,29.32,56.09,67.77,71.85
29.17,29.17,56.51,68.32,72.72
31.54,31.54,56.04,74.92,72.05
28.63,28.63,56.82,68.02,70.75
30.94,30.94,56.65,67.08,72.35
22.06,22.06,59.31,70.95,73.23
12.01,12.01,59.96,71.88,70.76
14.72,14.72,70.76,68.36,69.81
15.73,15.73,70.90,67.54,71.25
15.80,15.80,69.29,72.31,69.79
13.75,13.75,68.41,68.89,71.26
17.45,17.45,66.15,69.76,72.90
18.13,18.13,63.78,69.13,72.34
19.96,19.96,61.40,74.60,72.13
22.93,22.93,61.64,67.64,72.56
25.93,25.93,59.46,68.07,69.43
25.90,25.90,60.43,69.64,68.87
27.86,27.86,59.02,73.25,70.88
29.43,29.43,58.26,67.67,70.68
30.39,30.39,57.11,66.68,71.19
32.25,32.25,56.95,70.31,71.49
33.43,33.43,56.44,72.71,70.01
31.35,31.35,58.27,70.08,71.52
32.54,32.54,58.96,67.55,70.47
33.14,33.14,58.88,72.83,70.74
32.71,32.71,57.09,70.95,71.95
36.12,36.12,58.74,69.48,71.48
35.29,35.29,58.28,69.97,70.00
34.13,34.13,58.87,72.59,69.84
31.32,31.32,57.10,70.62,71.60
25.82,25.82,62.33,68.91,70.05
18.98,18.98,71.76,69.13,71.85
14.48,14.48,77.93,68.24,68.91
15.44,15.44,81.87,66.12,65.07
15.84,15.84,82.53,67.56,66.28
15.58,15.58,75.90,66.90,71.73
20.73,20.73,70.23,70.25,71.42
24.53,24.53,62.77,69.17,69.59
25.04,25.04,57.59,69.80,69.71
27.56,27.56,57.85,72.32,69.06
27.33,27.33,57.68,70.99,70.90
29.33,29.33,57.75,70.59,71.28
30.18,30.18,57.44,72.56,71.81
26.82,26.82,60.45,72.90,70.40
23.76,23.76,68.58,68.27,70.01
22.31,22.31,77.41,67.77,71.00
21.63,21.63,82.12,67.28,65.69
23.37,23.37,83.30,67.71,66.06
28.79,28.79,80.15,63.70,68.33
30.53,30.53,71.88,64.24,69.02
27.24,27.24,64.58,68.61,69.15
27.07,27.07,58.05,68.92,69.69
24.86,24.86,57.55,69.17,71.65
20.89,20.89,62.44,72.54,70.32
16.88,16.88,69.37,68.51,69.24
12.98,12.98,77.72,65.75,66.54
9.65,9.65,75.46,61.13,67.25
7.15,7.15,75.25,59.51,67.20
9.99,9.99,72.02,63.26,68.96
11.63,11.63,68.09,54.82,68.55
16.77,16.77,63.30,46.71,69.55
22.76,22.76,63.38,30.88,69.82
27.43,27.43,61.75,36.78,71.10
28.94,28.94,60.04,27.20,72.55
31.57,31.57,58.71,15.12,73.89
32.55,32.55,59.10,24.45,69.80
31.40,31.40,58.05,30.33,71.72
35.49,35.49,58.33,27.35,71.56
34.63,34.63,58.08,14.90,72.27
36.56,36.56,57.76,20.33,71.23
34.38,34.38,58.12,28.34,72.93
31.58,31.58,57.73,26.73,69.43
32.81,32.81,59.32,16.96,70.12
32.80,32.80,59.48,17.40,69.43
34.30,34.30,59.57,24.09,71.69
33.69,33.69,60.01,31.00,73.33
27.20,27.20,60.97,27.74,71.80
15.04,15.04,62.83,43.97,70.39
19.31,19.31,70.75,56.63,70.40
18.40,18.40,70.96,70.26,69.97
18.40,18.40,69.40,74.46,69.27
14.79,14.79,66.44,78.84,69.52
13.15,13.15,64.11,74.63,73.25
18.03,18.03,61.79,77.75,72.60
21.69,21.69,62.08,74.57,71.14
25.89,25.89,60.94,78.68,71.72
24.56,24.56,60.54,71.19,71.26
27.20,27.20,59.28,73.26,73.65
28.71,28.71,58.08,73.33,72.38
28.12,28.12,59.03,76.97,70.02
27.70,27.70,59.88,71.20,74.02
27.56,27.56,61.18,73.49,71.19
24.86,24.86,62.79,77.03,73.01
25.84,25.84,70.36,74.47,73.72
28.01,28.01,80.08,72.77,66.28
26.33,26.33,82.10,72.54,67.46
30.07,30.07,78.07,71.74,70.25
30.65,30.65,64.46,69.28,74.81
28.75,28.75,62.04,66.21,72.50
21.34,21.34,64.09,69.28,68.09
17.01,17.01,74.02,68.90,65.94
12.08,12.08,79.80,66.84,64.71
15.90,15.90,80.25,60.15,65.87
17.00,17.00,79.81,63.52,69.35
18.36,18.36,80.01,67.93,69.00
22.24,22.24,78.97,69.66,68.69
26.26,26.26,72.71,72.13,70.12
26.70,26.70,66.18,72.40,71.72
26.52,26.52,60.36,68.01,72.88
24.87,24.87,58.88,69.79,72.83
25.25,25.25,57.87,72.07,72.44
27.72,27.72,58.25,71.92,71.97
27.01,27.01,57.95,69.89,73.22
28.24,28.24,57.24,71.14,71.12
28.99,28.99,55.80,71.78,72.48
29.12,29.12,57.65,70.45,73.22
31.39,31.39,55.98,71.16,72.99
32.47,32.47,56.30,73.13,73.47
32.03,32.03,56.82,71.47,73.71
33.35,33.35,56.58,70.02,71.64
32.52,32.52,54.81,70.92,73.45
35.22,35.22,55.67,71.35,75.07
28.73,28.73,57.89,73.76,74.54
26.16,26.16,62.66,72.56,71.76
19.14,19.14,75.35,70.08,70.77
17.62,17.62,80.44,70.16,68.09
18.21,18.21,82.90,70.66,67.48
19.41,19.41,80.09,68.39,70.48
21.00,21.00,70.96,65.39,72.28
24.33,24.33,64.62,70.18,70.39
26.75,26.75,60.09,72.45,71.84
27.35,27.35,56.68,73.63,72.26
26.21,26.21,55.08,74.27,70.13
27.71,27.71,52.79,74.69,72.65
27.67,27.67,53.79,77.12,72.92
25.46,25.46,53.81,76.34,72.34
27.05,27.05,52.96,75.92,71.37
24.29,24.29,53.53,75.61,71.91
24.74,24.74,53.64,75.82,71.97
27.34,27.34,53.41,75.94,72.94
30.63,30.63,51.00,76.52,72.22
28.77,28.77,52.01,77.45,72.95
27.48,27.48,52.51,75.89,73.08
26.05,26.05,52.33,75.67,73.47
23.34,23.34,56.91,75.90,72.65
18.22,18.22,64.18,75.78,71.55
15.78,15.78,77.51,73.51,68.42
16.33,16.33,75.59,73.35,69.32
17.90,17.90,74.83,71.63,69.38
22.26,22.26,72.36,72.55,68.48
17.62,17.62,69.51,72.49,68.26
15.86,15.86,65.79,74.34,67.01
22.13,22.13,61.86,76.01,71.59
26.64,26.64,61.48,76.94,70.51
29.70,29.70,58.90,75.61,71.25
29.58,29.58,56.41,75.51,72.30
32.60,32.60,56.68,75.74,74.80
31.76,31.76,55.03,76.21,75.63
32.67,32.67,53.51,77.74,74.30
31.09,31.09,54.24,75.97,74.34
30.64,30.64,55.28,75.91,73.65
29.60,29.60,54.94,75.51,72.63
30.22,30.22,53.77,75.82,70.60
30.86,30.86,53.79,76.08,71.46
32.09,32.09,53.39,77.93,71.45
35.24,35.24,53.20,76.29,70.14
35.01,35.01,53.29,75.94,73.67
33.45,33.45,52.28,75.31,75.99
28.42,28.42,57.21,75.46,74.07
20.49,20.49,64.03,75.58,70.95
19.99,19.99,75.05,75.01,69.60
17.68,17.68,80.10,71.75,67.15
19.30,19.30,82.69,71.70,67.00
21.96,21.96,78.36,71.03,67.36
24.21,24.21,76.56,70.38,71.43
26.38,26.38,67.05,68.03,71.49
25.45,25.45,60.24,70.06,70.73
27.25,27.25,55.60,73.03,71.09
28.48,28.48,53.91,74.38,70.79
29.64,29.64,50.95,74.05,69.86
31.46,31.46,52.12,75.08,69.31
28.02,28.02,52.22,76.40,71.14
28.72,28.72,52.55,75.60,71.11
25.87,25.87,51.03,75.22,69.76
28.67,28.67,51.20,75.10,70.42
29.38,29.38,50.64,74.38,71.24
28.89,28.89,47.57,74.26,73.44
30.21,30.21,47.22,75.24,72.22
29.94,29.94,48.06,76.36,71.65
31.87,31.87,48.25,75.50,72.78
29.96,29.96,48.25,75.44,72.13
28.48,28.48,54.09,75.96,74.25
18.34,18.34,57.25,67.34,70.37
19.46,19.46,67.40,70.82,70.90
13.94,13.94,75.61,72.75,72.22
11.49,11.49,80.15,65.08,69.79
11.22,11.22,82.42,68.98,68.68
14.53,14.53,76.76,69.09,70.25
16.31,16.31,75.97,70.12,72.72
20.26,20.26,72.60,68.77,73.04
23.28,23.28,63.75,70.46,73.46
23.71,23.71,55.30,72.49,73.95
24.29,24.29,53.44,75.05,73.12
25.17,25.17,50.59,69.88,75.93
25.72,25.72,50.55,70.50,72.18
27.74,27.74,50.38,76.47,71.91
28.81,28.81,51.30,68.39,73.59
27.27,27.27,49.72,69.68,72.98
29.31,29.31,50.70,78.13,73.27
30.79,30.79,49.93,68.66,72.49
30.10,30.10,49.74,69.96,73.85
32.25,32.25,48.91,75.09,75.24
30.94,30.94,49.54,70.11,74.56
31.12,31.12,51.11,68.39,74.40
24.38,24.38,53.32,72.89,73.68
20.82,20.82,60.32,73.82,73.19
16.60,16.60,68.86,72.40,73.03
13.98,13.98,77.97,72.66,70.06
13.32,13.32,81.24,71.76,69.20
16.50,16.50,76.22,71.04,72.16
19.05,19.05,77.18,70.91,73.62
22.14,22.14,73.07,75.63,72.10
23.56,23.56,63.99,72.06,70.59
23.70,23.70,56.68,74.08,72.01
24.46,24.46,53.61,76.97,70.70
25.48,25.48,53.53,73.27,72.78
25.93,25.93,53.52,75.04,76.72
25.69,25.69,52.54,74.89,73.80
26.05,26.05,53.33,76.31,72.80
25.72,25.72,52.60,73.94,72.88
26.26,26.26,53.02,74.01,71.86
26.68,26.68,53.91,77.40,71.90
26.91,26.91,53.93,73.15,74.29
28.96,28.96,53.24,72.56,75.00
29.14,29.14,53.17,77.92,74.85
29.37,29.37,53.60,72.76,74.48
30.16,30.16,54.79,72.30,73.31
27.23,27.23,59.85,77.67,72.10
19.97,19.97,70.92,71.74,70.07
15.87,15.87,75.45,67.63,69.69
14.94,14.94,75.20,71.44,66.37
13.31,13.31,74.28,72.14,65.79
13.47,13.47,72.01,71.52,68.70
14.72,14.72,67.28,72.36,70.93
17.88,17.88,63.75,74.51,71.26
20.67,20.67,61.68,73.88,73.51
23.96,23.96,57.07,71.96,74.94
26.73,26.73,55.74,75.29,72.52
30.34,30.34,56.16,72.31,76.08
28.72,28.72,55.37,69.74,75.45
30.48,30.48,54.43,76.34,73.85
31.73,31.73,53.94,71.14,73.86
30.19,30.19,52.86,71.33,72.80
31.22,31.22,53.87,76.06,73.49
31.12,31.12,53.64,69.21,73.14
31.91,31.91,51.51,73.52,75.63
30.51,30.51,54.06,73.15,75.44
28.67,28.67,53.95,71.65,73.76
29.29,29.29,55.01,73.62,73.62
31.89,31.89,54.34,72.06,72.73
28.98,28.98,56.16,74.15,71.86
24.25,24.25,60.33,74.09,71.00
21.49,21.49,65.61,72.09,68.95
20.14,20.14,74.93,75.50,68.21
19.17,19.17,80.11,73.06,68.99
22.96,22.96,82.82,69.73,68.17
25.38,25.38,79.74,71.64,70.69
28.86,28.86,78.10,69.84,71.79
30.71,30.71,71.29,72.08,74.01
33.75,33.75,54.58,75.37,74.05
33.70,33.70,51.94,70.63,76.54
32.90,32.90,49.85,71.43,76.75
31.31,31.31,51.07,73.80,75.78
30.65,30.65,52.10,71.83,74.17
31.94,31.94,52.87,71.63,75.54
31.47,31.47,52.52,71.69,71.05
30.26,30.26,52.17,74.00,72.10
30.40,30.40,51.20,71.14,72.45
32.40,32.40,52.29,71.20,72.87
34.86,34.86,53.18,76.14,75.22
36.16,36.16,52.90,71.28,76.99
33.13,33.13,50.63,68.21,73.85
28.52,28.52,53.31,76.95,75.52
18.99,18.99,57.65,70.80,76.23
19.98,19.98,68.68,70.57,72.97
17.08,17.08,68.81,75.64,75.72
13.62,13.62,68.74,67.58,73.45
16.87,16.87,67.92,68.80,71.96
18.55,18.55,64.67,74.99,71.88
17.47,17.47,62.11,68.55,74.67
17.32,17.32,60.08,69.37,75.55
19.58,19.58,59.45,73.34,75.62
22.22,22.22,59.16,72.33,69.78
24.69,24.69,58.73,71.45,72.22
24.30,24.30,56.60,69.51,73.19
25.59,25.59,54.82,74.25,72.56
26.97,26.97,55.42,70.36,74.19
27.51,27.51,56.18,69.91,73.91
28.37,28.37,55.95,76.63,73.24
26.14,26.14,58.78,70.08,74.84
20.31,20.31,62.38,66.63,71.93
21.01,21.01,60.89,76.13,71.92
25.09,25.09,57.36,63.91,74.56
28.60,28.60,56.26,68.55,72.63
32.91,32.91,54.02,75.18,74.59
33.24,33.24,54.52,67.79,75.45
32.87,32.87,52.34,70.35,78.01
31.49,31.49,55.08,72.71,75.48
25.63,25.63,58.49,70.99,70.64
19.48,19.48,65.64,71.25,69.10
15.13,15.13,73.61,71.52,69.92
11.82,11.82,79.43,68.19,67.53
13.21,13.21,80.75,70.73,66.17
13.53,13.53,76.41,65.96,73.45
15.27,15.27,66.55,70.66,75.20
20.96,20.96,59.70,68.38,71.47
24.01,24.01,58.03,63.50,70.76
25.59,25.59,55.05,76.36,70.86
26.66,26.66,52.68,70.08,73.39
26.25,26.25,54.08,69.86,73.58
26.09,26.09,57.18,76.35,72.63
27.05,27.05,66.05,69.94,70.72
26.78,26.78,77.95,71.67,67.70
26.43,26.43,80.51,72.12,64.82
28.38,28.38,82.14,70.08,66.04
31.05,31.05,79.55,64.61,70.73
31.86,31.86,70.71,71.25,72.22
34.49,34.49,57.36,68.67,73.17
36.06,36.06,53.78,70.13,72.09
30.64,30.64,53.80,71.64,71.90
19.46,19.46,59.77,72.61,70.26
15.30,15.30,69.70,68.67,69.65
15.98,15.98,76.67,63.97,65.94
13.49,13.49,75.46,60.59,65.56
11.16,11.16,76.00,66.23,65.21
13.94,13.94,72.51,56.72,63.84
17.37,17.37,68.04,58.78,68.95
19.83,19.83,62.93,60.77,69.94
23.06,23.06,60.48,57.91,72.34
24.90,24.90,57.74,57.19,71.03
29.62,29.62,55.92,62.59,70.40
32.67,32.67,55.10,58.73,71.08
35.83,35.83,54.96,58.46,74.79
34.55,34.55,53.52,62.10,73.80
35.12,35.12,53.01,59.33,72.64
35.29,35.29,51.81,57.19,69.99
37.82,37.82,51.53,61.80,70.56
39.21,39.21,50.35,60.22,71.33
41.79,41.79,50.66,58.35,72.15
41.86,41.86,48.61,60.53,74.88
43.35,43.35,47.42,61.23,76.44
41.90,41.90,47.39,58.68,72.71
37.27,37.27,45.88,57.90,71.11
31.22,31.22,50.66,63.10,70.60
19.28,19.28,57.27,56.96,70.77
18.10,18.10,67.69,56.59,69.03
19.99,19.99,67.82,63.50,69.28
19.62,19.62,65.34,57.10,66.51
19.35,19.35,63.90,59.05,67.66
19.66,19.66,59.97,63.13,70.81
22.98,22.98,55.80,60.05,70.33
26.10,26.10,53.91,58.85,71.01
25.71,25.71,51.73,63.32,67.45
26.58,26.58,48.25,59.27,71.29
28.04,28.04,46.54,57.65,71.34
31.73,31.73,45.41,61.11,73.09
29.33,29.33,46.14,58.33,70.27
25.94,25.94,54.40,56.79,67.90
22.35,22.35,64.29,58.98,74.51
20.43,20.43,75.53,53.64,66.69
22.99,22.99,82.10,52.51,68.22
26.59,26.59,83.17,57.25,66.48
31.57,31.57,75.11,46.07,71.23
31.36,31.36,66.85,48.21,71.09
29.84,29.84,62.03,53.16,66.75
27.26,27.26,55.41,57.41,71.41
15.56,15.56,58.01,53.11,72.32
13.92,13.92,74.06,56.45,66.12
14.32,14.32,80.37,63.25,67.02
14.77,14.77,80.84,56.31,63.82
18.26,18.26,73.60,57.63,70.09
18.07,18.07,75.04,60.22,71.85
12.41,12.41,75.94,64.87,68.50
10.46,10.46,75.73,67.20,68.90
11.97,11.97,71.48,70.26,66.48
16.15,16.15,66.70,71.26,68.71
16.44,16.44,66.82,72.95,66.71
16.29,16.29,64.57,73.42,69.19
18.07,18.07,66.07,72.11,67.06
18.57,18.57,65.14,72.69,68.41
19.08,19.08,65.94,73.70,66.62
20.58,20.58,64.91,72.72,68.33
19.67,19.67,66.08,73.34,68.81
20.70,20.70,64.39,72.77,70.00
22.68,22.68,64.54,71.78,69.59
21.68,21.68,63.50,72.42,70.91
24.19,24.19,63.46,73.33,68.14
22.87,22.87,64.88,71.71,69.03
21.70,21.70,63.89,71.40,72.13
18.19,18.19,63.88,71.84,71.96
14.11,14.11,66.14,69.79,72.98
13.49,13.49,74.04,63.03,67.69
10.71,10.71,77.98,59.32,62.58
14.28,14.28,80.06,53.99,62.06
14.80,14.80,74.43,57.08,62.83
16.68,16.68,68.27,52.76,64.56
13.84,13.84,69.78,61.29,65.89
13.50,13.50,69.76,62.19,68.99
13.54,13.54,71.04,66.12,68.92
14.53,14.53,68.26,68.85,67.96
14.81,14.81,64.38,68.23,68.76
15.94,15.94,63.32,69.77,71.19
13.29,13.29,64.31,69.29,71.31
16.05,16.05,64.25,67.63,70.51
15.60,15.60,62.52,67.32,69.93
14.82,14.82,62.51,67.67,70.13
15.68,15.68,62.70,69.43,71.13
17.42,17.42,62.97,67.02,70.12
21.01,21.01,61.41,65.13,70.70
21.76,21.76,60.95,68.75,70.32
21.37,21.37,58.47,67.30,67.73
18.94,18.94,58.13,66.48,68.69
15.70,15.70,59.74,64.06,69.49
13.09,13.09,67.39,67.06,71.19
14.48,14.48,74.76,62.50,68.26
13.49,13.49,75.12,61.77,63.13
11.66,11.66,72.87,63.90,62.63
13.30,13.30,70.29,67.70,64.31
13.01,13.01,64.78,66.07,68.17
18.15,18.15,61.08,66.11,66.99
25.72,25.72,59.57,67.92,66.13
28.74,28.74,57.89,68.43,68.95
29.10,29.10,56.00,68.89,72.77
29.42,29.42,56.11,65.92,73.30
28.59,28.59,55.24,68.72,72.34
26.90,26.90,54.21,70.23,73.10
27.52,27.52,55.43,69.00,72.23
29.42,29.42,56.19,68.33,70.95
28.94,28.94,55.50,68.27,69.04
28.93,28.93,55.76,71.04,69.08
29.12,29.12,55.07,67.92,68.44
30.63,30.63,55.93,68.74,70.73
30.46,30.46,55.71,69.85,73.84
29.56,29.56,54.44,71.09,73.60
28.23,28.23,56.32,67.83,69.27
23.31,23.31,59.69,69.79,70.85
18.28,18.28,66.75,71.15,67.30
14.24,14.24,78.40,69.47,65.90
14.32,14.32,78.07,59.88,66.26
13.16,13.16,78.31,68.37,66.35
11.50,11.50,71.24,68.00,67.98
11.42,11.42,71.53,68.89,68.47
14.29,14.29,71.54,65.79,70.13
12.76,12.76,68.58,68.61,69.58
11.19,11.19,63.97,68.89,67.06
12.11,12.11,64.86,65.64,68.56
13.77,13.77,65.94,67.62,69.22
13.60,13.60,63.48,71.78,67.70
13.60,13.60,63.24,69.43,67.62
15.87,15.87,63.28,67.69,71.05
14.96,14.96,62.36,68.43,70.61
14.51,14.51,62.34,74.12,69.99
14.24,14.24,60.45,68.95,69.62
17.38,17.38,61.36,66.98,71.84
21.54,21.54,60.11,69.12,71.20
24.31,24.31,59.75,71.49,70.01
24.40,24.40,58.28,67.91,69.43
22.76,22.76,56.71,68.39,69.32
16.15,16.15,57.44,72.15,66.89
17.47,17.47,62.95,70.22,67.16
19.40,19.40,67.78,66.01,66.77
14.52,14.52,66.92,68.07,67.29
14.90,14.90,62.65,74.51,69.80
18.05,18.05,60.88,68.80,68.44
22.70,22.70,60.31,67.57,68.64
24.74,24.74,57.21,69.31,69.94
28.56,28.56,56.57,73.36,68.65
28.42,28.42,55.56,68.36,68.40
30.31,30.31,55.45,68.66,66.65
29.82,29.82,54.53,71.25,68.96
30.53,30.53,54.07,71.38,69.84
28.55,28.55,55.17,68.04,70.67
29.57,29.57,53.11,69.08,69.96
28.89,28.89,53.08,74.19,69.52
27.04,27.04,55.47,70.44,67.37
27.53,27.53,55.78,68.68,66.76
29.05,29.05,53.91,68.69,66.71
29.78,29.78,53.86,74.72,67.26
30.58,30.58,53.04,70.02,67.84
31.91,31.91,52.88,68.93,68.97
32.03,32.03,53.80,70.77,67.55
30.05,30.05,53.93,72.16,68.38
27.35,27.35,57.24,69.19,69.03
20.52,20.52,63.80,70.41,67.07
16.64,16.64,74.82,65.21,65.94
16.86,16.86,77.01,68.19,65.77
17.19,17.19,77.74,66.60,64.88
20.41,20.41,73.71,67.41,67.51
22.50,22.50,62.32,69.24,66.46
26.66,26.66,58.97,66.74,69.21
27.65,27.65,55.17,65.99,68.30
29.46,29.46,54.09,66.45,67.50
29.73,29.73,52.61,73.14,67.98
28.82,28.82,54.03,66.98,66.60
25.06,25.06,55.14,68.28,67.46
22.64,22.64,60.14,70.47,65.81
22.12,22.12,73.79,70.36,67.18
20.91,20.91,78.17,65.35,64.33
23.61,23.61,78.93,68.74,64.21
25.61,25.61,76.52,64.79,64.49
28.30,28.30,74.28,66.07,66.33
30.38,30.38,72.89,66.93,65.88
31.03,31.03,69.22,66.76,65.84
29.15,29.15,62.00,70.37,64.43
24.02,24.02,58.75,67.08,66.61
16.19,16.19,65.94,67.05,66.82
13.44,13.44,74.62,66.63,61.91
11.05,11.05,74.09,66.06,61.38
11.73,11.73,72.60,67.15,61.64
14.44,14.44,68.60,65.39,62.00
17.14,17.14,65.06,69.28,64.10
19.26,19.26,61.71,65.13,67.47
23.92,23.92,59.59,63.19,69.96
25.82,25.82,58.05,65.72,66.96
27.64,27.64,56.40,69.34,65.76
30.06,30.06,55.71,65.27,66.48
30.17,30.17,55.34,63.95,67.73
30.05,30.05,53.71,65.35,69.21
31.92,31.92,54.04,69.44,69.06
32.53,32.53,51.98,65.92,69.03
30.97,30.97,53.25,63.90,65.31
33.28,33.28,51.70,67.08,64.56
32.55,32.55,52.11,67.39,66.15
34.97,34.97,50.56,63.51,68.25
35.42,35.42,51.66,64.22,69.19
35.38,35.38,53.22,69.71,66.84
33.58,33.58,51.62,66.33,65.83
26.94,26.94,53.99,63.31,65.32
17.27,17.27,57.48,64.18,66.07
16.17,16.17,67.01,67.02,66.35
15.54,15.54,65.58,67.37,66.87
17.25,17.25,62.18,70.64,66.39
18.31,18.31,58.83,71.08,66.59
21.94,21.94,59.57,70.57,66.61
25.18,25.18,58.45,71.05,67.21
24.54,24.54,55.99,61.51,69.75
27.34,27.34,54.82,46.64,69.56
27.34,27.34,52.82,29.96,65.70
27.93,27.93,55.23,26.51,70.07
25.39,25.39,53.95,29.04,68.09
23.77,23.77,54.97,38.31,68.36
22.26,22.26,59.57,59.24,70.29
20.70,20.70,60.45,59.10,66.18
20.01,20.01,66.64,65.44,64.46
22.84,22.84,78.00,53.64,63.72
25.52,25.52,78.14,53.15,67.25
26.70,26.70,77.49,50.90,67.80
29.26,29.26,71.16,43.11,64.58
32.71,32.71,60.66,41.77,64.11
30.62,30.62,58.02,43.59,64.23
23.60,23.60,57.07,40.46,64.01
17.74,17.74,64.20,43.59,62.67
11.24,11.24,74.20,48.71,64.81
13.83,13.83,77.59,55.96,63.72
15.57,15.57,77.83,54.84,62.77
19.24,19.24,71.77,58.81,66.58
20.67,20.67,76.32,61.98,67.83
21.85,21.85,71.87,63.96,67.09
22.72,22.72,65.13,64.60,65.39
23.43,23.43,59.27,65.40,64.68
23.49,23.49,56.84,62.31,65.52
24.82,24.82,55.77,64.07,67.05
25.47,25.47,54.54,62.56,65.89
26.70,26.70,53.92,63.73,67.17
27.86,27.86,52.84,63.19,66.92
28.25,28.25,52.50,60.86,65.12
28.01,28.01,51.01,62.76,67.14
28.92,28.92,52.26,61.42,67.22
30.56,30.56,52.15,60.99,68.38
29.42,29.42,51.61,61.57,69.54
30.97,30.97,52.37,56.37,66.94
29.70,29.70,50.78,61.65,66.27
30.15,30.15,51.46,63.58,68.54
28.47,28.47,50.94,61.66,70.31
25.07,25.07,55.66,63.45,70.71
20.72,20.72,65.55,61.57,69.17
18.61,18.61,74.51,55.21,65.37
20.93,20.93,76.84,55.57,62.57
25.58,25.58,79.59,57.94,64.81
30.24,30.24,75.58,58.89,65.29
29.51,29.51,62.92,63.46,65.43
26.84,26.84,56.37,62.45,66.57
28.27,28.27,54.94,62.96,67.09
28.57,28.57,49.06,63.09,67.23
29.70,29.70,50.15,62.64,66.26
30.81,30.81,49.34,61.62,65.89
29.86,29.86,49.28,62.43,67.91
30.39,30.39,48.88,63.79,68.18
30.52,30.52,47.81,63.82,66.20
30.99,30.99,49.59,62.23,64.36
34.14,34.14,51.72,62.96,66.10
32.83,32.83,49.97,63.90,66.61
33.05,33.05,48.07,63.47,68.62
36.07,36.07,48.50,61.96,69.87
35.94,35.94,48.17,62.77,68.70
34.25,34.25,50.79,63.91,68.82
28.24,28.24,56.24,62.58,67.44
20.28,20.28,68.63,61.96,65.54
19.93,19.93,72.90,59.81,63.17
31.52,31.52,72.32,62.22,62.16
38.40,38.40,72.47,59.61,61.90
33.94,33.94,67.22,64.76,64.08
20.93,20.93,64.50,67.85,64.12
16.35,16.35,60.73,67.37,62.11
19.48,19.48,58.19,62.95,62.99
22.01,22.01,56.96,67.47,67.02
23.49,23.49,56.03,64.88,64.62
24.71,24.71,55.51,67.89,65.10
24.47,24.47,55.29,68.34,64.98
25.58,25.58,53.40,66.62,69.24
26.83,26.83,51.83,64.02,71.19
28.00,28.00,50.93,69.35,69.50
27.50,27.50,51.58,68.96,70.36
25.15,25.15,51.23,69.36,69.53
24.26,24.26,50.99,69.21,66.73
24.70,24.70,51.28,70.65,64.71
26.20,26.20,50.19,72.70,64.99
26.65,26.65,49.72,71.35,62.29
27.28,27.28,49.68,71.81,64.97
25.07,25.07,50.69,70.47,69.26
20.72,20.72,56.43,73.13,67.88
18.27,18.27,65.02,71.40,61.96
15.54,15.54,73.69,71.92,59.03
18.50,18.50,75.68,67.67,57.19
22.49,22.49,76.16,68.40,59.53
24.64,24.64,75.39,70.13,58.59
27.64,27.64,68.40,69.25,61.64
27.43,27.43,59.35,68.98,64.40
28.06,28.06,56.85,66.42,63.82
26.68,26.68,50.99,72.94,62.29
28.58,28.58,45.99,72.31,66.59
29.15,29.15,45.02,73.63,66.40
30.48,30.48,43.43,71.70,61.43
30.83,30.83,41.10,73.39,61.92
30.87,30.87,42.10,72.38,64.77
32.71,32.71,41.68,73.05,64.37
32.28,32.28,41.07,73.21,62.32
32.28,32.28,40.66,71.62,63.84
31.43,31.43,38.74,73.97,65.56
32.85,32.85,38.07,71.68,67.49
34.45,34.45,38.98,73.43,65.05
36.23,36.23,40.11,71.57,62.65
33.70,33.70,42.30,73.20,65.87
30.13,30.13,49.08,72.50,64.51
22.25,22.25,57.90,69.02,62.72
20.59,20.59,68.97,64.88,62.49
13.37,13.37,74.86,54.98,63.44
16.92,16.92,75.75,56.08,64.51
19.83,19.83,73.25,57.34,63.36
22.20,22.20,74.27,54.75,65.12
24.32,24.32,67.98,59.20,65.26
26.34,26.34,60.07,60.11,66.90
25.25,25.25,54.72,65.88,66.44
25.54,25.54,49.76,62.82,66.96
26.77,26.77,45.25,63.38,66.37
25.89,25.89,44.66,67.01,68.83
22.97,22.97,42.39,63.33,68.27
24.21,24.21,40.70,62.71,65.29
24.30,24.30,41.20,68.38,68.20
25.55,25.55,40.11,65.15,69.85
24.97,24.97,39.11,64.90,65.47
24.96,24.96,38.37,69.24,65.71
27.99,27.99,40.30,67.53,67.48
28.69,28.69,38.32,67.06,69.29
28.61,28.61,39.14,68.62,67.95
28.68,28.68,44.84,67.81,65.29
24.52,24.52,51.16,66.96,66.69
18.34,18.34,58.73,66.21,66.41
16.77,16.77,70.09,64.99,62.96
18.04,18.04,73.51,63.49,62.94
20.51,20.51,76.25,65.72,61.85
25.97,25.97,71.14,68.63,64.34
29.05,29.05,72.33,61.17,66.68
29.28,29.28,63.93,63.80,67.76
27.06,27.06,48.26,69.91,64.93
28.51,28.51,46.19,66.37,64.84
27.90,27.90,45.01,66.89,65.83
29.04,29.04,43.36,71.09,64.40
29.49,29.49,42.54,68.34,68.40
29.79,29.79,44.39,67.46,68.61
29.08,29.08,43.11,70.59,62.07
28.84,28.84,43.21,69.22,65.84
30.11,30.11,44.33,67.76,67.86
30.76,30.76,43.04,70.00,65.17
31.69,31.69,42.59,69.62,65.13
32.78,32.78,42.44,66.98,65.60
34.95,34.95,41.74,69.20,67.03
35.04,35.04,42.43,70.71,65.70
33.72,33.72,49.00,66.67,66.85
25.03,25.03,55.73,69.69,66.64
19.62,19.62,69.30,69.79,64.03
17.46,17.46,70.12,63.37,63.53
12.66,12.66,69.47,67.70,58.84
15.98,15.98,67.28,68.32,61.56
18.33,18.33,65.13,66.20,63.68
20.14,20.14,60.29,68.29,62.57
21.00,21.00,56.47,70.80,63.91
23.61,23.61,53.56,70.28,66.02
25.13,25.13,52.50,69.08,66.52
25.62,25.62,50.66,70.80,67.12
27.17,27.17,47.92,71.71,65.02
26.65,26.65,47.39,69.90,68.67
26.86,26.86,47.78,70.14,68.38
27.57,27.57,47.30,72.13,66.98
28.30,28.30,45.95,67.53,67.87
29.06,29.06,45.32,70.41,64.38
30.56,30.56,46.11,71.38,64.47
31.27,31.27,46.89,69.16,64.98
32.16,32.16,45.57,70.14,64.39
31.28,31.28,46.10,70.65,65.48
32.96,32.96,45.67,70.72,64.90
32.71,32.71,46.30,70.90,65.42
28.92,28.92,50.32,70.38,64.73
23.59,23.59,56.38,71.84,60.87
21.24,21.24,64.53,70.89,60.65
20.83,20.83,71.02,68.72,59.62
21.90,21.90,75.43,68.69,56.93
25.84,25.84,74.55,66.60,61.65
30.26,30.26,72.41,62.84,61.21
33.14,33.14,69.88,69.73,64.24
32.85,32.85,60.51,68.04,65.54
32.79,32.79,48.95,69.30,62.21
32.96,32.96,44.36,71.47,67.08
33.51,33.51,43.91,67.57,69.27
32.35,32.35,42.14,70.93,69.14
34.10,34.10,42.78,69.82,67.23
35.94,35.94,42.08,69.76,67.66
35.90,35.90,42.02,70.40,65.68
34.63,34.63,41.55,69.40,63.24
34.32,34.32,41.59,69.98,65.73
36.02,36.02,39.63,70.32,64.85
37.43,37.43,40.41,69.07,65.89
38.98,38.98,41.45,70.92,68.88
36.52,36.52,44.65,69.64,67.49
30.90,30.90,48.61,67.64,64.85
26.03,26.03,57.43,70.37,67.72
17.67,17.67,63.38,66.55,65.60
17.13,17.13,62.07,67.23,66.50
21.20,21.20,61.86,70.06,68.19
19.68,19.68,59.12,66.87,66.08
22.19,22.19,57.29,68.99,65.08
26.90,26.90,55.67,69.41,64.50
28.03,28.03,52.81,67.73,67.76
26.53,26.53,49.99,69.70,67.82
25.91,25.91,50.25,68.19,65.08
28.41,28.41,49.25,67.94,64.76
29.44,29.44,48.61,70.45,63.46
27.99,27.99,46.95,67.74,63.22
26.19,26.19,48.39,70.21,63.04
25.60,25.60,54.21,69.96,64.97
25.24,25.24,66.83,66.17,64.44
25.70,25.70,73.81,66.22,62.51
27.67,27.67,75.85,62.24,58.12
29.39,29.39,75.29,63.59,59.94
32.19,32.19,67.66,65.09,67.27
33.52,33.52,56.18,66.60,65.28
33.92,33.92,48.33,67.38,66.11
35.91,35.91,43.56,70.56,67.00
31.24,31.24,48.66,65.76,70.19
21.00,21.00,55.27,69.42,70.26
20.78,20.78,67.07,67.97,61.92
17.75,17.75,68.91,65.39,56.56
15.73,15.73,69.38,68.78,57.13
16.93,16.93,68.97,64.50,56.58
19.73,19.73,65.07,66.58,58.78
23.71,23.71,63.78,68.55,60.30
23.53,23.53,56.03,65.07,66.95
25.05,25.05,52.46,68.68,65.84
27.63,27.63,49.01,68.18,62.67
28.17,28.17,46.05,66.22,65.43
28.39,28.39,45.08,70.36,64.78
29.21,29.21,44.43,68.60,66.75
31.31,31.31,43.21,66.74,67.28
30.23,30.23,41.94,70.58,66.83
30.38,30.38,42.19,66.59,65.29
30.92,30.92,40.95,69.17,65.82
32.49,32.49,41.73,70.77,62.43
33.23,33.23,41.54,66.63,64.16
31.85,31.85,38.82,69.41,65.40
34.76,34.76,39.99,68.97,65.99
35.35,35.35,40.59,67.67,65.89
32.84,32.84,45.43,70.39,66.99
25.88,25.88,51.02,67.39,64.57
22.51,22.51,63.19,60.78,64.21
29.00,29.00,65.45,62.98,64.59
32.06,32.06,63.80,55.97,64.16
29.50,29.50,60.13,55.26,63.66
24.06,24.06,56.23,53.90,61.30
24.73,24.73,52.69,49.52,65.81
26.65,26.65,48.99,36.42,65.98
29.07,29.07,48.17,33.23,65.95
29.92,29.92,48.15,26.32,66.90
31.11,31.11,45.87,17.31,65.90
33.26,33.26,45.91,13.34,64.17
31.07,31.07,45.87,9.64,67.25
29.53,29.53,52.29,8.69,66.74
27.78,27.78,65.79,3.36,63.70
28.52,28.52,74.39,0.87,61.25
29.46,29.46,76.00,14.38,61.92
31.47,31.47,76.62,17.95,60.13
32.39,32.39,73.15,13.06,64.20
35.90,35.90,58.52,18.70,65.59
36.13,36.13,49.31,29.26,68.69
36.27,36.27,48.30,24.68,69.51
32.37,32.37,47.55,28.06,62.69
23.26,23.26,53.96,29.59,66.19
20.89,20.89,66.55,18.13,61.19
16.19,16.19,72.21,20.90,59.07
14.58,14.58,69.47,27.22,58.60
14.05,14.05,69.12,28.80,57.32
14.49,14.49,65.90,24.73,58.99
17.81,17.81,60.14,31.50,59.59
22.91,22.91,56.64,30.78,62.63
26.30,26.30,54.34,29.87,61.88
29.18,29.18,52.58,34.24,62.41
29.31,29.31,52.39,33.94,61.84
31.19,31.19,48.60,32.16,63.59
32.37,32.37,45.80,32.32,65.73
32.65,32.65,43.24,31.29,65.19
33.39,33.39,42.41,26.75,64.99
33.25,33.25,42.02,23.94,64.61
33.46,33.46,43.36,29.18,63.07
35.50,35.50,43.75,27.45,64.62
36.93,36.93,42.71,23.43,64.32
35.29,35.29,45.09,29.96,65.22
38.02,38.02,42.34,29.45,66.72
38.30,38.30,43.04,28.07,67.05
34.84,34.84,41.83,34.28,62.49
29.42,29.42,49.47,40.49,60.01
17.96,17.96,60.93,52.08,56.49
12.95,12.95,71.20,62.16,58.29
12.04,12.04,75.84,57.86,58.88
16.87,16.87,76.24,55.31,58.54
17.74,17.74,70.63,50.71,64.13
18.36,18.36,72.40,59.59,61.40
21.57,21.57,69.04,63.20,61.58
22.10,22.10,56.74,63.73,62.43
23.22,23.22,51.96,65.15,63.29
23.35,23.35,47.74,66.62,62.36
24.68,24.68,43.62,66.15,61.94
25.31,25.31,44.18,65.36,61.90
27.04,27.04,43.28,67.67,61.74
26.65,26.65,41.95,67.10,61.67
26.73,26.73,41.27,66.73,62.64
27.30,27.30,38.91,65.02,64.10
27.66,27.66,36.84,66.57,66.71
27.37,27.37,35.73,63.96,63.55
27.49,27.49,36.24,65.20,63.79
29.27,29.27,36.46,64.04,65.96
28.56,28.56,37.15,65.03,68.65
25.09,25.09,45.15,62.52,68.05
17.22,17.22,52.22,60.57,67.14
17.72,17.72,63.11,59.39,63.32
10.68,10.68,73.21,55.82,62.62
15.79,15.79,74.88,54.67,58.11
19.10,19.10,73.99,52.58,58.87
20.66,20.66,73.07,48.45,60.01
21.32,21.32,71.01,57.93,61.77
23.34,23.34,56.36,56.93,63.06
24.80,24.80,44.98,59.70,64.53
25.56,25.56,41.40,56.85,63.93
27.94,27.94,42.46,61.22,66.13
27.36,27.36,39.45,61.29,65.10
26.73,26.73,40.05,60.41,63.50
28.03,28.03,40.02,58.70,63.17
29.12,29.12,39.35,63.79,64.51
31.44,31.44,41.10,62.45,64.68
29.14,29.14,39.04,62.97,65.56
28.14,28.14,36.94,62.62,64.60
28.01,28.01,36.52,64.69,65.40
28.96,28.96,37.65,64.07,64.32
29.92,29.92,37.23,62.78,63.70
29.22,29.22,42.03,66.33,64.11
24.73,24.73,49.09,66.21,66.06
18.74,18.74,59.35,63.57,65.65
14.34,14.34,72.06,58.09,60.36
10.89,10.89,70.06,63.88,60.27
10.41,10.41,70.25,67.42,60.56
13.92,13.92,66.47,57.97,62.30
13.72,13.72,59.78,62.68,63.04
15.11,15.11,57.08,61.78,60.83
18.18,18.18,55.10,66.91,61.94
21.24,21.24,50.98,64.03,64.90
22.99,22.99,48.20,65.76,68.58
22.53,22.53,45.99,66.27,67.25
23.69,23.69,44.02,66.81,68.11
23.71,23.71,42.89,64.35,68.13
23.58,23.58,43.84,67.38,66.52
24.13,24.13,45.91,69.62,63.53
24.44,24.44,44.58,66.87,63.29
26.07,26.07,44.11,66.01,62.87
26.74,26.74,43.32,66.41,61.05
26.10,26.10,42.88,70.16,65.86
26.87,26.87,42.46,66.99,68.74
27.74,27.74,42.07,67.20,66.18
29.52,29.52,42.23,68.66,64.66
27.14,27.14,44.87,69.31,64.68
24.30,24.30,50.79,65.41,63.02
19.25,19.25,63.64,63.73,62.84
15.90,15.90,72.63,67.10,60.68
18.69,18.69,73.86,63.67,61.07
17.52,17.52,71.99,63.41,59.06
15.16,15.16,64.78,66.07,62.16
14.82,14.82,66.20,68.10,62.91
14.22,14.22,66.53,66.68,61.47
15.23,15.23,62.44,64.39,61.25
15.83,15.83,59.63,65.23,62.98
18.63,18.63,59.50,68.50,62.06
19.97,19.97,58.65,65.40,64.40
16.91,16.91,58.47,64.98,63.91
20.28,20.28,58.09,69.82,66.58
20.88,20.88,58.20,66.97,66.78
20.05,20.05,58.29,63.30,66.97
21.03,21.03,58.27,64.60,63.89
23.90,23.90,57.23,70.97,65.15
23.56,23.56,58.57,65.06,66.26
24.15,24.15,56.10,64.13,63.18
23.86,23.86,54.95,65.54,65.64
23.95,23.95,53.52,69.49,66.29
23.46,23.46,50.71,64.05,62.77
21.94,21.94,52.65,64.19,62.62
19.64,19.64,64.06,67.16,63.01
14.47,14.47,62.65,66.96,62.93
16.54,16.54,59.61,64.75,64.87
16.86,16.86,58.67,64.22,64.71
15.86,15.86,56.24,69.28,65.70
16.61,16.61,54.04,65.04,64.93
20.05,20.05,54.95,63.02,64.92
21.82,21.82,52.90,65.57,65.76
23.97,23.97,51.98,69.11,64.83
26.16,26.16,51.65,64.30,65.52
26.66,26.66,51.47,65.53,65.05
26.04,26.04,50.38,66.57,65.93
28.16,28.16,51.66,68.91,65.33
26.36,26.36,51.32,65.13,64.56
27.28,27.28,51.22,65.23,65.23
26.42,26.42,52.17,67.96,64.48
27.02,27.02,52.01,68.24,65.35
27.08,27.08,51.92,64.75,66.66
26.73,26.73,52.56,65.07,66.14
26.36,26.36,53.36,67.99,65.44
28.93,28.93,53.25,67.47,65.02
28.94,28.94,51.98,64.83,65.15
28.53,28.53,54.04,64.65,64.47
25.30,25.30,55.26,67.67,64.64
21.23,21.23,58.28,64.70,66.02
20.63,20.63,66.02,63.05,62.78
19.36,19.36,74.31,60.73,60.78
24.08,24.08,74.32,61.28,60.27
24.69,24.69,72.67,55.40,61.38
25.69,25.69,65.14,61.67,63.26
26.55,26.55,60.76,62.90,64.06
27.57,27.57,56.31,61.89,65.55
27.43,27.43,55.48,61.38,65.71
27.72,27.72,54.91,56.58,67.18
27.69,27.69,55.49,64.79,67.14
24.45,24.45,56.96,61.56,65.02
25.10,25.10,60.68,60.79,66.38
25.36,25.36,70.40,56.24,64.67
24.42,24.42,74.41,60.86,62.55
25.21,25.21,74.07,59.40,60.63
28.63,28.63,72.29,57.10,63.10
30.56,30.56,64.21,55.26,62.66
26.68,26.68,59.79,61.52,66.08
26.03,26.03,57.78,57.62,65.79
30.07,30.07,58.13,58.38,65.67
21.59,21.59,60.36,61.61,62.60
16.80,16.80,63.14,60.02,57.76
13.12,13.12,71.69,58.01,49.53
10.59,10.59,69.37,52.15,45.65
13.06,13.06,69.41,51.07,45.02
17.36,17.36,65.81,49.12,41.88
15.99,15.99,63.04,40.41,40.05
17.47,17.47,57.00,29.41,40.02
19.54,19.54,54.67,30.44,37.62
21.06,21.06,50.01,32.07,35.07
23.76,23.76,47.93,29.42,36.44
26.36,26.36,47.42,33.77,34.74
26.08,26.08,42.97,26.63,30.95
25.81,25.81,40.02,27.18,29.41
25.63,25.63,37.71,27.99,28.40
23.98,23.98,34.81,24.55,29.24
22.30,22.30,34.86,24.61,26.62
22.51,22.51,34.13,27.06,25.62
20.12,20.12,31.20,20.87,21.13
18.34,18.34,24.80,15.10,21.40
16.20,16.20,29.61,21.27,22.16
13.39,13.39,32.67,22.91,19.99
11.69,11.69,29.84,19.86,20.81
11.05,11.05,18.75,13.37,17.86
11.34,11.34,24.58,17.11,18.11
8.82,8.82,29.05,16.64,19.32
9.48,9.48,25.48,14.65,17.95
11.58,11.58,15.57,12.09,16.00
9.64,9.64,19.79,12.45,14.55
11.36,11.36,22.52,12.68,19.13
12.53,12.53,15.99,10.81,18.94
11.12,11.12,15.18,12.75,20.73
9.45,9.45,15.78,11.02,17.87
10.27,10.27,14.59,11.54,16.45
10.83,10.83,15.01,12.58,18.33
10.78,10.78,15.56,12.15,17.28
10.30,10.30,13.14,11.36,16.37
13.14,13.14,15.16,9.26,17.71
11.87,11.87,13.95,11.71,16.44
12.53,12.53,15.91,13.18,17.88
12.78,12.78,15.21,10.64,18.58
9.85,9.85,11.84,7.76,17.38
10.51,10.51,11.09,9.48,17.52
9.60,9.60,10.96,10.34,17.95
13.24,13.24,14.73,12.31,19.52
12.04,12.04,26.85,23.37,21.45
15.54,15.54,40.67,38.50,35.52
19.60,19.60,66.99,45.05,50.52
15.68,15.68,72.07,51.90,55.32
21.20,21.20,71.23,66.00,56.82
22.40,22.40,69.70,66.25,57.55
20.77,20.77,70.21,66.91,57.44
18.55,18.55,66.92,68.19,60.74
19.76,19.76,59.07,67.89,61.37
19.34,19.34,53.83,65.87,60.88
20.40,20.40,55.09,67.43,63.55
19.71,19.71,53.58,66.04,63.01
20.42,20.42,52.54,66.83,63.21
20.73,20.73,51.65,66.36,61.41
20.98,20.98,51.50,66.66,63.72
23.12,23.12,52.99,68.47,62.39
22.96,22.96,52.69,68.58,63.49
24.09,24.09,51.31,68.02,63.21
25.07,25.07,49.79,67.81,64.20
24.03,24.03,48.44,68.07,63.98
24.21,24.21,51.40,67.73,60.83
26.02,26.02,50.79,68.23,62.41
26.15,26.15,49.65,69.42,63.54
25.82,25.82,48.69,68.58,64.28
24.37,24.37,48.92,68.24,65.91
22.59,22.59,54.08,68.20,63.17
21.58,21.58,63.70,66.99,59.21
24.32,24.32,71.29,66.72,57.35
27.42,27.42,70.77,65.63,57.62
31.79,31.79,71.46,63.99,59.43
27.47,27.47,63.20,61.92,59.93
26.96,26.96,59.58,64.66,61.11
30.50,30.50,51.99,66.88,64.14
28.40,28.40,50.17,67.59,61.82
28.13,28.13,48.08,69.78,62.25
28.22,28.22,47.07,68.99,63.10
30.58,30.58,46.85,68.42,64.26
31.72,31.72,47.40,69.00,63.46
32.49,32.49,47.24,68.49,60.72
32.00,32.00,46.57,69.08,63.00
32.99,32.99,45.70,70.56,63.32
33.73,33.73,46.14,69.69,61.84
33.66,33.66,44.45,68.75,62.90
34.51,34.51,45.62,68.34,62.71
35.77,35.77,45.60,68.29,61.10
33.15,33.15,45.05,68.20,62.44
30.84,30.84,48.45,69.70,60.48
26.85,26.85,53.41,68.62,57.43
19.74,19.74,66.14,66.98,56.16
23.27,23.27,66.44,63.86,53.73
30.19,30.19,65.31,64.08,54.52
26.60,26.60,63.46,65.58,54.60
19.93,19.93,62.02,67.26,55.28
18.99,18.99,58.00,68.02,55.96
21.07,21.07,54.18,67.79,57.67
23.62,23.62,51.59,67.65,59.98
23.97,23.97,50.13,67.72,60.07
24.91,24.91,48.44,67.89,60.12
25.82,25.82,48.19,69.53,62.59
26.37,26.37,46.96,68.01,65.34
26.65,26.65,46.39,67.26,64.33
26.88,26.88,46.30,67.52,63.60
25.55,25.55,47.03,67.41,63.48
26.73,26.73,47.06,67.93,62.94
28.00,28.00,46.59,69.33,60.04
28.37,28.37,46.09,68.20,58.96
30.20,30.20,46.41,67.21,57.50
31.66,31.66,46.43,67.23,56.52
30.91,30.91,44.74,67.25,61.52
30.91,30.91,45.31,67.78,64.10
28.20,28.20,49.02,68.32,61.65
24.49,24.49,53.51,66.41,60.75
23.49,23.49,63.21,64.96,58.68
22.84,22.84,70.53,64.39,56.09
24.17,24.17,70.24,64.10,55.82
26.50,26.50,65.84,62.36,57.61
26.02,26.02,65.27,61.75,60.19
28.02,28.02,52.73,60.84,60.88
29.57,29.57,50.26,59.86,58.95
29.53,29.53,48.84,63.88,59.27
30.94,30.94,45.34,65.93,59.92
32.29,32.29,44.83,66.72,59.49
31.51,31.51,42.92,67.23,57.58
32.00,32.00,43.06,65.78,59.89
34.77,34.77,42.12,65.42,60.19
34.63,34.63,41.76,65.67,59.09
34.57,34.57,40.92,65.39,57.89
34.17,34.17,40.79,65.68,60.71
34.80,34.80,40.24,66.72,61.53
35.26,35.26,40.23,65.62,61.68
36.54,36.54,40.49,64.43,58.37
36.62,36.62,39.22,64.04,60.96
38.40,38.40,40.27,64.46,61.29
38.19,38.19,44.49,63.51,61.82
31.45,31.45,49.17,60.48,56.95
24.50,24.50,56.08,54.97,57.29
19.34,19.34,64.99,61.01,59.23
18.40,18.40,70.25,57.23,57.44
22.94,22.94,70.49,58.43,54.50
25.32,25.32,67.07,58.20,54.09
25.65,25.65,66.42,60.50,57.43
24.92,24.92,60.90,58.73,60.66
26.56,26.56,55.05,61.38,58.04
27.21,27.21,44.96,60.76,60.13
28.06,28.06,44.33,56.56,59.99
28.90,28.90,42.48,63.27,63.79
28.49,28.49,42.30,60.91,62.43
29.71,29.71,41.58,59.41,62.01
30.39,30.39,41.77,64.70,62.79
30.05,30.05,39.87,58.05,62.87
31.16,31.16,40.96,60.44,60.38
31.43,31.43,40.10,62.80,60.73
31.95,31.95,41.55,60.80,59.73
31.13,31.13,40.97,62.84,62.08
33.52,33.52,40.37,62.02,60.16
33.90,33.90,42.02,61.60,58.97
31.05,31.05,45.09,62.96,63.67
25.16,25.16,50.10,61.28,58.98
24.93,24.93,57.66,61.74,58.91
22.51,22.51,65.59,59.67,56.27
24.72,24.72,68.47,58.80,54.83
30.66,30.66,66.74,60.99,58.74
31.84,31.84,67.88,57.37,61.28
29.74,29.74,63.72,59.23,59.17
30.88,30.88,49.45,59.16,59.72
31.74,31.74,42.64,57.61,58.71
33.95,33.95,43.71,62.78,58.08
34.83,34.83,41.60,61.40,58.52
35.29,35.29,41.22,61.45,62.80
35.11,35.11,40.66,62.73,59.11
36.09,36.09,41.53,62.91,57.39
36.95,36.95,41.21,60.15,61.43
36.40,36.40,39.83,63.09,59.65
37.77,37.77,40.87,63.26,56.67
35.91,35.91,40.40,57.37,57.96
36.71,36.71,39.96,60.45,59.35
36.85,36.85,39.39,64.64,59.16
38.28,38.28,40.39,56.32,58.10
37.49,37.49,42.96,57.56,60.21
34.82,34.82,49.78,63.91,58.64
25.65,25.65,56.53,56.48,58.07
20.34,20.34,64.37,57.82,54.79
18.16,18.16,63.31,57.30,53.35
18.99,18.99,62.07,57.79,53.02
21.09,21.09,59.42,55.69,54.43
24.96,24.96,56.27,60.58,55.60
24.29,24.29,52.47,58.77,58.18
26.97,26.97,50.06,58.18,55.89
27.39,27.39,47.69,62.10,59.12
31.37,31.37,46.76,60.90,58.99
31.96,31.96,46.03,58.87,61.89
31.82,31.82,43.21,61.44,62.13
32.82,32.82,41.75,61.89,58.65
33.79,33.79,42.51,58.88,58.59
33.20,33.20,41.11,60.35,57.70
34.62,34.62,42.12,63.71,57.80
35.75,35.75,40.90,58.52,55.11
34.90,34.90,40.28,60.21,57.40
34.74,34.74,39.30,62.78,55.01
36.44,36.44,39.75,58.63,58.32
37.79,37.79,40.99,60.58,58.21
39.22,39.22,41.41,63.44,57.15
36.09,36.09,44.38,58.55,54.24
30.93,30.93,50.39,55.93,52.59
27.59,27.59,59.59,59.65,52.57
23.94,23.94,66.90,52.99,53.39
25.32,25.32,66.86,52.03,51.74
31.30,31.30,65.14,56.17,52.04
36.72,36.72,59.41,59.25,53.37
34.33,34.33,60.05,54.57,58.08
28.72,28.72,57.11,55.40,58.17
26.61,26.61,55.11,58.06,57.64
27.91,27.91,51.49,53.67,61.19
28.78,28.78,51.81,56.96,62.48
27.85,27.85,51.31,60.13,59.25
31.84,31.84,49.41,55.10,58.63
30.57,30.57,50.14,53.96,58.78
29.73,29.73,50.28,61.62,55.14
31.06,31.06,49.84,53.64,58.71
33.06,33.06,49.00,57.06,57.01
32.75,32.75,49.24,60.54,58.08
32.45,32.45,47.91,56.30,57.73
30.84,30.84,46.67,56.68,61.10
34.70,34.70,45.29,60.93,57.47
37.49,37.49,45.35,56.68,58.08
34.43,34.43,45.61,58.46,58.47
28.47,28.47,47.97,59.22,57.49
26.65,26.65,57.55,58.72,54.10
30.68,30.68,57.56,55.88,53.85
26.94,26.94,54.33,57.69,55.12
24.48,24.48,51.74,59.29,55.44
29.35,29.35,53.46,55.40,54.02
30.46,30.46,49.00,58.51,57.06
29.42,29.42,44.82,58.25,58.26
30.84,30.84,43.57,55.42,53.67
31.07,31.07,43.09,56.08,54.83
31.36,31.36,41.45,60.04,57.74
31.43,31.43,39.57,56.30,56.33
32.65,32.65,38.80,58.97,58.21
33.53,33.53,38.71,60.00,56.00
32.68,32.68,38.31,57.59,55.46
33.72,33.72,40.88,57.71,57.51
33.22,33.22,45.75,60.00,54.07
32.79,32.79,47.27,56.07,57.73
32.72,32.72,43.25,56.56,56.82
32.44,32.44,40.58,59.29,55.47
32.79,32.79,37.51,58.98,57.29
34.59,34.59,37.99,57.86,57.43
35.17,35.17,38.21,58.94,58.27
33.14,33.14,38.41,59.73,56.37
31.79,31.79,45.43,56.61,53.39
29.87,29.87,48.96,59.68,55.07
26.54,26.54,58.44,56.69,54.93
27.32,27.32,65.99,55.05,51.63
31.64,31.64,64.86,51.77,50.21
32.16,32.16,64.34,54.53,52.22
30.82,30.82,55.62,51.37,54.69
31.59,31.59,45.37,55.44,53.76
32.02,32.02,47.04,56.88,53.37
32.10,32.10,40.82,58.20,54.85
33.05,33.05,42.00,59.27,56.91
33.00,33.00,37.45,57.31,55.84
30.68,30.68,39.84,58.87,55.44
33.76,33.76,48.74,57.57,56.29
30.77,30.77,62.08,54.70,52.82
32.49,32.49,65.09,55.07,51.26
33.22,33.22,66.44,51.18,47.59
32.65,32.65,65.06,51.27,51.30
32.74,32.74,60.42,52.17,50.04
32.90,32.90,48.91,52.83,51.13
33.79,33.79,47.10,58.56,53.69
31.51,31.51,42.18,56.93,53.23
26.30,26.30,46.77,56.36,51.13
22.28,22.28,52.26,56.19,51.51
21.40,21.40,61.29,46.93,52.18
19.29,19.29,59.83,39.61,50.84
20.34,20.34,60.04,41.29,49.13
22.83,22.83,55.92,41.98,50.03
24.42,24.42,52.31,33.32,49.95
26.78,26.78,46.52,38.27,50.35
25.88,25.88,43.46,33.60,52.61
25.49,25.49,42.24,29.16,55.01
25.55,25.55,38.34,29.16,55.35
26.17,26.17,37.24,31.53,54.37
26.69,26.69,34.24,31.04,56.13
27.26,27.26,34.20,27.71,55.47
27.84,27.84,32.18,30.24,55.32
27.23,27.23,33.58,29.32,56.47
28.24,28.24,31.45,32.48,56.65
28.06,28.06,30.85,34.89,54.96
28.14,28.14,29.50,32.15,53.15
27.41,27.41,29.36,31.25,54.06
26.97,26.97,29.31,31.70,54.59
27.05,27.05,30.08,34.60,52.90
27.03,27.03,33.71,34.85,56.14
23.03,23.03,34.55,31.58,56.15
20.01,20.01,37.96,32.89,53.98
22.33,22.33,51.00,33.35,54.96
19.45,19.45,50.12,33.93,55.49
20.27,20.27,48.22,32.71,54.26
23.85,23.85,44.61,36.82,54.78
23.12,23.12,42.48,30.13,54.47
23.74,23.74,39.08,33.84,54.27
21.93,21.93,35.37,30.32,52.92
22.74,22.74,35.65,33.27,54.85
22.27,22.27,32.04,29.61,54.03
22.76,22.76,31.45,31.96,54.61
24.07,24.07,31.58,28.75,54.24
22.89,22.89,30.32,24.99,57.12
23.28,23.28,31.70,22.51,55.33
22.65,22.65,37.28,28.30,53.35
20.62,20.62,55.06,34.56,54.12
20.69,20.69,63.39,25.87,53.75
23.37,23.37,64.14,27.54,52.33
23.30,23.30,57.23,25.89,54.63
23.40,23.40,46.75,33.18,55.14
25.78,25.78,41.96,32.26,54.19
25.87,25.87,35.49,26.97,53.04
28.91,28.91,38.00,29.65,54.81
29.06,29.06,49.70,31.66,54.77
29.22,29.22,62.77,33.72,48.58
26.52,26.52,63.50,34.71,46.23
29.25,29.25,55.32,36.37,46.64
28.94,28.94,58.67,41.32,48.21
27.12,27.12,60.25,39.40,46.93
26.93,26.93,57.68,42.89,46.23
27.07,27.07,54.02,41.73,45.65
28.95,28.95,49.43,37.49,46.20
28.73,28.73,51.37,42.58,45.82
26.98,26.98,50.72,39.34,45.78
28.58,28.58,50.50,42.21,47.27
27.20,27.20,50.84,38.53,46.41
27.04,27.04,51.07,42.31,46.38
26.86,26.86,50.86,39.21,46.95
27.02,27.02,49.44,40.24,47.72
28.24,28.24,50.35,40.22,49.19
30.12,30.12,50.14,39.19,49.38
28.56,28.56,49.17,39.37,49.42
27.23,27.23,50.38,40.96,47.00
25.28,25.28,50.02,42.94,48.91
26.80,26.80,50.33,39.23,50.44
26.34,26.34,48.96,40.75,50.65
27.57,27.57,50.21,39.99,50.78
28.91,28.91,54.66,42.36,48.92
25.00,25.00,59.18,38.59,46.53
28.88,28.88,60.72,37.71,44.97
27.60,27.60,56.16,39.78,44.27
28.80,28.80,53.50,38.86,45.19
27.98,27.98,54.36,46.31,42.28
27.96,27.96,52.25,41.52,42.72
30.14,30.14,53.79,46.05,43.21
28.51,28.51,49.69,45.77,43.34
28.74,28.74,50.52,46.24,43.52
28.88,28.88,50.71,49.03,45.60
28.69,28.69,51.37,48.43,43.35
28.58,28.58,49.25,49.75,39.58
30.60,30.60,48.84,47.80,41.44
28.49,28.49,50.23,47.81,42.31
29.73,29.73,50.73,50.03,44.32
29.41,29.41,50.69,50.64,44.23
30.89,30.89,49.09,47.52,42.45
28.90,28.90,49.45,48.80,42.82
27.99,27.99,50.83,48.41,41.44
29.56,29.56,48.82,49.57,41.80
28.46,28.46,49.63,46.42,43.10
29.00,29.00,52.63,48.24,46.70
27.36,27.36,53.16,45.60,44.83
25.18,25.18,53.22,45.73,37.76
27.62,27.62,53.95,45.54,36.71
27.76,27.76,52.14,50.95,37.10
28.64,28.64,48.87,47.42,39.69
29.49,29.49,46.83,46.18,38.88
28.38,28.38,46.44,46.80,40.69
28.62,28.62,47.89,48.63,43.35
30.10,30.10,47.10,47.38,48.78
30.16,30.16,47.06,44.91,49.80
29.95,29.95,48.70,48.03,46.98
29.82,29.82,47.77,47.96,48.58
30.65,30.65,46.06,43.10,48.98
30.19,30.19,45.33,42.55,46.33
29.63,29.63,47.49,47.73,43.25
30.91,30.91,47.53,47.27,41.42
31.24,31.24,44.43,44.11,40.98
30.63,30.63,45.36,43.23,43.86
30.57,30.57,48.76,47.81,48.94
32.34,32.34,46.91,44.66,49.18
31.48,31.48,44.38,41.96,43.61
31.99,31.99,46.43,42.21,42.47
31.29,31.29,46.20,46.28,40.97
29.05,29.05,51.49,49.81,40.81
28.90,28.90,56.97,50.57,38.42
29.85,29.85,54.06,48.99,38.89
30.10,30.10,50.82,46.96,38.92
29.96,29.96,48.72,50.62,40.53
30.05,30.05,48.37,50.44,41.99
29.83,29.83,48.56,45.41,42.40
29.62,29.62,46.54,39.63,40.05
29.37,29.37,45.94,41.50,42.34
27.90,27.90,46.73,41.80,43.02
29.39,29.39,46.49,43.24,42.95
28.87,28.87,45.37,42.03,41.27
29.36,29.36,45.00,40.75,43.05
28.60,28.60,46.37,40.62,43.10
29.79,29.79,47.07,42.59,43.58
30.15,30.15,45.34,38.16,43.88
29.06,29.06,45.20,39.49,43.53
29.93,29.93,47.09,39.45,45.33
28.97,28.97,44.12,37.72,42.88
29.35,29.35,44.17,36.89,42.54
28.75,28.75,44.79,38.18,43.65
28.53,28.53,45.52,37.07,41.91
28.23,28.23,45.76,36.99,40.34
29.28,29.28,48.17,39.68,39.02
27.10,27.10,47.18,39.73,38.45
29.88,29.88,45.59,39.01,39.82
29.36,29.36,44.52,36.02,36.36
29.97,29.97,43.40,40.51,38.42
30.71,30.71,45.20,39.07,38.86
27.84,27.84,43.95,40.09,38.69
28.65,28.65,43.06,38.65,38.78
29.70,29.70,41.41,38.86,37.05
28.92,28.92,42.38,38.79,38.36
29.17,29.17,43.13,37.93,39.57
29.14,29.14,42.66,36.61,39.21
29.84,29.84,41.98,34.97,37.11
30.16,30.16,46.41,38.87,38.89
29.53,29.53,46.69,40.63,38.07
29.46,29.46,43.47,38.55,39.78
28.47,28.47,41.58,33.12,38.86
28.64,28.64,43.61,35.77,40.82
28.58,28.58,41.76,36.43,39.10
31.61,31.61,42.21,35.20,40.71
29.00,29.00,42.67,36.21,40.35
29.86,29.86,43.97,36.83,38.86
30.02,30.02,42.14,35.79,39.96
29.17,29.17,43.16,37.22,38.76
30.21,30.21,46.27,47.72,38.25
30.75,30.75,45.46,53.39,35.11
25.16,25.16,50.42,51.67,31.11
30.12,30.12,45.41,43.40,35.96
29.09,29.09,41.18,32.51,35.25
28.37,28.37,42.61,34.21,35.33
27.92,27.92,39.96,29.61,35.04
28.63,28.63,44.22,35.27,34.88
27.52,27.52,45.27,33.26,37.44
28.75,28.75,43.01,31.62,37.48
27.99,27.99,42.92,33.32,37.79
29.79,29.79,42.61,39.64,38.13
29.63,29.63,42.83,44.50,39.82
28.23,28.23,38.81,53.70,35.22
25.99,25.99,42.62,52.28,34.12
26.18,26.18,47.02,46.47,35.11
28.04,28.04,44.59,42.30,34.90
28.79,28.79,45.77,42.44,34.99
28.50,28.50,43.92,34.46,35.07
30.17,30.17,42.24,33.71,37.00
27.58,27.58,39.96,29.36,36.29
29.16,29.16,42.91,34.25,37.70
30.28,30.28,46.79,41.94,36.95
29.13,29.13,44.77,36.82,35.34
29.31,29.31,45.42,37.49,36.28
28.20,28.20,44.63,35.96,35.68
28.01,28.01,41.46,33.54,34.31
28.10,28.10,40.23,30.66,32.87
28.06,28.06,39.18,29.24,32.64
27.53,27.53,41.15,27.94,33.12
29.12,29.12,41.55,27.75,33.98
26.78,26.78,38.90,26.52,33.86
28.36,28.36,40.37,27.29,34.07
29.48,29.48,40.54,26.83,33.55
27.34,27.34,41.13,30.24,32.72
28.26,28.26,38.38,28.07,33.13
29.34,29.34,41.47,39.23,33.51
29.09,29.09,45.80,45.83,34.69
27.66,27.66,46.38,48.72,32.77
27.35,27.35,41.80,43.67,33.89
27.92,27.92,42.23,34.23,35.22
28.46,28.46,45.04,36.75,32.39
29.05,29.05,40.98,29.13,31.53
29.78,29.78,37.71,30.25,32.69
30.17,30.17,40.62,33.42,31.91
29.74,29.74,41.10,28.92,30.95
30.21,30.21,40.80,26.96,30.92
28.88,28.88,40.53,28.92,30.89
29.65,29.65,40.30,33.46,30.12
30.60,30.60,40.60,30.55,31.28
29.68,29.68,38.36,27.96,31.21
30.51,30.51,40.35,28.37,35.32
27.00,27.00,38.38,26.27,34.71
27.23,27.23,38.21,27.39,34.66
28.87,28.87,38.27,25.40,35.83
27.78,27.78,37.07,25.80,32.73
28.50,28.50,33.86,22.55,29.64
27.86,27.86,33.67,20.57,31.12
29.38,29.38,37.56,22.87,37.40
28.01,28.01,36.46,23.50,36.40
25.79,25.79,40.54,35.44,32.49
27.02,27.02,45.33,34.76,32.25
28.22,28.22,43.89,35.82,31.85
26.17,26.17,38.60,27.85,31.08
27.32,27.32,33.54,21.61,29.67
28.54,28.54,33.48,21.81,29.17
26.67,26.67,35.18,27.89,28.35
27.86,27.86,34.66,26.22,28.00
28.15,28.15,40.50,41.59,33.82
26.05,26.05,37.59,48.67,31.81
25.48,25.48,36.65,49.29,36.61
26.92,26.92,38.70,37.80,37.16
26.72,26.72,43.20,43.90,33.51
27.84,27.84,42.77,40.53,32.38
26.41,26.41,38.43,33.24,30.61
26.59,26.59,35.31,30.17,29.43
26.07,26.07,34.98,30.74,29.37
25.79,25.79,36.94,30.16,29.84
26.36,26.36,37.56,29.62,29.28
25.14,25.14,35.65,29.30,29.09
25.06,25.06,36.02,30.67,31.24
25.15,25.15,37.08,30.32,30.36
24.67,24.67,37.51,30.63,31.08
25.89,25.89,36.95,29.03,31.08
24.36,24.36,36.82,26.89,31.99
26.89,26.89,37.16,30.12,32.61
25.84,25.84,35.27,29.12,30.26
24.25,24.25,35.43,26.80,30.90
25.06,25.06,37.34,28.79,32.11
27.39,27.39,37.62,27.48,32.82
26.57,26.57,37.23,27.62,32.65
26.26,26.26,36.43,27.90,31.26
26.78,26.78,39.25,33.74,32.40
23.71,23.71,36.95,42.56,29.54
23.97,23.97,38.62,43.91,29.46
25.16,25.16,35.94,38.04,34.40
25.44,25.44,39.09,39.09,35.98
26.23,26.23,38.31,35.45,32.34
26.17,26.17,37.38,30.63,29.37
24.90,24.90,36.98,29.97,31.28
26.05,26.05,36.09,25.97,30.28
23.86,23.86,35.97,29.18,30.20
26.48,26.48,37.11,27.98,31.30
25.03,25.03,36.74,27.08,31.19
26.03,26.03,36.47,29.39,29.59
24.79,24.79,38.39,31.41,28.48
24.92,24.92,37.16,28.57,28.75
23.89,23.89,37.92,29.69,31.11
24.47,24.47,36.38,28.46,31.70
24.28,24.28,36.67,29.10,33.52
23.27,23.27,35.72,28.01,31.32
23.51,23.51,36.73,27.78,31.58
22.42,22.42,37.66,28.89,30.70
21.68,21.68,36.73,27.59,29.12
26.65,26.65,37.29,28.16,31.11
26.00,26.00,37.98,33.90,29.28
25.58,25.58,39.46,31.22,32.37
26.21,26.21,37.99,27.71,28.99
25.88,25.88,36.51,30.49,26.25
22.38,22.38,34.78,22.87,26.05
20.40,20.40,35.24,26.55,25.50
21.55,21.55,35.12,25.87,27.61
20.07,20.07,34.19,25.97,25.77
18.98,18.98,35.21,27.22,27.80
21.31,21.31,35.64,25.24,27.09
23.47,23.47,35.77,27.10,28.41
25.92,25.92,35.77,25.71,28.07
25.08,25.08,35.26,26.49,27.53
24.80,24.80,34.85,23.57,28.07
23.60,23.60,35.82,24.89,27.40
21.88,21.88,35.77,26.10,26.21
21.00,21.00,35.37,25.03,27.30
21.94,21.94,35.31,26.01,24.04
19.34,19.34,34.57,24.58,25.15
20.23,20.23,34.79,23.97,27.34
24.13,24.13,34.46,26.65,27.59
23.70,23.70,33.97,25.91,26.59
22.06,22.06,34.83,29.40,25.94
21.27,21.27,37.93,37.05,22.07
20.52,20.52,39.73,37.56,23.02
19.97,19.97,31.12,28.37,24.38
20.51,20.51,36.32,25.45,18.86
20.89,20.89,28.16,25.47,20.12
23.27,23.27,32.42,26.63,26.91
23.45,23.45,32.52,29.52,27.30
21.46,21.46,33.39,25.80,27.26
21.17,21.17,31.29,25.87,27.18
22.06,22.06,30.72,24.24,26.60
20.87,20.87,31.80,24.21,23.29
20.18,20.18,32.08,23.56,23.42
21.55,21.55,31.26,23.55,24.63
20.80,20.80,31.34,24.55,24.44
20.04,20.04,30.85,23.18,22.37
17.12,17.12,31.42,23.74,24.40
17.91,17.91,30.93,22.55,27.11
20.71,20.71,31.61,23.23,28.20
19.85,19.85,30.16,21.86,25.78
17.32,17.32,31.92,23.09,25.14
17.27,17.27,30.71,22.54,26.34
18.78,18.78,32.33,21.56,26.53
23.26,23.26,28.46,13.58,23.64
20.96,20.96,31.08,30.10,25.35
16.99,16.99,36.91,32.88,21.85
17.23,17.23,34.32,30.36,21.46
18.12,18.12,33.97,26.84,27.52
19.66,19.66,31.32,22.77,19.74
19.62,19.62,24.74,21.29,20.15
19.96,19.96,32.86,30.69,27.51
20.99,20.99,28.81,23.28,22.94
19.20,19.20,26.30,22.83,21.81
20.49,20.49,30.32,22.44,21.14
21.14,21.14,28.86,22.52,22.23
20.65,20.65,27.71,18.53,24.20
19.22,19.22,29.61,21.43,20.63
19.69,19.69,30.09,21.68,20.76
22.52,22.52,28.75,17.62,21.74
18.97,18.97,26.71,17.12,21.15
18.97,18.97,29.98,21.16,22.69
18.06,18.06,26.51,17.35,21.17
20.05,20.05,27.88,17.32,22.34
18.94,18.94,29.15,19.50,22.93
18.26,18.26,25.75,17.73,19.49
19.59,19.59,26.73,19.13,22.29
20.52,20.52,28.75,21.46,21.91
17.15,17.15,28.49,22.63,20.92
15.29,15.29,33.34,27.68,25.43
14.33,14.33,31.92,30.29,24.88
15.34,15.34,31.64,26.80,26.31
17.22,17.22,25.79,17.75,19.82
15.68,15.68,26.15,18.27,19.39
14.89,14.89,27.45,19.52,19.93
15.23,15.23,27.91,21.24,21.42
16.31,16.31,24.52,16.69,18.68
15.23,15.23,27.52,19.77,19.24
14.99,14.99,25.58,18.09,19.50
15.97,15.97,26.10,16.24,20.55
14.29,14.29,26.66,17.48,20.72
14.62,14.62,23.50,15.83,19.70
14.95,14.95,25.65,16.93,19.39
14.51,14.51,26.22,18.65,18.92
15.08,15.08,23.31,16.55,15.99
13.61,13.61,24.80,16.72,18.86
12.02,12.02,24.89,16.04,18.56
11.86,11.86,26.12,14.44,19.42
12.05,12.05,24.34,15.08,20.58
11.84,11.84,23.99,14.84,19.43
14.32,14.32,24.95,17.62,20.10
17.79,17.79,25.71,21.87,18.25
16.50,16.50,25.55,16.72,17.87
15.09,15.09,23.90,18.67,18.80
14.47,14.47,20.96,15.21,15.08
13.55,13.55,20.34,16.03,16.75
11.15,11.15,22.32,14.19,16.75
14.88,14.88,19.98,12.89,15.58
14.75,14.75,22.17,15.97,15.41
14.41,14.41,20.78,15.39,16.35
11.35,11.35,20.57,13.59,14.35
17.12,17.12,23.43,16.46,17.74
12.04,12.04,19.62,13.99,16.52
11.78,11.78,21.92,13.89,16.70
12.13,12.13,20.45,11.76,16.25
10.36,10.36,18.28,12.34,14.06
8.93,8.93,22.22,13.91,15.41
11.01,11.01,18.49,10.31,15.09
9.54,9.54,17.48,9.24,13.18
9.17,9.17,21.32,12.47,14.54
10.57,10.57,16.39,8.39,12.46
10.37,10.37,18.77,8.99,12.51
10.50,10.50,18.36,11.65,12.93
10.29,10.29,16.10,9.75,11.38
6.69,6.69,24.09,21.20,9.43
6.41,6.41,25.20,17.69,11.10
5.74,5.74,23.58,19.82,14.43
7.35,7.35,18.13,11.84,10.13
8.85,8.85,19.82,12.37,9.28
7.55,7.55,13.53,7.75,6.95
7.05,7.05,19.02,10.55,9.35
6.53,6.53,15.32,9.49,9.12
7.20,7.20,16.09,7.53,10.16
7.86,7.86,16.72,6.85,11.68
7.38,7.38,15.91,6.92,11.91
6.34,6.34,16.38,7.79,10.77
8.90,8.90,14.90,6.98,9.99
7.15,7.15,13.46,5.85,9.23
5.37,5.37,16.17,8.30,9.13
6.09,6.09,13.18,4.76,8.14
6.95,6.95,14.88,6.77,9.43
5.07,5.07,15.45,7.98,8.52
6.15,6.15,14.84,4.48,9.48
5.61,5.61,14.85,6.30,9.27
5.56,5.56,14.31,6.02,7.57
7.87,7.87,15.19,5.22,7.92
6.42,6.42,13.81,4.66,7.96
6.41,6.41,14.31,6.01,6.93
7.52,7.52,15.00,4.64,6.46
6.71,6.71,11.86,3.89,6.32
5.35,5.35,12.77,4.93,6.94
3.84,3.84,13.14,5.43,6.80
7.09,7.09,11.43,3.31,5.23
7.97,7.97,12.42,4.76,6.36
5.53,5.53,12.96,3.86,5.19
2.80,2.80,11.11,2.61,3.28
3.20,3.20,12.81,4.61,4.60
3.70,3.70,13.09,2.97,3.96
2.35,2.35,11.00,3.25,4.05
5.34,5.34,11.94,4.02,5.28
3.81,3.81,12.78,4.37,4.33
5.82,5.82,11.08,4.98,4.10
4.00,4.00,9.20,2.98,3.98
2.22,2.22,11.01,2.58,2.49
5.85,5.85,10.49,2.54,4.10
4.67,4.67,9.19,2.05,3.66
3.37,3.37,9.89,2.08,2.97
4.02,4.02,10.15,2.16,3.60
6.10,6.10,8.26,1.08,3.88
7.29,7.29,10.27,1.51,3.95
2.88,2.88,9.59,1.87,2.16
1.18,1.18,11.36,5.45,0.81
0.26,0.26,14.33,6.07,0.95
0.55,0.55,11.47,5.92,0.35
1.15,1.15,11.40,3.72,1.32
2.84,2.84,9.34,1.78,2.49
2.85,2.85,7.00,0.42,0.63
2.26,2.26,4.60,0.04,0.34
0.48,0.48,4.52,0.10,0.02
0.57,0.57,5.69,0.25,0.13
0.54,0.54,4.50,0.00,0.10
0.72,0.72,4.04,0.05,0.17
0.68,0.68,3.63,0.05,0.05
0.21,0.21,5.13,0.39,0.00
0.00,0.00,8.27,0.58,-0.00
-0.00,-0.00,8.58,0.48,-0.00
-0.00,-0.00,4.27,0.20,-0.00
-0.00,-0.00,4.00,-0.00,-0.00
-0.00,-0.00,1.48,-0.00,-0.00
-0.00,-0.00,1.93,-0.00,-0.00
-0.00,-0.00,0.00,-0.00,-0.00
-0.00,-0.00,0.11,-0.00,-0.00
-0.00,-0.00,-0.00,-0.00,-0.00
-0.00,-0.00,-0.00,-0.00,-0.00
-0.00,-0.00,-0.00,-0.00,-0.00
-0.00,-0.00,-0.00,-0.00,-0.00
-0.00,-0.00,-0.00,-0.00,-0.00
